<?xml version="1.0"?>
<gpx xmlns="http://www.topografix.com/GPX/1/1" xmlns:xsi="http://www.w3.org/2001/XMLSchema-instance" version="1.1" creator="AllTrails.com" xsi:schemaLocation="http://www.topografix.com/GPX/1/1 http://www.topografix.com/GPX/1/1/gpx.xsd">
  <metadata>
    <name><![CDATA[Press Expedition Traverse]]></name>
    <desc><![CDATA[]]></desc>
    <link href="http://www.alltrails.com">
      <text>AllTrails, LLC</text>
    </link>
    <bounds minlat="47.57587" minlon="-123.65389" maxlat="47.97219" maxlon="-123.44523"/>
  </metadata>
  <wpt lat="47.7245" lon="-123.55422">
    <name><![CDATA[Low Divide]]></name>
    <desc><![CDATA[Campsite #3
Ranger Station]]></desc>
  </wpt>
  <wpt lat="47.59965" lon="-123.61923">
    <name><![CDATA[Wolf Bar]]></name>
    <desc><![CDATA[Campsite]]></desc>
  </wpt>
  <wpt lat="47.6579" lon="-123.64258">
    <name><![CDATA[Trapper Shelter]]></name>
    <desc><![CDATA[Campsite #4]]></desc>
  </wpt>
  <wpt lat="47.87323" lon="-123.47197">
    <name><![CDATA[Elkhorn]]></name>
    <desc><![CDATA[Campsite]]></desc>
  </wpt>
  <wpt lat="47.90305" lon="-123.49456">
    <name><![CDATA[Mary's Falls]]></name>
    <desc><![CDATA[Campsite]]></desc>
  </wpt>
  <wpt lat="47.93274" lon="-123.52519">
    <name><![CDATA[Lillian Camp]]></name>
    <desc><![CDATA[Campsite #1]]></desc>
  </wpt>
  <wpt lat="47.94975" lon="-123.54683">
    <name><![CDATA[Humes Ranch]]></name>
    <desc><![CDATA[Explore]]></desc>
  </wpt>
  <wpt lat="47.88631" lon="-123.47964">
    <name><![CDATA[Canyon Camp]]></name>
    <desc><![CDATA[Campsite]]></desc>
  </wpt>
  <wpt lat="47.80933" lon="-123.45602">
    <name><![CDATA[Hayes River]]></name>
    <desc><![CDATA[Campsite #2]]></desc>
  </wpt>
  <wpt lat="47.68897" lon="-123.59127">
    <name><![CDATA[Sixteen Mile]]></name>
    <desc><![CDATA[Campsite]]></desc>
  </wpt>
  <wpt lat="47.73648" lon="-123.52931">
    <name><![CDATA[Chicago Camp]]></name>
    <desc><![CDATA[Campsite]]></desc>
  </wpt>
  <wpt lat="47.76567" lon="-123.4553">
    <name><![CDATA[Wilder Camp]]></name>
    <desc><![CDATA[Campsite]]></desc>
  </wpt>
  <trk>
    <name><![CDATA[Press Expedition Traverse]]></name>
    <src>AllTrails</src>
    <trkseg>
      <trkpt lat="47.97207" lon="-123.50822">
        <ele>1529.56</ele>
      </trkpt>
      <trkpt lat="47.97211" lon="-123.50823">
        <ele>1529.12</ele>
      </trkpt>
      <trkpt lat="47.97205" lon="-123.50893">
        <ele>1532.0</ele>
      </trkpt>
      <trkpt lat="47.97207" lon="-123.50936">
        <ele>1529.62</ele>
      </trkpt>
      <trkpt lat="47.97213" lon="-123.50974">
        <ele>1525.82</ele>
      </trkpt>
      <trkpt lat="47.97219" lon="-123.51026">
        <ele>1523.67</ele>
      </trkpt>
      <trkpt lat="47.97218" lon="-123.51037">
        <ele>1523.18</ele>
      </trkpt>
      <trkpt lat="47.97204" lon="-123.51065">
        <ele>1518.15</ele>
      </trkpt>
      <trkpt lat="47.97173" lon="-123.51105">
        <ele>1519.99</ele>
      </trkpt>
      <trkpt lat="47.97163" lon="-123.51119">
        <ele>1519.58</ele>
      </trkpt>
      <trkpt lat="47.97156" lon="-123.51134">
        <ele>1520.66</ele>
      </trkpt>
      <trkpt lat="47.9714" lon="-123.51174">
        <ele>1520.27</ele>
      </trkpt>
      <trkpt lat="47.97134" lon="-123.51185">
        <ele>1518.86</ele>
      </trkpt>
      <trkpt lat="47.97127" lon="-123.51204">
        <ele>1517.61</ele>
      </trkpt>
      <trkpt lat="47.97116" lon="-123.51245">
        <ele>1516.86</ele>
      </trkpt>
      <trkpt lat="47.97108" lon="-123.51273">
        <ele>1514.98</ele>
      </trkpt>
      <trkpt lat="47.97099" lon="-123.51296">
        <ele>1512.44</ele>
      </trkpt>
      <trkpt lat="47.97089" lon="-123.51312">
        <ele>1509.14</ele>
      </trkpt>
      <trkpt lat="47.97074" lon="-123.51324">
        <ele>1505.97</ele>
      </trkpt>
      <trkpt lat="47.97056" lon="-123.5133">
        <ele>1501.42</ele>
      </trkpt>
      <trkpt lat="47.97039" lon="-123.51335">
        <ele>1497.0</ele>
      </trkpt>
      <trkpt lat="47.97024" lon="-123.51341">
        <ele>1493.36</ele>
      </trkpt>
      <trkpt lat="47.97016" lon="-123.51348">
        <ele>1492.47</ele>
      </trkpt>
      <trkpt lat="47.97009" lon="-123.51364">
        <ele>1493.56</ele>
      </trkpt>
      <trkpt lat="47.97006" lon="-123.51393">
        <ele>1495.58</ele>
      </trkpt>
      <trkpt lat="47.97002" lon="-123.51426">
        <ele>1494.65</ele>
      </trkpt>
      <trkpt lat="47.96999" lon="-123.51447">
        <ele>1492.43</ele>
      </trkpt>
      <trkpt lat="47.96993" lon="-123.51488">
        <ele>1488.56</ele>
      </trkpt>
      <trkpt lat="47.96989" lon="-123.51519">
        <ele>1486.39</ele>
      </trkpt>
      <trkpt lat="47.96989" lon="-123.51539">
        <ele>1485.41</ele>
      </trkpt>
      <trkpt lat="47.96991" lon="-123.51558">
        <ele>1484.05</ele>
      </trkpt>
      <trkpt lat="47.9699" lon="-123.51568">
        <ele>1483.5</ele>
      </trkpt>
      <trkpt lat="47.96987" lon="-123.51575">
        <ele>1482.09</ele>
      </trkpt>
      <trkpt lat="47.96978" lon="-123.51573">
        <ele>1480.36</ele>
      </trkpt>
      <trkpt lat="47.9697" lon="-123.51565">
        <ele>1479.5</ele>
      </trkpt>
      <trkpt lat="47.96964" lon="-123.51552">
        <ele>1479.22</ele>
      </trkpt>
      <trkpt lat="47.96954" lon="-123.51525">
        <ele>1477.1</ele>
      </trkpt>
      <trkpt lat="47.96947" lon="-123.51487">
        <ele>1475.83</ele>
      </trkpt>
      <trkpt lat="47.96944" lon="-123.51435">
        <ele>1475.88</ele>
      </trkpt>
      <trkpt lat="47.96941" lon="-123.51397">
        <ele>1477.19</ele>
      </trkpt>
      <trkpt lat="47.96939" lon="-123.5138">
        <ele>1476.65</ele>
      </trkpt>
      <trkpt lat="47.96929" lon="-123.51371">
        <ele>1471.97</ele>
      </trkpt>
      <trkpt lat="47.96917" lon="-123.5137">
        <ele>1465.22</ele>
      </trkpt>
      <trkpt lat="47.96898" lon="-123.51376">
        <ele>1458.12</ele>
      </trkpt>
      <trkpt lat="47.96878" lon="-123.51387">
        <ele>1449.61</ele>
      </trkpt>
      <trkpt lat="47.96874" lon="-123.51461">
        <ele>1448.23</ele>
      </trkpt>
      <trkpt lat="47.96867" lon="-123.51498">
        <ele>1448.47</ele>
      </trkpt>
      <trkpt lat="47.96863" lon="-123.51526">
        <ele>1446.82</ele>
      </trkpt>
      <trkpt lat="47.96864" lon="-123.51562">
        <ele>1445.56</ele>
      </trkpt>
      <trkpt lat="47.9686" lon="-123.51615">
        <ele>1436.49</ele>
      </trkpt>
      <trkpt lat="47.96858" lon="-123.51654">
        <ele>1430.36</ele>
      </trkpt>
      <trkpt lat="47.96859" lon="-123.51671">
        <ele>1428.38</ele>
      </trkpt>
      <trkpt lat="47.96861" lon="-123.51685">
        <ele>1426.02</ele>
      </trkpt>
      <trkpt lat="47.96869" lon="-123.51698">
        <ele>1424.08</ele>
      </trkpt>
      <trkpt lat="47.96891" lon="-123.51702">
        <ele>1423.41</ele>
      </trkpt>
      <trkpt lat="47.96907" lon="-123.51708">
        <ele>1423.54</ele>
      </trkpt>
      <trkpt lat="47.96916" lon="-123.51717">
        <ele>1422.98</ele>
      </trkpt>
      <trkpt lat="47.96923" lon="-123.51741">
        <ele>1418.97</ele>
      </trkpt>
      <trkpt lat="47.96926" lon="-123.51762">
        <ele>1414.43</ele>
      </trkpt>
      <trkpt lat="47.9693" lon="-123.5178">
        <ele>1412.52</ele>
      </trkpt>
      <trkpt lat="47.96938" lon="-123.5179">
        <ele>1415.22</ele>
      </trkpt>
      <trkpt lat="47.96945" lon="-123.518">
        <ele>1418.36</ele>
      </trkpt>
      <trkpt lat="47.96946" lon="-123.51814">
        <ele>1419.01</ele>
      </trkpt>
      <trkpt lat="47.96941" lon="-123.51833">
        <ele>1418.48</ele>
      </trkpt>
      <trkpt lat="47.97011" lon="-123.51872">
        <ele>1434.66</ele>
      </trkpt>
      <trkpt lat="47.97017" lon="-123.51883">
        <ele>1431.74</ele>
      </trkpt>
      <trkpt lat="47.97021" lon="-123.51894">
        <ele>1428.06</ele>
      </trkpt>
      <trkpt lat="47.97025" lon="-123.51906">
        <ele>1423.56</ele>
      </trkpt>
      <trkpt lat="47.97027" lon="-123.51919">
        <ele>1419.24</ele>
      </trkpt>
      <trkpt lat="47.97028" lon="-123.51933">
        <ele>1414.73</ele>
      </trkpt>
      <trkpt lat="47.97029" lon="-123.51947">
        <ele>1411.21</ele>
      </trkpt>
      <trkpt lat="47.97029" lon="-123.5196">
        <ele>1407.18</ele>
      </trkpt>
      <trkpt lat="47.9703" lon="-123.51973">
        <ele>1404.07</ele>
      </trkpt>
      <trkpt lat="47.97031" lon="-123.51987">
        <ele>1400.77</ele>
      </trkpt>
      <trkpt lat="47.97031" lon="-123.52">
        <ele>1397.7</ele>
      </trkpt>
      <trkpt lat="47.97031" lon="-123.52014">
        <ele>1394.34</ele>
      </trkpt>
      <trkpt lat="47.97031" lon="-123.52027">
        <ele>1391.21</ele>
      </trkpt>
      <trkpt lat="47.97031" lon="-123.52041">
        <ele>1388.99</ele>
      </trkpt>
      <trkpt lat="47.97031" lon="-123.52054">
        <ele>1387.21</ele>
      </trkpt>
      <trkpt lat="47.97031" lon="-123.52067">
        <ele>1384.81</ele>
      </trkpt>
      <trkpt lat="47.97031" lon="-123.52081">
        <ele>1383.56</ele>
      </trkpt>
      <trkpt lat="47.9703" lon="-123.52094">
        <ele>1381.81</ele>
      </trkpt>
      <trkpt lat="47.9703" lon="-123.52107">
        <ele>1380.83</ele>
      </trkpt>
      <trkpt lat="47.97029" lon="-123.52121">
        <ele>1379.34</ele>
      </trkpt>
      <trkpt lat="47.97028" lon="-123.52134">
        <ele>1377.62</ele>
      </trkpt>
      <trkpt lat="47.97026" lon="-123.52147">
        <ele>1376.42</ele>
      </trkpt>
      <trkpt lat="47.97024" lon="-123.5216">
        <ele>1374.78</ele>
      </trkpt>
      <trkpt lat="47.97022" lon="-123.52173">
        <ele>1373.44</ele>
      </trkpt>
      <trkpt lat="47.9702" lon="-123.52186">
        <ele>1372.39</ele>
      </trkpt>
      <trkpt lat="47.97018" lon="-123.52199">
        <ele>1370.8</ele>
      </trkpt>
      <trkpt lat="47.97016" lon="-123.52212">
        <ele>1369.02</ele>
      </trkpt>
      <trkpt lat="47.97014" lon="-123.52225">
        <ele>1367.39</ele>
      </trkpt>
      <trkpt lat="47.97012" lon="-123.52238">
        <ele>1365.98</ele>
      </trkpt>
      <trkpt lat="47.9701" lon="-123.52252">
        <ele>1364.02</ele>
      </trkpt>
      <trkpt lat="47.97007" lon="-123.52264">
        <ele>1361.88</ele>
      </trkpt>
      <trkpt lat="47.97004" lon="-123.52276">
        <ele>1360.41</ele>
      </trkpt>
      <trkpt lat="47.96997" lon="-123.52286">
        <ele>1358.03</ele>
      </trkpt>
      <trkpt lat="47.96989" lon="-123.52291">
        <ele>1355.62</ele>
      </trkpt>
      <trkpt lat="47.96984" lon="-123.52287">
        <ele>1354.54</ele>
      </trkpt>
      <trkpt lat="47.96978" lon="-123.52279">
        <ele>1353.25</ele>
      </trkpt>
      <trkpt lat="47.96974" lon="-123.52271">
        <ele>1352.38</ele>
      </trkpt>
      <trkpt lat="47.9697" lon="-123.52259">
        <ele>1351.04</ele>
      </trkpt>
      <trkpt lat="47.96966" lon="-123.52244">
        <ele>1349.1</ele>
      </trkpt>
      <trkpt lat="47.96964" lon="-123.52232">
        <ele>1347.5</ele>
      </trkpt>
      <trkpt lat="47.96961" lon="-123.52219">
        <ele>1345.8</ele>
      </trkpt>
      <trkpt lat="47.96959" lon="-123.52205">
        <ele>1344.29</ele>
      </trkpt>
      <trkpt lat="47.96957" lon="-123.52192">
        <ele>1342.16</ele>
      </trkpt>
      <trkpt lat="47.96955" lon="-123.52179">
        <ele>1339.99</ele>
      </trkpt>
      <trkpt lat="47.96954" lon="-123.52165">
        <ele>1339.13</ele>
      </trkpt>
      <trkpt lat="47.96953" lon="-123.52152">
        <ele>1339.36</ele>
      </trkpt>
      <trkpt lat="47.96951" lon="-123.52139">
        <ele>1340.11</ele>
      </trkpt>
      <trkpt lat="47.9695" lon="-123.52126">
        <ele>1342.22</ele>
      </trkpt>
      <trkpt lat="47.96949" lon="-123.52112">
        <ele>1345.73</ele>
      </trkpt>
      <trkpt lat="47.96948" lon="-123.52099">
        <ele>1349.69</ele>
      </trkpt>
      <trkpt lat="47.96947" lon="-123.52085">
        <ele>1354.01</ele>
      </trkpt>
      <trkpt lat="47.96946" lon="-123.52072">
        <ele>1358.42</ele>
      </trkpt>
      <trkpt lat="47.96945" lon="-123.52057">
        <ele>1366.28</ele>
      </trkpt>
      <trkpt lat="47.96943" lon="-123.52046">
        <ele>1372.13</ele>
      </trkpt>
      <trkpt lat="47.96939" lon="-123.52038">
        <ele>1375.58</ele>
      </trkpt>
      <trkpt lat="47.96932" lon="-123.52032">
        <ele>1378.18</ele>
      </trkpt>
      <trkpt lat="47.96923" lon="-123.52028">
        <ele>1379.9</ele>
      </trkpt>
      <trkpt lat="47.96913" lon="-123.52026">
        <ele>1380.96</ele>
      </trkpt>
      <trkpt lat="47.96905" lon="-123.52026">
        <ele>1380.91</ele>
      </trkpt>
      <trkpt lat="47.96896" lon="-123.52028">
        <ele>1379.9</ele>
      </trkpt>
      <trkpt lat="47.96887" lon="-123.5203">
        <ele>1378.88</ele>
      </trkpt>
      <trkpt lat="47.96879" lon="-123.52034">
        <ele>1376.98</ele>
      </trkpt>
      <trkpt lat="47.9687" lon="-123.52039">
        <ele>1375.32</ele>
      </trkpt>
      <trkpt lat="47.96862" lon="-123.52044">
        <ele>1372.84</ele>
      </trkpt>
      <trkpt lat="47.96854" lon="-123.5205">
        <ele>1369.63</ele>
      </trkpt>
      <trkpt lat="47.96846" lon="-123.52056">
        <ele>1366.18</ele>
      </trkpt>
      <trkpt lat="47.96838" lon="-123.52062">
        <ele>1362.57</ele>
      </trkpt>
      <trkpt lat="47.96829" lon="-123.52065">
        <ele>1360.0</ele>
      </trkpt>
      <trkpt lat="47.96819" lon="-123.52067">
        <ele>1356.78</ele>
      </trkpt>
      <trkpt lat="47.9681" lon="-123.52067">
        <ele>1353.97</ele>
      </trkpt>
      <trkpt lat="47.96803" lon="-123.52064">
        <ele>1352.07</ele>
      </trkpt>
      <trkpt lat="47.96795" lon="-123.52061">
        <ele>1349.07</ele>
      </trkpt>
      <trkpt lat="47.96787" lon="-123.52054">
        <ele>1345.13</ele>
      </trkpt>
      <trkpt lat="47.96781" lon="-123.52045">
        <ele>1340.27</ele>
      </trkpt>
      <trkpt lat="47.96774" lon="-123.52035">
        <ele>1333.82</ele>
      </trkpt>
      <trkpt lat="47.96768" lon="-123.52025">
        <ele>1328.76</ele>
      </trkpt>
      <trkpt lat="47.96763" lon="-123.52014">
        <ele>1325.61</ele>
      </trkpt>
      <trkpt lat="47.96759" lon="-123.52002">
        <ele>1324.32</ele>
      </trkpt>
      <trkpt lat="47.96755" lon="-123.51989">
        <ele>1322.7</ele>
      </trkpt>
      <trkpt lat="47.96753" lon="-123.51976">
        <ele>1323.58</ele>
      </trkpt>
      <trkpt lat="47.9675" lon="-123.51963">
        <ele>1323.0</ele>
      </trkpt>
      <trkpt lat="47.96747" lon="-123.5195">
        <ele>1322.73</ele>
      </trkpt>
      <trkpt lat="47.96744" lon="-123.51937">
        <ele>1322.79</ele>
      </trkpt>
      <trkpt lat="47.96742" lon="-123.51924">
        <ele>1323.23</ele>
      </trkpt>
      <trkpt lat="47.96738" lon="-123.51912">
        <ele>1322.88</ele>
      </trkpt>
      <trkpt lat="47.96735" lon="-123.51899">
        <ele>1323.15</ele>
      </trkpt>
      <trkpt lat="47.96731" lon="-123.51887">
        <ele>1322.95</ele>
      </trkpt>
      <trkpt lat="47.96727" lon="-123.51876">
        <ele>1322.85</ele>
      </trkpt>
      <trkpt lat="47.96721" lon="-123.51865">
        <ele>1322.5</ele>
      </trkpt>
      <trkpt lat="47.96715" lon="-123.51856">
        <ele>1321.63</ele>
      </trkpt>
      <trkpt lat="47.96708" lon="-123.51849">
        <ele>1319.4</ele>
      </trkpt>
      <trkpt lat="47.96699" lon="-123.51843">
        <ele>1314.86</ele>
      </trkpt>
      <trkpt lat="47.9669" lon="-123.5184">
        <ele>1309.68</ele>
      </trkpt>
      <trkpt lat="47.96681" lon="-123.51839">
        <ele>1303.79</ele>
      </trkpt>
      <trkpt lat="47.96672" lon="-123.51839">
        <ele>1298.3</ele>
      </trkpt>
      <trkpt lat="47.96663" lon="-123.51842">
        <ele>1295.55</ele>
      </trkpt>
      <trkpt lat="47.96656" lon="-123.51846">
        <ele>1295.36</ele>
      </trkpt>
      <trkpt lat="47.9665" lon="-123.51854">
        <ele>1293.72</ele>
      </trkpt>
      <trkpt lat="47.96645" lon="-123.51865">
        <ele>1292.84</ele>
      </trkpt>
      <trkpt lat="47.96643" lon="-123.51879">
        <ele>1290.25</ele>
      </trkpt>
      <trkpt lat="47.96642" lon="-123.51894">
        <ele>1286.34</ele>
      </trkpt>
      <trkpt lat="47.96641" lon="-123.51908">
        <ele>1283.19</ele>
      </trkpt>
      <trkpt lat="47.9664" lon="-123.51921">
        <ele>1281.12</ele>
      </trkpt>
      <trkpt lat="47.9664" lon="-123.51935">
        <ele>1277.7</ele>
      </trkpt>
      <trkpt lat="47.96639" lon="-123.51948">
        <ele>1272.05</ele>
      </trkpt>
      <trkpt lat="47.96639" lon="-123.51962">
        <ele>1265.4</ele>
      </trkpt>
      <trkpt lat="47.96639" lon="-123.51975">
        <ele>1258.5</ele>
      </trkpt>
      <trkpt lat="47.96638" lon="-123.51988">
        <ele>1252.57</ele>
      </trkpt>
      <trkpt lat="47.96637" lon="-123.52">
        <ele>1249.41</ele>
      </trkpt>
      <trkpt lat="47.96634" lon="-123.52013">
        <ele>1247.72</ele>
      </trkpt>
      <trkpt lat="47.96631" lon="-123.52026">
        <ele>1246.04</ele>
      </trkpt>
      <trkpt lat="47.96628" lon="-123.52038">
        <ele>1244.42</ele>
      </trkpt>
      <trkpt lat="47.96625" lon="-123.5205">
        <ele>1243.9</ele>
      </trkpt>
      <trkpt lat="47.96621" lon="-123.52062">
        <ele>1243.98</ele>
      </trkpt>
      <trkpt lat="47.96616" lon="-123.52073">
        <ele>1245.89</ele>
      </trkpt>
      <trkpt lat="47.96611" lon="-123.52085">
        <ele>1247.93</ele>
      </trkpt>
      <trkpt lat="47.96606" lon="-123.52095">
        <ele>1251.71</ele>
      </trkpt>
      <trkpt lat="47.96601" lon="-123.52106">
        <ele>1255.34</ele>
      </trkpt>
      <trkpt lat="47.96595" lon="-123.52117">
        <ele>1258.65</ele>
      </trkpt>
      <trkpt lat="47.9659" lon="-123.52128">
        <ele>1262.22</ele>
      </trkpt>
      <trkpt lat="47.96584" lon="-123.52138">
        <ele>1264.73</ele>
      </trkpt>
      <trkpt lat="47.96579" lon="-123.52149">
        <ele>1266.27</ele>
      </trkpt>
      <trkpt lat="47.96573" lon="-123.52159">
        <ele>1267.07</ele>
      </trkpt>
      <trkpt lat="47.96568" lon="-123.5217">
        <ele>1265.21</ele>
      </trkpt>
      <trkpt lat="47.96562" lon="-123.5218">
        <ele>1263.79</ele>
      </trkpt>
      <trkpt lat="47.96556" lon="-123.52189">
        <ele>1262.65</ele>
      </trkpt>
      <trkpt lat="47.96549" lon="-123.52198">
        <ele>1262.33</ele>
      </trkpt>
      <trkpt lat="47.96542" lon="-123.52206">
        <ele>1263.49</ele>
      </trkpt>
      <trkpt lat="47.96535" lon="-123.52215">
        <ele>1263.66</ele>
      </trkpt>
      <trkpt lat="47.96528" lon="-123.52224">
        <ele>1264.66</ele>
      </trkpt>
      <trkpt lat="47.96522" lon="-123.52234">
        <ele>1263.46</ele>
      </trkpt>
      <trkpt lat="47.96516" lon="-123.52244">
        <ele>1262.59</ele>
      </trkpt>
      <trkpt lat="47.9651" lon="-123.52253">
        <ele>1262.74</ele>
      </trkpt>
      <trkpt lat="47.96503" lon="-123.52261">
        <ele>1264.47</ele>
      </trkpt>
      <trkpt lat="47.96495" lon="-123.52268">
        <ele>1267.57</ele>
      </trkpt>
      <trkpt lat="47.96487" lon="-123.52275">
        <ele>1269.4</ele>
      </trkpt>
      <trkpt lat="47.96479" lon="-123.52281">
        <ele>1270.51</ele>
      </trkpt>
      <trkpt lat="47.9647" lon="-123.52287">
        <ele>1271.49</ele>
      </trkpt>
      <trkpt lat="47.96462" lon="-123.52291">
        <ele>1271.76</ele>
      </trkpt>
      <trkpt lat="47.96453" lon="-123.52294">
        <ele>1271.44</ele>
      </trkpt>
      <trkpt lat="47.96444" lon="-123.52297">
        <ele>1269.85</ele>
      </trkpt>
      <trkpt lat="47.96435" lon="-123.52299">
        <ele>1269.4</ele>
      </trkpt>
      <trkpt lat="47.96426" lon="-123.523">
        <ele>1268.21</ele>
      </trkpt>
      <trkpt lat="47.96417" lon="-123.52302">
        <ele>1266.8</ele>
      </trkpt>
      <trkpt lat="47.96408" lon="-123.52303">
        <ele>1264.0</ele>
      </trkpt>
      <trkpt lat="47.96399" lon="-123.52305">
        <ele>1259.55</ele>
      </trkpt>
      <trkpt lat="47.9639" lon="-123.52307">
        <ele>1255.03</ele>
      </trkpt>
      <trkpt lat="47.96381" lon="-123.52309">
        <ele>1250.26</ele>
      </trkpt>
      <trkpt lat="47.96373" lon="-123.52312">
        <ele>1247.16</ele>
      </trkpt>
      <trkpt lat="47.96364" lon="-123.52315">
        <ele>1243.93</ele>
      </trkpt>
      <trkpt lat="47.96355" lon="-123.52319">
        <ele>1241.02</ele>
      </trkpt>
      <trkpt lat="47.96346" lon="-123.52322">
        <ele>1238.1</ele>
      </trkpt>
      <trkpt lat="47.96337" lon="-123.52327">
        <ele>1233.06</ele>
      </trkpt>
      <trkpt lat="47.96331" lon="-123.52334">
        <ele>1228.22</ele>
      </trkpt>
      <trkpt lat="47.96329" lon="-123.52348">
        <ele>1225.95</ele>
      </trkpt>
      <trkpt lat="47.9633" lon="-123.52361">
        <ele>1225.49</ele>
      </trkpt>
      <trkpt lat="47.96333" lon="-123.5237">
        <ele>1226.82</ele>
      </trkpt>
      <trkpt lat="47.96337" lon="-123.52378">
        <ele>1228.55</ele>
      </trkpt>
      <trkpt lat="47.96344" lon="-123.52385">
        <ele>1231.45</ele>
      </trkpt>
      <trkpt lat="47.96353" lon="-123.52391">
        <ele>1234.12</ele>
      </trkpt>
      <trkpt lat="47.96361" lon="-123.52395">
        <ele>1235.65</ele>
      </trkpt>
      <trkpt lat="47.9637" lon="-123.52398">
        <ele>1236.94</ele>
      </trkpt>
      <trkpt lat="47.96379" lon="-123.524">
        <ele>1237.53</ele>
      </trkpt>
      <trkpt lat="47.96388" lon="-123.52402">
        <ele>1238.07</ele>
      </trkpt>
      <trkpt lat="47.96398" lon="-123.52403">
        <ele>1238.94</ele>
      </trkpt>
      <trkpt lat="47.96407" lon="-123.52404">
        <ele>1238.74</ele>
      </trkpt>
      <trkpt lat="47.96416" lon="-123.52404">
        <ele>1238.74</ele>
      </trkpt>
      <trkpt lat="47.96425" lon="-123.52404">
        <ele>1238.74</ele>
      </trkpt>
      <trkpt lat="47.96434" lon="-123.52404">
        <ele>1238.42</ele>
      </trkpt>
      <trkpt lat="47.96443" lon="-123.52404">
        <ele>1237.83</ele>
      </trkpt>
      <trkpt lat="47.96451" lon="-123.52403">
        <ele>1236.54</ele>
      </trkpt>
      <trkpt lat="47.9646" lon="-123.524">
        <ele>1235.78</ele>
      </trkpt>
      <trkpt lat="47.96468" lon="-123.52396">
        <ele>1234.83</ele>
      </trkpt>
      <trkpt lat="47.96476" lon="-123.52391">
        <ele>1233.32</ele>
      </trkpt>
      <trkpt lat="47.96485" lon="-123.52385">
        <ele>1231.32</ele>
      </trkpt>
      <trkpt lat="47.96492" lon="-123.52377">
        <ele>1229.89</ele>
      </trkpt>
      <trkpt lat="47.96499" lon="-123.52369">
        <ele>1227.84</ele>
      </trkpt>
      <trkpt lat="47.96505" lon="-123.5236">
        <ele>1227.08</ele>
      </trkpt>
      <trkpt lat="47.96511" lon="-123.5235">
        <ele>1226.65</ele>
      </trkpt>
      <trkpt lat="47.96517" lon="-123.52339">
        <ele>1226.43</ele>
      </trkpt>
      <trkpt lat="47.96523" lon="-123.52329">
        <ele>1226.0</ele>
      </trkpt>
      <trkpt lat="47.96529" lon="-123.5232">
        <ele>1225.22</ele>
      </trkpt>
      <trkpt lat="47.96536" lon="-123.52311">
        <ele>1223.38</ele>
      </trkpt>
      <trkpt lat="47.96542" lon="-123.52302">
        <ele>1222.29</ele>
      </trkpt>
      <trkpt lat="47.96549" lon="-123.52293">
        <ele>1221.06</ele>
      </trkpt>
      <trkpt lat="47.96556" lon="-123.52284">
        <ele>1219.76</ele>
      </trkpt>
      <trkpt lat="47.96563" lon="-123.52275">
        <ele>1219.68</ele>
      </trkpt>
      <trkpt lat="47.9657" lon="-123.52266">
        <ele>1219.58</ele>
      </trkpt>
      <trkpt lat="47.96577" lon="-123.52259">
        <ele>1218.51</ele>
      </trkpt>
      <trkpt lat="47.96585" lon="-123.52251">
        <ele>1217.67</ele>
      </trkpt>
      <trkpt lat="47.96593" lon="-123.52244">
        <ele>1216.33</ele>
      </trkpt>
      <trkpt lat="47.96601" lon="-123.52237">
        <ele>1213.76</ele>
      </trkpt>
      <trkpt lat="47.96609" lon="-123.52231">
        <ele>1211.35</ele>
      </trkpt>
      <trkpt lat="47.96618" lon="-123.52228">
        <ele>1209.27</ele>
      </trkpt>
      <trkpt lat="47.96627" lon="-123.5223">
        <ele>1210.27</ele>
      </trkpt>
      <trkpt lat="47.96632" lon="-123.52237">
        <ele>1213.56</ele>
      </trkpt>
      <trkpt lat="47.96635" lon="-123.52244">
        <ele>1216.45</ele>
      </trkpt>
      <trkpt lat="47.96637" lon="-123.52257">
        <ele>1217.36</ele>
      </trkpt>
      <trkpt lat="47.96639" lon="-123.52272">
        <ele>1218.7</ele>
      </trkpt>
      <trkpt lat="47.96639" lon="-123.52286">
        <ele>1217.19</ele>
      </trkpt>
      <trkpt lat="47.9664" lon="-123.523">
        <ele>1215.16</ele>
      </trkpt>
      <trkpt lat="47.96641" lon="-123.52314">
        <ele>1212.3</ele>
      </trkpt>
      <trkpt lat="47.96642" lon="-123.52327">
        <ele>1210.08</ele>
      </trkpt>
      <trkpt lat="47.96643" lon="-123.5234">
        <ele>1206.44</ele>
      </trkpt>
      <trkpt lat="47.96645" lon="-123.52353">
        <ele>1203.27</ele>
      </trkpt>
      <trkpt lat="47.96646" lon="-123.52366">
        <ele>1200.45</ele>
      </trkpt>
      <trkpt lat="47.96648" lon="-123.52379">
        <ele>1198.09</ele>
      </trkpt>
      <trkpt lat="47.9665" lon="-123.52393">
        <ele>1196.11</ele>
      </trkpt>
      <trkpt lat="47.96651" lon="-123.52406">
        <ele>1194.43</ele>
      </trkpt>
      <trkpt lat="47.96653" lon="-123.52419">
        <ele>1194.32</ele>
      </trkpt>
      <trkpt lat="47.96654" lon="-123.52433">
        <ele>1193.9</ele>
      </trkpt>
      <trkpt lat="47.96655" lon="-123.52446">
        <ele>1193.22</ele>
      </trkpt>
      <trkpt lat="47.96656" lon="-123.52459">
        <ele>1193.54</ele>
      </trkpt>
      <trkpt lat="47.96657" lon="-123.52473">
        <ele>1192.91</ele>
      </trkpt>
      <trkpt lat="47.96658" lon="-123.52486">
        <ele>1193.16</ele>
      </trkpt>
      <trkpt lat="47.96659" lon="-123.52499">
        <ele>1192.61</ele>
      </trkpt>
      <trkpt lat="47.96661" lon="-123.52512">
        <ele>1192.87</ele>
      </trkpt>
      <trkpt lat="47.96662" lon="-123.52525">
        <ele>1192.49</ele>
      </trkpt>
      <trkpt lat="47.96664" lon="-123.52539">
        <ele>1192.92</ele>
      </trkpt>
      <trkpt lat="47.96665" lon="-123.52552">
        <ele>1192.46</ele>
      </trkpt>
      <trkpt lat="47.96667" lon="-123.52565">
        <ele>1192.09</ele>
      </trkpt>
      <trkpt lat="47.96669" lon="-123.52578">
        <ele>1191.44</ele>
      </trkpt>
      <trkpt lat="47.9667" lon="-123.52591">
        <ele>1190.31</ele>
      </trkpt>
      <trkpt lat="47.96673" lon="-123.52604">
        <ele>1189.82</ele>
      </trkpt>
      <trkpt lat="47.96675" lon="-123.52617">
        <ele>1189.06</ele>
      </trkpt>
      <trkpt lat="47.96678" lon="-123.52629">
        <ele>1188.96</ele>
      </trkpt>
      <trkpt lat="47.96681" lon="-123.52642">
        <ele>1189.01</ele>
      </trkpt>
      <trkpt lat="47.96684" lon="-123.52655">
        <ele>1188.88</ele>
      </trkpt>
      <trkpt lat="47.96686" lon="-123.52667">
        <ele>1188.44</ele>
      </trkpt>
      <trkpt lat="47.96689" lon="-123.5268">
        <ele>1189.65</ele>
      </trkpt>
      <trkpt lat="47.96691" lon="-123.52693">
        <ele>1189.67</ele>
      </trkpt>
      <trkpt lat="47.96693" lon="-123.52706">
        <ele>1190.38</ele>
      </trkpt>
      <trkpt lat="47.96695" lon="-123.5272">
        <ele>1190.48</ele>
      </trkpt>
      <trkpt lat="47.96697" lon="-123.52733">
        <ele>1190.94</ele>
      </trkpt>
      <trkpt lat="47.96699" lon="-123.52746">
        <ele>1190.4</ele>
      </trkpt>
      <trkpt lat="47.967" lon="-123.52759">
        <ele>1190.4</ele>
      </trkpt>
      <trkpt lat="47.96701" lon="-123.52773">
        <ele>1189.35</ele>
      </trkpt>
      <trkpt lat="47.96702" lon="-123.52786">
        <ele>1188.21</ele>
      </trkpt>
      <trkpt lat="47.96702" lon="-123.528">
        <ele>1186.61</ele>
      </trkpt>
      <trkpt lat="47.96702" lon="-123.52813">
        <ele>1185.09</ele>
      </trkpt>
      <trkpt lat="47.96703" lon="-123.52826">
        <ele>1183.34</ele>
      </trkpt>
      <trkpt lat="47.96702" lon="-123.5284">
        <ele>1180.59</ele>
      </trkpt>
      <trkpt lat="47.96701" lon="-123.52853">
        <ele>1178.33</ele>
      </trkpt>
      <trkpt lat="47.967" lon="-123.52866">
        <ele>1175.87</ele>
      </trkpt>
      <trkpt lat="47.96699" lon="-123.52879">
        <ele>1174.04</ele>
      </trkpt>
      <trkpt lat="47.96697" lon="-123.52893">
        <ele>1172.66</ele>
      </trkpt>
      <trkpt lat="47.96695" lon="-123.52906">
        <ele>1171.24</ele>
      </trkpt>
      <trkpt lat="47.96691" lon="-123.52916">
        <ele>1169.51</ele>
      </trkpt>
      <trkpt lat="47.96683" lon="-123.52922">
        <ele>1165.48</ele>
      </trkpt>
      <trkpt lat="47.96675" lon="-123.52922">
        <ele>1162.02</ele>
      </trkpt>
      <trkpt lat="47.96669" lon="-123.52916">
        <ele>1160.06</ele>
      </trkpt>
      <trkpt lat="47.96663" lon="-123.52908">
        <ele>1157.21</ele>
      </trkpt>
      <trkpt lat="47.96657" lon="-123.529">
        <ele>1152.58</ele>
      </trkpt>
      <trkpt lat="47.96653" lon="-123.52886">
        <ele>1147.93</ele>
      </trkpt>
      <trkpt lat="47.96649" lon="-123.52874">
        <ele>1144.87</ele>
      </trkpt>
      <trkpt lat="47.96647" lon="-123.52861">
        <ele>1148.3</ele>
      </trkpt>
      <trkpt lat="47.96645" lon="-123.52848">
        <ele>1151.67</ele>
      </trkpt>
      <trkpt lat="47.96643" lon="-123.52834">
        <ele>1154.48</ele>
      </trkpt>
      <trkpt lat="47.96643" lon="-123.5282">
        <ele>1157.22</ele>
      </trkpt>
      <trkpt lat="47.96642" lon="-123.52807">
        <ele>1159.03</ele>
      </trkpt>
      <trkpt lat="47.96641" lon="-123.52793">
        <ele>1160.27</ele>
      </trkpt>
      <trkpt lat="47.96641" lon="-123.5278">
        <ele>1161.67</ele>
      </trkpt>
      <trkpt lat="47.9664" lon="-123.52767">
        <ele>1162.64</ele>
      </trkpt>
      <trkpt lat="47.96639" lon="-123.52754">
        <ele>1163.62</ele>
      </trkpt>
      <trkpt lat="47.96637" lon="-123.52741">
        <ele>1164.36</ele>
      </trkpt>
      <trkpt lat="47.96635" lon="-123.52728">
        <ele>1165.7</ele>
      </trkpt>
      <trkpt lat="47.96633" lon="-123.52715">
        <ele>1166.24</ele>
      </trkpt>
      <trkpt lat="47.9663" lon="-123.52703">
        <ele>1166.28</ele>
      </trkpt>
      <trkpt lat="47.96626" lon="-123.52691">
        <ele>1165.64</ele>
      </trkpt>
      <trkpt lat="47.96623" lon="-123.52679">
        <ele>1165.37</ele>
      </trkpt>
      <trkpt lat="47.96619" lon="-123.52667">
        <ele>1164.9</ele>
      </trkpt>
      <trkpt lat="47.96614" lon="-123.52655">
        <ele>1162.7</ele>
      </trkpt>
      <trkpt lat="47.9661" lon="-123.52643">
        <ele>1161.77</ele>
      </trkpt>
      <trkpt lat="47.96606" lon="-123.52631">
        <ele>1159.99</ele>
      </trkpt>
      <trkpt lat="47.96601" lon="-123.5262">
        <ele>1157.58</ele>
      </trkpt>
      <trkpt lat="47.96596" lon="-123.52608">
        <ele>1156.18</ele>
      </trkpt>
      <trkpt lat="47.96591" lon="-123.52597">
        <ele>1154.66</ele>
      </trkpt>
      <trkpt lat="47.96585" lon="-123.52588">
        <ele>1152.31</ele>
      </trkpt>
      <trkpt lat="47.96577" lon="-123.52584">
        <ele>1148.51</ele>
      </trkpt>
      <trkpt lat="47.96567" lon="-123.52585">
        <ele>1143.76</ele>
      </trkpt>
      <trkpt lat="47.96559" lon="-123.52589">
        <ele>1143.02</ele>
      </trkpt>
      <trkpt lat="47.96553" lon="-123.52596">
        <ele>1143.53</ele>
      </trkpt>
      <trkpt lat="47.96548" lon="-123.52603">
        <ele>1143.49</ele>
      </trkpt>
      <trkpt lat="47.96544" lon="-123.52616">
        <ele>1142.94</ele>
      </trkpt>
      <trkpt lat="47.96541" lon="-123.5263">
        <ele>1140.65</ele>
      </trkpt>
      <trkpt lat="47.96537" lon="-123.52643">
        <ele>1139.12</ele>
      </trkpt>
      <trkpt lat="47.96534" lon="-123.52656">
        <ele>1137.86</ele>
      </trkpt>
      <trkpt lat="47.96532" lon="-123.52669">
        <ele>1135.58</ele>
      </trkpt>
      <trkpt lat="47.96529" lon="-123.52682">
        <ele>1133.42</ele>
      </trkpt>
      <trkpt lat="47.96527" lon="-123.52695">
        <ele>1131.13</ele>
      </trkpt>
      <trkpt lat="47.96525" lon="-123.52708">
        <ele>1128.97</ele>
      </trkpt>
      <trkpt lat="47.96523" lon="-123.52721">
        <ele>1127.23</ele>
      </trkpt>
      <trkpt lat="47.96521" lon="-123.52734">
        <ele>1125.65</ele>
      </trkpt>
      <trkpt lat="47.96519" lon="-123.52747">
        <ele>1123.49</ele>
      </trkpt>
      <trkpt lat="47.96517" lon="-123.5276">
        <ele>1121.43</ele>
      </trkpt>
      <trkpt lat="47.96514" lon="-123.52773">
        <ele>1118.99</ele>
      </trkpt>
      <trkpt lat="47.9651" lon="-123.52785">
        <ele>1117.32</ele>
      </trkpt>
      <trkpt lat="47.96507" lon="-123.52797">
        <ele>1116.48</ele>
      </trkpt>
      <trkpt lat="47.96502" lon="-123.52808">
        <ele>1116.75</ele>
      </trkpt>
      <trkpt lat="47.96497" lon="-123.5282">
        <ele>1116.91</ele>
      </trkpt>
      <trkpt lat="47.96492" lon="-123.52831">
        <ele>1117.77</ele>
      </trkpt>
      <trkpt lat="47.96487" lon="-123.52841">
        <ele>1119.65</ele>
      </trkpt>
      <trkpt lat="47.9648" lon="-123.5285">
        <ele>1123.55</ele>
      </trkpt>
      <trkpt lat="47.96473" lon="-123.52857">
        <ele>1127.25</ele>
      </trkpt>
      <trkpt lat="47.96464" lon="-123.52861">
        <ele>1132.36</ele>
      </trkpt>
      <trkpt lat="47.96455" lon="-123.52865">
        <ele>1137.76</ele>
      </trkpt>
      <trkpt lat="47.96446" lon="-123.52868">
        <ele>1142.76</ele>
      </trkpt>
      <trkpt lat="47.96479" lon="-123.53038">
        <ele>1081.76</ele>
      </trkpt>
      <trkpt lat="47.96476" lon="-123.5305">
        <ele>1079.17</ele>
      </trkpt>
      <trkpt lat="47.96468" lon="-123.53049">
        <ele>1082.95</ele>
      </trkpt>
      <trkpt lat="47.96457" lon="-123.53045">
        <ele>1089.05</ele>
      </trkpt>
      <trkpt lat="47.96446" lon="-123.53042">
        <ele>1093.44</ele>
      </trkpt>
      <trkpt lat="47.96433" lon="-123.53041">
        <ele>1095.95</ele>
      </trkpt>
      <trkpt lat="47.96418" lon="-123.53037">
        <ele>1098.01</ele>
      </trkpt>
      <trkpt lat="47.96404" lon="-123.53033">
        <ele>1098.66</ele>
      </trkpt>
      <trkpt lat="47.96382" lon="-123.53032">
        <ele>1097.34</ele>
      </trkpt>
      <trkpt lat="47.96365" lon="-123.5303">
        <ele>1094.94</ele>
      </trkpt>
      <trkpt lat="47.96349" lon="-123.53022">
        <ele>1092.89</ele>
      </trkpt>
      <trkpt lat="47.96333" lon="-123.53003">
        <ele>1092.22</ele>
      </trkpt>
      <trkpt lat="47.96324" lon="-123.52968">
        <ele>1096.88</ele>
      </trkpt>
      <trkpt lat="47.96316" lon="-123.52934">
        <ele>1100.77</ele>
      </trkpt>
      <trkpt lat="47.96311" lon="-123.52898">
        <ele>1105.97</ele>
      </trkpt>
      <trkpt lat="47.96305" lon="-123.52875">
        <ele>1108.23</ele>
      </trkpt>
      <trkpt lat="47.96297" lon="-123.52865">
        <ele>1106.54</ele>
      </trkpt>
      <trkpt lat="47.96286" lon="-123.52851">
        <ele>1103.72</ele>
      </trkpt>
      <trkpt lat="47.96272" lon="-123.5284">
        <ele>1098.82</ele>
      </trkpt>
      <trkpt lat="47.96256" lon="-123.52822">
        <ele>1093.21</ele>
      </trkpt>
      <trkpt lat="47.96249" lon="-123.52804">
        <ele>1093.87</ele>
      </trkpt>
      <trkpt lat="47.96244" lon="-123.52788">
        <ele>1096.45</ele>
      </trkpt>
      <trkpt lat="47.96234" lon="-123.52778">
        <ele>1094.29</ele>
      </trkpt>
      <trkpt lat="47.96221" lon="-123.52773">
        <ele>1090.08</ele>
      </trkpt>
      <trkpt lat="47.96206" lon="-123.52769">
        <ele>1086.35</ele>
      </trkpt>
      <trkpt lat="47.96191" lon="-123.52763">
        <ele>1083.67</ele>
      </trkpt>
      <trkpt lat="47.96175" lon="-123.52754">
        <ele>1081.4</ele>
      </trkpt>
      <trkpt lat="47.9616" lon="-123.5275">
        <ele>1077.84</ele>
      </trkpt>
      <trkpt lat="47.9614" lon="-123.52739">
        <ele>1075.83</ele>
      </trkpt>
      <trkpt lat="47.96118" lon="-123.52732">
        <ele>1071.29</ele>
      </trkpt>
      <trkpt lat="47.96097" lon="-123.52727">
        <ele>1062.74</ele>
      </trkpt>
      <trkpt lat="47.96082" lon="-123.52723">
        <ele>1053.6</ele>
      </trkpt>
      <trkpt lat="47.96064" lon="-123.5272">
        <ele>1044.22</ele>
      </trkpt>
      <trkpt lat="47.96051" lon="-123.52716">
        <ele>1040.54</ele>
      </trkpt>
      <trkpt lat="47.96045" lon="-123.52719">
        <ele>1037.75</ele>
      </trkpt>
      <trkpt lat="47.96056" lon="-123.52724">
        <ele>1040.76</ele>
      </trkpt>
      <trkpt lat="47.96072" lon="-123.5273">
        <ele>1044.77</ele>
      </trkpt>
      <trkpt lat="47.96094" lon="-123.52741">
        <ele>1050.97</ele>
      </trkpt>
      <trkpt lat="47.96113" lon="-123.5276">
        <ele>1051.79</ele>
      </trkpt>
      <trkpt lat="47.9613" lon="-123.5277">
        <ele>1054.11</ele>
      </trkpt>
      <trkpt lat="47.96153" lon="-123.52782">
        <ele>1059.95</ele>
      </trkpt>
      <trkpt lat="47.96167" lon="-123.52798">
        <ele>1057.9</ele>
      </trkpt>
      <trkpt lat="47.9618" lon="-123.52819">
        <ele>1051.42</ele>
      </trkpt>
      <trkpt lat="47.96189" lon="-123.5284">
        <ele>1043.56</ele>
      </trkpt>
      <trkpt lat="47.96201" lon="-123.52857">
        <ele>1041.63</ele>
      </trkpt>
      <trkpt lat="47.96213" lon="-123.52872">
        <ele>1042.15</ele>
      </trkpt>
      <trkpt lat="47.96223" lon="-123.52906">
        <ele>1034.97</ele>
      </trkpt>
      <trkpt lat="47.96223" lon="-123.52927">
        <ele>1029.19</ele>
      </trkpt>
      <trkpt lat="47.96227" lon="-123.5295">
        <ele>1026.09</ele>
      </trkpt>
      <trkpt lat="47.96232" lon="-123.52978">
        <ele>1023.12</ele>
      </trkpt>
      <trkpt lat="47.96236" lon="-123.53006">
        <ele>1021.96</ele>
      </trkpt>
      <trkpt lat="47.96241" lon="-123.53029">
        <ele>1022.04</ele>
      </trkpt>
      <trkpt lat="47.96244" lon="-123.53064">
        <ele>1020.2</ele>
      </trkpt>
      <trkpt lat="47.96245" lon="-123.53094">
        <ele>1017.61</ele>
      </trkpt>
      <trkpt lat="47.96246" lon="-123.53129">
        <ele>1014.04</ele>
      </trkpt>
      <trkpt lat="47.96247" lon="-123.53153">
        <ele>1012.21</ele>
      </trkpt>
      <trkpt lat="47.96249" lon="-123.53172">
        <ele>1011.78</ele>
      </trkpt>
      <trkpt lat="47.9625" lon="-123.53189">
        <ele>1011.59</ele>
      </trkpt>
      <trkpt lat="47.96249" lon="-123.53209">
        <ele>1009.95</ele>
      </trkpt>
      <trkpt lat="47.9625" lon="-123.53233">
        <ele>1010.16</ele>
      </trkpt>
      <trkpt lat="47.96251" lon="-123.53259">
        <ele>1011.32</ele>
      </trkpt>
      <trkpt lat="47.96254" lon="-123.53284">
        <ele>1011.86</ele>
      </trkpt>
      <trkpt lat="47.96257" lon="-123.53314">
        <ele>1009.84</ele>
      </trkpt>
      <trkpt lat="47.96262" lon="-123.53356">
        <ele>1000.62</ele>
      </trkpt>
      <trkpt lat="47.96263" lon="-123.53389">
        <ele>988.16</ele>
      </trkpt>
      <trkpt lat="47.96258" lon="-123.53417">
        <ele>981.16</ele>
      </trkpt>
      <trkpt lat="47.96251" lon="-123.53439">
        <ele>976.85</ele>
      </trkpt>
      <trkpt lat="47.96231" lon="-123.53454">
        <ele>979.04</ele>
      </trkpt>
      <trkpt lat="47.96212" lon="-123.53463">
        <ele>981.1</ele>
      </trkpt>
      <trkpt lat="47.96193" lon="-123.53472">
        <ele>982.02</ele>
      </trkpt>
      <trkpt lat="47.96174" lon="-123.53477">
        <ele>981.0</ele>
      </trkpt>
      <trkpt lat="47.96163" lon="-123.53491">
        <ele>979.16</ele>
      </trkpt>
      <trkpt lat="47.9616" lon="-123.53517">
        <ele>974.33</ele>
      </trkpt>
      <trkpt lat="47.96158" lon="-123.53541">
        <ele>966.65</ele>
      </trkpt>
      <trkpt lat="47.96159" lon="-123.53561">
        <ele>961.65</ele>
      </trkpt>
      <trkpt lat="47.96165" lon="-123.53566">
        <ele>960.05</ele>
      </trkpt>
      <trkpt lat="47.9617" lon="-123.53569">
        <ele>959.19</ele>
      </trkpt>
      <trkpt lat="47.96179" lon="-123.53569">
        <ele>958.4</ele>
      </trkpt>
      <trkpt lat="47.9619" lon="-123.53568">
        <ele>957.97</ele>
      </trkpt>
      <trkpt lat="47.96198" lon="-123.53564">
        <ele>957.7</ele>
      </trkpt>
      <trkpt lat="47.96218" lon="-123.53563">
        <ele>955.65</ele>
      </trkpt>
      <trkpt lat="47.96238" lon="-123.5356">
        <ele>953.82</ele>
      </trkpt>
      <trkpt lat="47.96254" lon="-123.53559">
        <ele>952.2</ele>
      </trkpt>
      <trkpt lat="47.96265" lon="-123.53557">
        <ele>951.22</ele>
      </trkpt>
      <trkpt lat="47.96273" lon="-123.53559">
        <ele>950.14</ele>
      </trkpt>
      <trkpt lat="47.96273" lon="-123.53567">
        <ele>949.04</ele>
      </trkpt>
      <trkpt lat="47.96269" lon="-123.5358">
        <ele>947.31</ele>
      </trkpt>
      <trkpt lat="47.96261" lon="-123.53589">
        <ele>947.2</ele>
      </trkpt>
      <trkpt lat="47.96247" lon="-123.53597">
        <ele>947.85</ele>
      </trkpt>
      <trkpt lat="47.96232" lon="-123.53604">
        <ele>948.71</ele>
      </trkpt>
      <trkpt lat="47.96224" lon="-123.53619">
        <ele>947.96</ele>
      </trkpt>
      <trkpt lat="47.96219" lon="-123.53644">
        <ele>943.68</ele>
      </trkpt>
      <trkpt lat="47.96218" lon="-123.53672">
        <ele>933.38</ele>
      </trkpt>
      <trkpt lat="47.96216" lon="-123.53699">
        <ele>929.18</ele>
      </trkpt>
      <trkpt lat="47.96214" lon="-123.53719">
        <ele>927.24</ele>
      </trkpt>
      <trkpt lat="47.96209" lon="-123.53736">
        <ele>926.94</ele>
      </trkpt>
      <trkpt lat="47.9621" lon="-123.53744">
        <ele>925.73</ele>
      </trkpt>
      <trkpt lat="47.96215" lon="-123.53739">
        <ele>925.75</ele>
      </trkpt>
      <trkpt lat="47.96224" lon="-123.5371">
        <ele>927.13</ele>
      </trkpt>
      <trkpt lat="47.96233" lon="-123.53693">
        <ele>927.99</ele>
      </trkpt>
      <trkpt lat="47.96245" lon="-123.5368">
        <ele>928.36</ele>
      </trkpt>
      <trkpt lat="47.96259" lon="-123.53676">
        <ele>928.02</ele>
      </trkpt>
      <trkpt lat="47.96281" lon="-123.53674">
        <ele>926.86</ele>
      </trkpt>
      <trkpt lat="47.96304" lon="-123.53673">
        <ele>925.37</ele>
      </trkpt>
      <trkpt lat="47.96321" lon="-123.5367">
        <ele>923.97</ele>
      </trkpt>
      <trkpt lat="47.96344" lon="-123.53671">
        <ele>922.53</ele>
      </trkpt>
      <trkpt lat="47.96363" lon="-123.53672">
        <ele>921.42</ele>
      </trkpt>
      <trkpt lat="47.9638" lon="-123.53676">
        <ele>920.95</ele>
      </trkpt>
      <trkpt lat="47.96395" lon="-123.53681">
        <ele>919.34</ele>
      </trkpt>
      <trkpt lat="47.96405" lon="-123.53681">
        <ele>918.26</ele>
      </trkpt>
      <trkpt lat="47.96413" lon="-123.53685">
        <ele>915.58</ele>
      </trkpt>
      <trkpt lat="47.96414" lon="-123.53694">
        <ele>914.47</ele>
      </trkpt>
      <trkpt lat="47.96406" lon="-123.537">
        <ele>917.55</ele>
      </trkpt>
      <trkpt lat="47.9639" lon="-123.5371">
        <ele>918.28</ele>
      </trkpt>
      <trkpt lat="47.96377" lon="-123.53721">
        <ele>915.36</ele>
      </trkpt>
      <trkpt lat="47.96359" lon="-123.53733">
        <ele>910.34</ele>
      </trkpt>
      <trkpt lat="47.96344" lon="-123.53747">
        <ele>904.87</ele>
      </trkpt>
      <trkpt lat="47.96334" lon="-123.5377">
        <ele>896.29</ele>
      </trkpt>
      <trkpt lat="47.96325" lon="-123.53787">
        <ele>889.92</ele>
      </trkpt>
      <trkpt lat="47.96321" lon="-123.53808">
        <ele>881.8</ele>
      </trkpt>
      <trkpt lat="47.96317" lon="-123.53832">
        <ele>876.16</ele>
      </trkpt>
      <trkpt lat="47.96307" lon="-123.53854">
        <ele>873.22</ele>
      </trkpt>
      <trkpt lat="47.96292" lon="-123.53872">
        <ele>873.58</ele>
      </trkpt>
      <trkpt lat="47.96266" lon="-123.53895">
        <ele>873.95</ele>
      </trkpt>
      <trkpt lat="47.9624" lon="-123.53917">
        <ele>872.09</ele>
      </trkpt>
      <trkpt lat="47.96215" lon="-123.53935">
        <ele>870.84</ele>
      </trkpt>
      <trkpt lat="47.96196" lon="-123.5395">
        <ele>868.93</ele>
      </trkpt>
      <trkpt lat="47.96179" lon="-123.53971">
        <ele>863.15</ele>
      </trkpt>
      <trkpt lat="47.96161" lon="-123.53987">
        <ele>858.23</ele>
      </trkpt>
      <trkpt lat="47.96136" lon="-123.53999">
        <ele>856.06</ele>
      </trkpt>
      <trkpt lat="47.96112" lon="-123.54009">
        <ele>856.02</ele>
      </trkpt>
      <trkpt lat="47.96091" lon="-123.54021">
        <ele>854.97</ele>
      </trkpt>
      <trkpt lat="47.96079" lon="-123.54034">
        <ele>850.78</ele>
      </trkpt>
      <trkpt lat="47.96066" lon="-123.54047">
        <ele>844.7</ele>
      </trkpt>
      <trkpt lat="47.96053" lon="-123.54059">
        <ele>839.61</ele>
      </trkpt>
      <trkpt lat="47.96038" lon="-123.54064">
        <ele>838.34</ele>
      </trkpt>
      <trkpt lat="47.9602" lon="-123.54063">
        <ele>840.43</ele>
      </trkpt>
      <trkpt lat="47.96005" lon="-123.54061">
        <ele>841.05</ele>
      </trkpt>
      <trkpt lat="47.95997" lon="-123.54067">
        <ele>838.73</ele>
      </trkpt>
      <trkpt lat="47.95996" lon="-123.5408">
        <ele>833.65</ele>
      </trkpt>
      <trkpt lat="47.96002" lon="-123.541">
        <ele>826.82</ele>
      </trkpt>
      <trkpt lat="47.96011" lon="-123.54125">
        <ele>822.5</ele>
      </trkpt>
      <trkpt lat="47.96021" lon="-123.5415">
        <ele>819.65</ele>
      </trkpt>
      <trkpt lat="47.96035" lon="-123.54172">
        <ele>816.75</ele>
      </trkpt>
      <trkpt lat="47.96049" lon="-123.54186">
        <ele>814.91</ele>
      </trkpt>
      <trkpt lat="47.96062" lon="-123.54197">
        <ele>813.72</ele>
      </trkpt>
      <trkpt lat="47.96079" lon="-123.54196">
        <ele>813.83</ele>
      </trkpt>
      <trkpt lat="47.96092" lon="-123.54194">
        <ele>813.11</ele>
      </trkpt>
      <trkpt lat="47.96101" lon="-123.54202">
        <ele>811.28</ele>
      </trkpt>
      <trkpt lat="47.96103" lon="-123.54221">
        <ele>808.9</ele>
      </trkpt>
      <trkpt lat="47.96095" lon="-123.54242">
        <ele>805.43</ele>
      </trkpt>
      <trkpt lat="47.96086" lon="-123.54264">
        <ele>800.69</ele>
      </trkpt>
      <trkpt lat="47.96076" lon="-123.54281">
        <ele>797.3</ele>
      </trkpt>
      <trkpt lat="47.96054" lon="-123.54288">
        <ele>796.79</ele>
      </trkpt>
      <trkpt lat="47.96041" lon="-123.54294">
        <ele>795.5</ele>
      </trkpt>
      <trkpt lat="47.96035" lon="-123.54304">
        <ele>793.3</ele>
      </trkpt>
      <trkpt lat="47.96038" lon="-123.54315">
        <ele>791.98</ele>
      </trkpt>
      <trkpt lat="47.96047" lon="-123.54329">
        <ele>790.47</ele>
      </trkpt>
      <trkpt lat="47.96063" lon="-123.54342">
        <ele>789.06</ele>
      </trkpt>
      <trkpt lat="47.96084" lon="-123.54353">
        <ele>788.88</ele>
      </trkpt>
      <trkpt lat="47.96098" lon="-123.54368">
        <ele>787.26</ele>
      </trkpt>
      <trkpt lat="47.96109" lon="-123.54383">
        <ele>785.72</ele>
      </trkpt>
      <trkpt lat="47.96115" lon="-123.54406">
        <ele>784.09</ele>
      </trkpt>
      <trkpt lat="47.96113" lon="-123.54421">
        <ele>783.53</ele>
      </trkpt>
      <trkpt lat="47.96106" lon="-123.5443">
        <ele>783.0</ele>
      </trkpt>
      <trkpt lat="47.96094" lon="-123.54433">
        <ele>783.0</ele>
      </trkpt>
      <trkpt lat="47.96071" lon="-123.54428">
        <ele>782.78</ele>
      </trkpt>
      <trkpt lat="47.96049" lon="-123.54417">
        <ele>782.26</ele>
      </trkpt>
      <trkpt lat="47.96033" lon="-123.54415">
        <ele>780.74</ele>
      </trkpt>
      <trkpt lat="47.96027" lon="-123.54421">
        <ele>779.92</ele>
      </trkpt>
      <trkpt lat="47.96028" lon="-123.54432">
        <ele>779.37</ele>
      </trkpt>
      <trkpt lat="47.96039" lon="-123.54458">
        <ele>778.38</ele>
      </trkpt>
      <trkpt lat="47.96054" lon="-123.54494">
        <ele>773.5</ele>
      </trkpt>
      <trkpt lat="47.96081" lon="-123.54528">
        <ele>769.7</ele>
      </trkpt>
      <trkpt lat="47.96107" lon="-123.54552">
        <ele>767.6</ele>
      </trkpt>
      <trkpt lat="47.96135" lon="-123.54565">
        <ele>766.55</ele>
      </trkpt>
      <trkpt lat="47.96159" lon="-123.54576">
        <ele>764.2</ele>
      </trkpt>
      <trkpt lat="47.96173" lon="-123.54578">
        <ele>761.07</ele>
      </trkpt>
      <trkpt lat="47.96186" lon="-123.54578">
        <ele>756.46</ele>
      </trkpt>
      <trkpt lat="47.9619" lon="-123.54593">
        <ele>750.83</ele>
      </trkpt>
      <trkpt lat="47.96187" lon="-123.54606">
        <ele>747.35</ele>
      </trkpt>
      <trkpt lat="47.9618" lon="-123.54616">
        <ele>745.5</ele>
      </trkpt>
      <trkpt lat="47.9617" lon="-123.5462">
        <ele>745.75</ele>
      </trkpt>
      <trkpt lat="47.96168" lon="-123.54635">
        <ele>742.7</ele>
      </trkpt>
      <trkpt lat="47.96163" lon="-123.54655">
        <ele>738.92</ele>
      </trkpt>
      <trkpt lat="47.96155" lon="-123.54671">
        <ele>735.46</ele>
      </trkpt>
      <trkpt lat="47.96141" lon="-123.54675">
        <ele>736.07</ele>
      </trkpt>
      <trkpt lat="47.96122" lon="-123.54676">
        <ele>737.81</ele>
      </trkpt>
      <trkpt lat="47.96108" lon="-123.54684">
        <ele>736.38</ele>
      </trkpt>
      <trkpt lat="47.96096" lon="-123.54701">
        <ele>731.88</ele>
      </trkpt>
      <trkpt lat="47.96078" lon="-123.54705">
        <ele>730.58</ele>
      </trkpt>
      <trkpt lat="47.96063" lon="-123.54707">
        <ele>729.09</ele>
      </trkpt>
      <trkpt lat="47.96046" lon="-123.54706">
        <ele>728.47</ele>
      </trkpt>
      <trkpt lat="47.96027" lon="-123.54699">
        <ele>727.97</ele>
      </trkpt>
      <trkpt lat="47.96011" lon="-123.54686">
        <ele>729.08</ele>
      </trkpt>
      <trkpt lat="47.95995" lon="-123.54674">
        <ele>728.67</ele>
      </trkpt>
      <trkpt lat="47.95983" lon="-123.54658">
        <ele>729.1</ele>
      </trkpt>
      <trkpt lat="47.9597" lon="-123.5465">
        <ele>728.56</ele>
      </trkpt>
      <trkpt lat="47.9596" lon="-123.5465">
        <ele>727.48</ele>
      </trkpt>
      <trkpt lat="47.95956" lon="-123.54661">
        <ele>725.96</ele>
      </trkpt>
      <trkpt lat="47.95958" lon="-123.54675">
        <ele>725.51</ele>
      </trkpt>
      <trkpt lat="47.95964" lon="-123.54688">
        <ele>725.08</ele>
      </trkpt>
      <trkpt lat="47.95973" lon="-123.54709">
        <ele>724.43</ele>
      </trkpt>
      <trkpt lat="47.95984" lon="-123.54726">
        <ele>723.59</ele>
      </trkpt>
      <trkpt lat="47.95997" lon="-123.54738">
        <ele>721.62</ele>
      </trkpt>
      <trkpt lat="47.9601" lon="-123.54749">
        <ele>719.11</ele>
      </trkpt>
      <trkpt lat="47.96023" lon="-123.54762">
        <ele>716.7</ele>
      </trkpt>
      <trkpt lat="47.96031" lon="-123.54792">
        <ele>714.12</ele>
      </trkpt>
      <trkpt lat="47.96035" lon="-123.54823">
        <ele>712.22</ele>
      </trkpt>
      <trkpt lat="47.96042" lon="-123.5484">
        <ele>709.93</ele>
      </trkpt>
      <trkpt lat="47.9605" lon="-123.54855">
        <ele>706.46</ele>
      </trkpt>
      <trkpt lat="47.96063" lon="-123.54872">
        <ele>702.36</ele>
      </trkpt>
      <trkpt lat="47.96073" lon="-123.54907">
        <ele>700.12</ele>
      </trkpt>
      <trkpt lat="47.96075" lon="-123.54926">
        <ele>699.91</ele>
      </trkpt>
      <trkpt lat="47.96075" lon="-123.54949">
        <ele>700.8</ele>
      </trkpt>
      <trkpt lat="47.9607" lon="-123.54972">
        <ele>701.88</ele>
      </trkpt>
      <trkpt lat="47.96062" lon="-123.55003">
        <ele>699.98</ele>
      </trkpt>
      <trkpt lat="47.96057" lon="-123.55022">
        <ele>697.47</ele>
      </trkpt>
      <trkpt lat="47.96053" lon="-123.55054">
        <ele>693.17</ele>
      </trkpt>
      <trkpt lat="47.9605" lon="-123.55077">
        <ele>689.96</ele>
      </trkpt>
      <trkpt lat="47.9605" lon="-123.55093">
        <ele>687.96</ele>
      </trkpt>
      <trkpt lat="47.96052" lon="-123.55114">
        <ele>686.42</ele>
      </trkpt>
      <trkpt lat="47.9605" lon="-123.55134">
        <ele>685.4</ele>
      </trkpt>
      <trkpt lat="47.96049" lon="-123.55156">
        <ele>684.29</ele>
      </trkpt>
      <trkpt lat="47.96048" lon="-123.55171">
        <ele>684.18</ele>
      </trkpt>
      <trkpt lat="47.96043" lon="-123.55188">
        <ele>683.09</ele>
      </trkpt>
      <trkpt lat="47.96036" lon="-123.55205">
        <ele>681.87</ele>
      </trkpt>
      <trkpt lat="47.96028" lon="-123.55228">
        <ele>680.02</ele>
      </trkpt>
      <trkpt lat="47.96025" lon="-123.55245">
        <ele>678.7</ele>
      </trkpt>
      <trkpt lat="47.96022" lon="-123.55258">
        <ele>677.84</ele>
      </trkpt>
      <trkpt lat="47.9602" lon="-123.55273">
        <ele>676.75</ele>
      </trkpt>
      <trkpt lat="47.96019" lon="-123.55296">
        <ele>676.05</ele>
      </trkpt>
      <trkpt lat="47.96018" lon="-123.55319">
        <ele>674.46</ele>
      </trkpt>
      <trkpt lat="47.96016" lon="-123.55336">
        <ele>673.25</ele>
      </trkpt>
      <trkpt lat="47.96015" lon="-123.55353">
        <ele>672.12</ele>
      </trkpt>
      <trkpt lat="47.96015" lon="-123.5537">
        <ele>671.24</ele>
      </trkpt>
      <trkpt lat="47.96017" lon="-123.55388">
        <ele>670.52</ele>
      </trkpt>
      <trkpt lat="47.9602" lon="-123.55403">
        <ele>669.8</ele>
      </trkpt>
      <trkpt lat="47.96018" lon="-123.55421">
        <ele>667.86</ele>
      </trkpt>
      <trkpt lat="47.96017" lon="-123.55435">
        <ele>666.53</ele>
      </trkpt>
      <trkpt lat="47.96016" lon="-123.55451">
        <ele>664.48</ele>
      </trkpt>
      <trkpt lat="47.96015" lon="-123.5547">
        <ele>662.1</ele>
      </trkpt>
      <trkpt lat="47.96012" lon="-123.55487">
        <ele>659.29</ele>
      </trkpt>
      <trkpt lat="47.96008" lon="-123.55506">
        <ele>655.94</ele>
      </trkpt>
      <trkpt lat="47.96006" lon="-123.5552">
        <ele>653.78</ele>
      </trkpt>
      <trkpt lat="47.96002" lon="-123.55537">
        <ele>650.65</ele>
      </trkpt>
      <trkpt lat="47.95999" lon="-123.55554">
        <ele>647.74</ele>
      </trkpt>
      <trkpt lat="47.95995" lon="-123.5557">
        <ele>643.82</ele>
      </trkpt>
      <trkpt lat="47.95993" lon="-123.55587">
        <ele>641.04</ele>
      </trkpt>
      <trkpt lat="47.95994" lon="-123.55601">
        <ele>639.5</ele>
      </trkpt>
      <trkpt lat="47.95994" lon="-123.55616">
        <ele>636.54</ele>
      </trkpt>
      <trkpt lat="47.95994" lon="-123.55635">
        <ele>632.6</ele>
      </trkpt>
      <trkpt lat="47.95996" lon="-123.55653">
        <ele>629.49</ele>
      </trkpt>
      <trkpt lat="47.95997" lon="-123.5567">
        <ele>624.98</ele>
      </trkpt>
      <trkpt lat="47.95999" lon="-123.55692">
        <ele>621.1</ele>
      </trkpt>
      <trkpt lat="47.96003" lon="-123.55715">
        <ele>617.53</ele>
      </trkpt>
      <trkpt lat="47.96007" lon="-123.5573">
        <ele>616.43</ele>
      </trkpt>
      <trkpt lat="47.96012" lon="-123.55752">
        <ele>614.38</ele>
      </trkpt>
      <trkpt lat="47.96018" lon="-123.55772">
        <ele>613.1</ele>
      </trkpt>
      <trkpt lat="47.96022" lon="-123.55791">
        <ele>611.06</ele>
      </trkpt>
      <trkpt lat="47.96026" lon="-123.5581">
        <ele>608.46</ele>
      </trkpt>
      <trkpt lat="47.96032" lon="-123.55826">
        <ele>606.95</ele>
      </trkpt>
      <trkpt lat="47.96038" lon="-123.5584">
        <ele>605.77</ele>
      </trkpt>
      <trkpt lat="47.96046" lon="-123.55862">
        <ele>602.84</ele>
      </trkpt>
      <trkpt lat="47.96051" lon="-123.55879">
        <ele>601.12</ele>
      </trkpt>
      <trkpt lat="47.96058" lon="-123.55898">
        <ele>599.56</ele>
      </trkpt>
      <trkpt lat="47.96064" lon="-123.55912">
        <ele>598.88</ele>
      </trkpt>
      <trkpt lat="47.96069" lon="-123.55928">
        <ele>597.46</ele>
      </trkpt>
      <trkpt lat="47.96073" lon="-123.55946">
        <ele>595.43</ele>
      </trkpt>
      <trkpt lat="47.96076" lon="-123.55957">
        <ele>593.7</ele>
      </trkpt>
      <trkpt lat="47.96082" lon="-123.55968">
        <ele>592.62</ele>
      </trkpt>
      <trkpt lat="47.9609" lon="-123.5599">
        <ele>591.52</ele>
      </trkpt>
      <trkpt lat="47.96095" lon="-123.56011">
        <ele>589.59</ele>
      </trkpt>
      <trkpt lat="47.96101" lon="-123.56029">
        <ele>588.68</ele>
      </trkpt>
      <trkpt lat="47.9611" lon="-123.56059">
        <ele>587.39</ele>
      </trkpt>
      <trkpt lat="47.96119" lon="-123.5608">
        <ele>587.37</ele>
      </trkpt>
      <trkpt lat="47.96126" lon="-123.56098">
        <ele>586.88</ele>
      </trkpt>
      <trkpt lat="47.96133" lon="-123.56117">
        <ele>585.69</ele>
      </trkpt>
      <trkpt lat="47.96138" lon="-123.56147">
        <ele>582.04</ele>
      </trkpt>
      <trkpt lat="47.96143" lon="-123.56165">
        <ele>580.15</ele>
      </trkpt>
      <trkpt lat="47.96148" lon="-123.56174">
        <ele>579.38</ele>
      </trkpt>
      <trkpt lat="47.96153" lon="-123.56186">
        <ele>578.87</ele>
      </trkpt>
      <trkpt lat="47.96155" lon="-123.56209">
        <ele>575.22</ele>
      </trkpt>
      <trkpt lat="47.96157" lon="-123.56232">
        <ele>570.86</ele>
      </trkpt>
      <trkpt lat="47.96159" lon="-123.5626">
        <ele>566.25</ele>
      </trkpt>
      <trkpt lat="47.9616" lon="-123.56281">
        <ele>562.68</ele>
      </trkpt>
      <trkpt lat="47.96164" lon="-123.56303">
        <ele>559.78</ele>
      </trkpt>
      <trkpt lat="47.96169" lon="-123.56341">
        <ele>554.47</ele>
      </trkpt>
      <trkpt lat="47.96176" lon="-123.56374">
        <ele>550.62</ele>
      </trkpt>
      <trkpt lat="47.96181" lon="-123.56393">
        <ele>548.41</ele>
      </trkpt>
      <trkpt lat="47.96186" lon="-123.56419">
        <ele>544.9</ele>
      </trkpt>
      <trkpt lat="47.96196" lon="-123.56441">
        <ele>543.02</ele>
      </trkpt>
      <trkpt lat="47.96204" lon="-123.56467">
        <ele>540.61</ele>
      </trkpt>
      <trkpt lat="47.96213" lon="-123.5649">
        <ele>539.08</ele>
      </trkpt>
      <trkpt lat="47.96219" lon="-123.56513">
        <ele>538.25</ele>
      </trkpt>
      <trkpt lat="47.9623" lon="-123.56536">
        <ele>536.95</ele>
      </trkpt>
      <trkpt lat="47.96242" lon="-123.56553">
        <ele>535.65</ele>
      </trkpt>
      <trkpt lat="47.96257" lon="-123.56565">
        <ele>534.7</ele>
      </trkpt>
      <trkpt lat="47.96271" lon="-123.56574">
        <ele>533.28</ele>
      </trkpt>
      <trkpt lat="47.96287" lon="-123.56577">
        <ele>533.37</ele>
      </trkpt>
      <trkpt lat="47.96307" lon="-123.56581">
        <ele>534.66</ele>
      </trkpt>
      <trkpt lat="47.96323" lon="-123.56595">
        <ele>533.02</ele>
      </trkpt>
      <trkpt lat="47.96338" lon="-123.56616">
        <ele>529.95</ele>
      </trkpt>
      <trkpt lat="47.96351" lon="-123.56644">
        <ele>526.76</ele>
      </trkpt>
      <trkpt lat="47.96364" lon="-123.56666">
        <ele>526.06</ele>
      </trkpt>
      <trkpt lat="47.96378" lon="-123.56697">
        <ele>524.92</ele>
      </trkpt>
      <trkpt lat="47.96387" lon="-123.56729">
        <ele>521.92</ele>
      </trkpt>
      <trkpt lat="47.96397" lon="-123.56766">
        <ele>519.14</ele>
      </trkpt>
      <trkpt lat="47.96408" lon="-123.56804">
        <ele>518.49</ele>
      </trkpt>
      <trkpt lat="47.96415" lon="-123.56827">
        <ele>518.96</ele>
      </trkpt>
      <trkpt lat="47.96425" lon="-123.56848">
        <ele>520.02</ele>
      </trkpt>
      <trkpt lat="47.96436" lon="-123.56868">
        <ele>521.61</ele>
      </trkpt>
      <trkpt lat="47.96446" lon="-123.56891">
        <ele>521.41</ele>
      </trkpt>
      <trkpt lat="47.96453" lon="-123.56915">
        <ele>520.12</ele>
      </trkpt>
      <trkpt lat="47.9646" lon="-123.56933">
        <ele>519.44</ele>
      </trkpt>
      <trkpt lat="47.96468" lon="-123.56948">
        <ele>519.58</ele>
      </trkpt>
      <trkpt lat="47.96474" lon="-123.56974">
        <ele>517.23</ele>
      </trkpt>
      <trkpt lat="47.96483" lon="-123.56996">
        <ele>516.36</ele>
      </trkpt>
      <trkpt lat="47.96491" lon="-123.57022">
        <ele>514.33</ele>
      </trkpt>
      <trkpt lat="47.96499" lon="-123.57047">
        <ele>511.52</ele>
      </trkpt>
      <trkpt lat="47.96505" lon="-123.57066">
        <ele>509.9</ele>
      </trkpt>
      <trkpt lat="47.9651" lon="-123.57089">
        <ele>507.02</ele>
      </trkpt>
      <trkpt lat="47.96515" lon="-123.57109">
        <ele>503.94</ele>
      </trkpt>
      <trkpt lat="47.96525" lon="-123.57136">
        <ele>502.42</ele>
      </trkpt>
      <trkpt lat="47.9653" lon="-123.57156">
        <ele>500.26</ele>
      </trkpt>
      <trkpt lat="47.96536" lon="-123.57184">
        <ele>496.81</ele>
      </trkpt>
      <trkpt lat="47.96541" lon="-123.57206">
        <ele>493.54</ele>
      </trkpt>
      <trkpt lat="47.96545" lon="-123.57225">
        <ele>490.36</ele>
      </trkpt>
      <trkpt lat="47.96548" lon="-123.57252">
        <ele>482.46</ele>
      </trkpt>
      <trkpt lat="47.96551" lon="-123.57276">
        <ele>477.43</ele>
      </trkpt>
      <trkpt lat="47.96558" lon="-123.57303">
        <ele>476.87</ele>
      </trkpt>
      <trkpt lat="47.96562" lon="-123.57325">
        <ele>475.31</ele>
      </trkpt>
      <trkpt lat="47.96565" lon="-123.57349">
        <ele>472.7</ele>
      </trkpt>
      <trkpt lat="47.96574" lon="-123.5738">
        <ele>468.87</ele>
      </trkpt>
      <trkpt lat="47.96579" lon="-123.574">
        <ele>467.32</ele>
      </trkpt>
      <trkpt lat="47.96585" lon="-123.57428">
        <ele>464.63</ele>
      </trkpt>
      <trkpt lat="47.96593" lon="-123.57449">
        <ele>465.28</ele>
      </trkpt>
      <trkpt lat="47.96599" lon="-123.57474">
        <ele>463.08</ele>
      </trkpt>
      <trkpt lat="47.96603" lon="-123.575">
        <ele>459.62</ele>
      </trkpt>
      <trkpt lat="47.96607" lon="-123.5753">
        <ele>454.88</ele>
      </trkpt>
      <trkpt lat="47.96615" lon="-123.57554">
        <ele>454.02</ele>
      </trkpt>
      <trkpt lat="47.96624" lon="-123.57583">
        <ele>451.64</ele>
      </trkpt>
      <trkpt lat="47.96632" lon="-123.57617">
        <ele>448.23</ele>
      </trkpt>
      <trkpt lat="47.96641" lon="-123.57649">
        <ele>445.59</ele>
      </trkpt>
      <trkpt lat="47.96652" lon="-123.57679">
        <ele>443.92</ele>
      </trkpt>
      <trkpt lat="47.96663" lon="-123.57702">
        <ele>443.18</ele>
      </trkpt>
      <trkpt lat="47.96676" lon="-123.57712">
        <ele>446.12</ele>
      </trkpt>
      <trkpt lat="47.96688" lon="-123.5773">
        <ele>445.23</ele>
      </trkpt>
      <trkpt lat="47.96702" lon="-123.57754">
        <ele>444.58</ele>
      </trkpt>
      <trkpt lat="47.96715" lon="-123.57781">
        <ele>442.47</ele>
      </trkpt>
      <trkpt lat="47.96728" lon="-123.57804">
        <ele>440.69</ele>
      </trkpt>
      <trkpt lat="47.96746" lon="-123.57821">
        <ele>442.94</ele>
      </trkpt>
      <trkpt lat="47.96758" lon="-123.57842">
        <ele>442.64</ele>
      </trkpt>
      <trkpt lat="47.96771" lon="-123.57862">
        <ele>442.52</ele>
      </trkpt>
      <trkpt lat="47.9679" lon="-123.5788">
        <ele>441.83</ele>
      </trkpt>
      <trkpt lat="47.96808" lon="-123.57898">
        <ele>438.33</ele>
      </trkpt>
      <trkpt lat="47.9683" lon="-123.57922">
        <ele>434.49</ele>
      </trkpt>
      <trkpt lat="47.9685" lon="-123.57933">
        <ele>433.27</ele>
      </trkpt>
      <trkpt lat="47.96865" lon="-123.57935">
        <ele>433.46</ele>
      </trkpt>
      <trkpt lat="47.96877" lon="-123.57939">
        <ele>433.18</ele>
      </trkpt>
      <trkpt lat="47.9689" lon="-123.57943">
        <ele>433.31</ele>
      </trkpt>
      <trkpt lat="47.96904" lon="-123.57956">
        <ele>430.5</ele>
      </trkpt>
      <trkpt lat="47.96917" lon="-123.57962">
        <ele>429.21</ele>
      </trkpt>
      <trkpt lat="47.96935" lon="-123.57959">
        <ele>429.86</ele>
      </trkpt>
      <trkpt lat="47.96955" lon="-123.5796">
        <ele>429.64</ele>
      </trkpt>
      <trkpt lat="47.96972" lon="-123.57961">
        <ele>429.42</ele>
      </trkpt>
      <trkpt lat="47.96986" lon="-123.57965">
        <ele>428.56</ele>
      </trkpt>
      <trkpt lat="47.97001" lon="-123.57971">
        <ele>427.26</ele>
      </trkpt>
      <trkpt lat="47.97018" lon="-123.57979">
        <ele>425.28</ele>
      </trkpt>
      <trkpt lat="47.97031" lon="-123.57985">
        <ele>424.02</ele>
      </trkpt>
      <trkpt lat="47.97043" lon="-123.57994">
        <ele>422.3</ele>
      </trkpt>
      <trkpt lat="47.97055" lon="-123.58011">
        <ele>419.62</ele>
      </trkpt>
      <trkpt lat="47.97062" lon="-123.58026">
        <ele>417.19</ele>
      </trkpt>
      <trkpt lat="47.97073" lon="-123.58041">
        <ele>414.14</ele>
      </trkpt>
      <trkpt lat="47.97089" lon="-123.58048">
        <ele>412.63</ele>
      </trkpt>
      <trkpt lat="47.97098" lon="-123.5806">
        <ele>410.04</ele>
      </trkpt>
      <trkpt lat="47.97111" lon="-123.58067">
        <ele>408.76</ele>
      </trkpt>
      <trkpt lat="47.97121" lon="-123.58078">
        <ele>407.11</ele>
      </trkpt>
      <trkpt lat="47.97129" lon="-123.58087">
        <ele>405.21</ele>
      </trkpt>
      <trkpt lat="47.97134" lon="-123.58099">
        <ele>403.31</ele>
      </trkpt>
      <trkpt lat="47.97134" lon="-123.5811">
        <ele>401.66</ele>
      </trkpt>
      <trkpt lat="47.97127" lon="-123.58116">
        <ele>400.32</ele>
      </trkpt>
      <trkpt lat="47.9712" lon="-123.58118">
        <ele>399.5</ele>
      </trkpt>
      <trkpt lat="47.97107" lon="-123.5812">
        <ele>398.61</ele>
      </trkpt>
      <trkpt lat="47.97093" lon="-123.58121">
        <ele>396.91</ele>
      </trkpt>
      <trkpt lat="47.97077" lon="-123.58121">
        <ele>396.16</ele>
      </trkpt>
      <trkpt lat="47.97064" lon="-123.58121">
        <ele>394.79</ele>
      </trkpt>
      <trkpt lat="47.97051" lon="-123.58121">
        <ele>394.73</ele>
      </trkpt>
      <trkpt lat="47.97038" lon="-123.58124">
        <ele>393.08</ele>
      </trkpt>
      <trkpt lat="47.97024" lon="-123.5813">
        <ele>389.8</ele>
      </trkpt>
      <trkpt lat="47.97013" lon="-123.5814">
        <ele>384.64</ele>
      </trkpt>
      <trkpt lat="47.96999" lon="-123.58158">
        <ele>381.94</ele>
      </trkpt>
      <trkpt lat="47.96981" lon="-123.58167">
        <ele>381.96</ele>
      </trkpt>
      <trkpt lat="47.96967" lon="-123.58179">
        <ele>380.67</ele>
      </trkpt>
      <trkpt lat="47.96952" lon="-123.58196">
        <ele>378.65</ele>
      </trkpt>
      <trkpt lat="47.96945" lon="-123.58221">
        <ele>375.19</ele>
      </trkpt>
      <trkpt lat="47.96942" lon="-123.58245">
        <ele>372.74</ele>
      </trkpt>
      <trkpt lat="47.96943" lon="-123.58266">
        <ele>371.12</ele>
      </trkpt>
      <trkpt lat="47.96942" lon="-123.58284">
        <ele>370.06</ele>
      </trkpt>
      <trkpt lat="47.96939" lon="-123.58306">
        <ele>369.39</ele>
      </trkpt>
      <trkpt lat="47.96927" lon="-123.58308">
        <ele>368.12</ele>
      </trkpt>
      <trkpt lat="47.96915" lon="-123.5829">
        <ele>366.82</ele>
      </trkpt>
      <trkpt lat="47.96903" lon="-123.58282">
        <ele>365.52</ele>
      </trkpt>
      <trkpt lat="47.96885" lon="-123.58277">
        <ele>363.58</ele>
      </trkpt>
      <trkpt lat="47.96865" lon="-123.58277">
        <ele>361.47</ele>
      </trkpt>
      <trkpt lat="47.96852" lon="-123.58274">
        <ele>360.42</ele>
      </trkpt>
      <trkpt lat="47.96838" lon="-123.58266">
        <ele>359.91</ele>
      </trkpt>
      <trkpt lat="47.96824" lon="-123.58262">
        <ele>359.4</ele>
      </trkpt>
      <trkpt lat="47.96814" lon="-123.5826">
        <ele>358.82</ele>
      </trkpt>
      <trkpt lat="47.96807" lon="-123.58255">
        <ele>358.62</ele>
      </trkpt>
      <trkpt lat="47.96784" lon="-123.58248">
        <ele>355.56</ele>
      </trkpt>
      <trkpt lat="47.96774" lon="-123.58237">
        <ele>354.83</ele>
      </trkpt>
      <trkpt lat="47.96771" lon="-123.58229">
        <ele>355.27</ele>
      </trkpt>
      <trkpt lat="47.96768" lon="-123.58214">
        <ele>357.61</ele>
      </trkpt>
      <trkpt lat="47.96766" lon="-123.58198">
        <ele>360.42</ele>
      </trkpt>
      <trkpt lat="47.96761" lon="-123.58181">
        <ele>363.28</ele>
      </trkpt>
      <trkpt lat="47.96747" lon="-123.58164">
        <ele>362.57</ele>
      </trkpt>
      <trkpt lat="47.96737" lon="-123.5815">
        <ele>362.38</ele>
      </trkpt>
      <trkpt lat="47.96722" lon="-123.58129">
        <ele>361.02</ele>
      </trkpt>
      <trkpt lat="47.96707" lon="-123.58106">
        <ele>361.08</ele>
      </trkpt>
      <trkpt lat="47.96691" lon="-123.58085">
        <ele>361.42</ele>
      </trkpt>
      <trkpt lat="47.96676" lon="-123.58069">
        <ele>360.78</ele>
      </trkpt>
      <trkpt lat="47.96668" lon="-123.58059">
        <ele>360.91</ele>
      </trkpt>
      <trkpt lat="47.96657" lon="-123.58041">
        <ele>362.55</ele>
      </trkpt>
      <trkpt lat="47.9665" lon="-123.58023">
        <ele>365.24</ele>
      </trkpt>
      <trkpt lat="47.96645" lon="-123.58011">
        <ele>366.48</ele>
      </trkpt>
      <trkpt lat="47.96634" lon="-123.57977">
        <ele>369.43</ele>
      </trkpt>
      <trkpt lat="47.96624" lon="-123.57956">
        <ele>370.54</ele>
      </trkpt>
      <trkpt lat="47.96612" lon="-123.57934">
        <ele>371.45</ele>
      </trkpt>
      <trkpt lat="47.96594" lon="-123.57916">
        <ele>370.45</ele>
      </trkpt>
      <trkpt lat="47.96581" lon="-123.57899">
        <ele>370.06</ele>
      </trkpt>
      <trkpt lat="47.96571" lon="-123.57877">
        <ele>372.57</ele>
      </trkpt>
      <trkpt lat="47.96562" lon="-123.57856">
        <ele>374.5</ele>
      </trkpt>
      <trkpt lat="47.96555" lon="-123.57843">
        <ele>375.73</ele>
      </trkpt>
      <trkpt lat="47.96545" lon="-123.57827">
        <ele>375.95</ele>
      </trkpt>
      <trkpt lat="47.96534" lon="-123.57816">
        <ele>374.76</ele>
      </trkpt>
      <trkpt lat="47.96527" lon="-123.57808">
        <ele>374.24</ele>
      </trkpt>
      <trkpt lat="47.9651" lon="-123.57772">
        <ele>375.49</ele>
      </trkpt>
      <trkpt lat="47.96495" lon="-123.57757">
        <ele>373.62</ele>
      </trkpt>
      <trkpt lat="47.96482" lon="-123.57732">
        <ele>374.06</ele>
      </trkpt>
      <trkpt lat="47.96471" lon="-123.57705">
        <ele>375.34</ele>
      </trkpt>
      <trkpt lat="47.96461" lon="-123.57679">
        <ele>376.7</ele>
      </trkpt>
      <trkpt lat="47.96454" lon="-123.57661">
        <ele>377.3</ele>
      </trkpt>
      <trkpt lat="47.96447" lon="-123.57636">
        <ele>380.04</ele>
      </trkpt>
      <trkpt lat="47.96442" lon="-123.57615">
        <ele>383.37</ele>
      </trkpt>
      <trkpt lat="47.96436" lon="-123.57585">
        <ele>388.98</ele>
      </trkpt>
      <trkpt lat="47.9643" lon="-123.57562">
        <ele>392.93</ele>
      </trkpt>
      <trkpt lat="47.96422" lon="-123.57547">
        <ele>393.58</ele>
      </trkpt>
      <trkpt lat="47.96408" lon="-123.57525">
        <ele>394.79</ele>
      </trkpt>
      <trkpt lat="47.96401" lon="-123.57512">
        <ele>395.33</ele>
      </trkpt>
      <trkpt lat="47.96394" lon="-123.575">
        <ele>396.1</ele>
      </trkpt>
      <trkpt lat="47.96382" lon="-123.57477">
        <ele>397.48</ele>
      </trkpt>
      <trkpt lat="47.96375" lon="-123.57465">
        <ele>398.17</ele>
      </trkpt>
      <trkpt lat="47.96363" lon="-123.57448">
        <ele>398.64</ele>
      </trkpt>
      <trkpt lat="47.96349" lon="-123.57421">
        <ele>401.08</ele>
      </trkpt>
      <trkpt lat="47.96328" lon="-123.57398">
        <ele>401.87</ele>
      </trkpt>
      <trkpt lat="47.96309" lon="-123.57392">
        <ele>400.28</ele>
      </trkpt>
      <trkpt lat="47.96284" lon="-123.57383">
        <ele>398.31</ele>
      </trkpt>
      <trkpt lat="47.96253" lon="-123.5738">
        <ele>394.26</ele>
      </trkpt>
      <trkpt lat="47.96229" lon="-123.57366">
        <ele>394.55</ele>
      </trkpt>
      <trkpt lat="47.96206" lon="-123.57346">
        <ele>395.51</ele>
      </trkpt>
      <trkpt lat="47.96195" lon="-123.57338">
        <ele>395.56</ele>
      </trkpt>
      <trkpt lat="47.96181" lon="-123.57335">
        <ele>394.74</ele>
      </trkpt>
      <trkpt lat="47.96171" lon="-123.57335">
        <ele>394.2</ele>
      </trkpt>
      <trkpt lat="47.96154" lon="-123.57344">
        <ele>391.38</ele>
      </trkpt>
      <trkpt lat="47.96133" lon="-123.57347">
        <ele>389.41</ele>
      </trkpt>
      <trkpt lat="47.96105" lon="-123.57339">
        <ele>388.78</ele>
      </trkpt>
      <trkpt lat="47.96082" lon="-123.57329">
        <ele>388.79</ele>
      </trkpt>
      <trkpt lat="47.96069" lon="-123.57318">
        <ele>390.61</ele>
      </trkpt>
      <trkpt lat="47.96059" lon="-123.5731">
        <ele>391.41</ele>
      </trkpt>
      <trkpt lat="47.96048" lon="-123.57297">
        <ele>393.85</ele>
      </trkpt>
      <trkpt lat="47.96031" lon="-123.57285">
        <ele>395.52</ele>
      </trkpt>
      <trkpt lat="47.96005" lon="-123.57275">
        <ele>396.28</ele>
      </trkpt>
      <trkpt lat="47.95984" lon="-123.57252">
        <ele>401.41</ele>
      </trkpt>
      <trkpt lat="47.95961" lon="-123.57248">
        <ele>399.44</ele>
      </trkpt>
      <trkpt lat="47.95943" lon="-123.57245">
        <ele>397.0</ele>
      </trkpt>
      <trkpt lat="47.95927" lon="-123.57242">
        <ele>395.81</ele>
      </trkpt>
      <trkpt lat="47.95913" lon="-123.57238">
        <ele>395.67</ele>
      </trkpt>
      <trkpt lat="47.95897" lon="-123.57231">
        <ele>396.08</ele>
      </trkpt>
      <trkpt lat="47.9588" lon="-123.57226">
        <ele>395.82</ele>
      </trkpt>
      <trkpt lat="47.95874" lon="-123.57223">
        <ele>396.14</ele>
      </trkpt>
      <trkpt lat="47.95868" lon="-123.57219">
        <ele>396.7</ele>
      </trkpt>
      <trkpt lat="47.9585" lon="-123.57157">
        <ele>416.73</ele>
      </trkpt>
      <trkpt lat="47.95832" lon="-123.57096">
        <ele>428.83</ele>
      </trkpt>
      <trkpt lat="47.95813" lon="-123.57034">
        <ele>433.28</ele>
      </trkpt>
      <trkpt lat="47.95795" lon="-123.56972">
        <ele>429.3</ele>
      </trkpt>
      <trkpt lat="47.95777" lon="-123.56911">
        <ele>423.63</ele>
      </trkpt>
      <trkpt lat="47.95759" lon="-123.56849">
        <ele>419.9</ele>
      </trkpt>
      <trkpt lat="47.9574" lon="-123.56788">
        <ele>416.66</ele>
      </trkpt>
      <trkpt lat="47.95722" lon="-123.56726">
        <ele>412.92</ele>
      </trkpt>
      <trkpt lat="47.95704" lon="-123.56664">
        <ele>406.13</ele>
      </trkpt>
      <trkpt lat="47.95686" lon="-123.56603">
        <ele>395.56</ele>
      </trkpt>
      <trkpt lat="47.95667" lon="-123.56541">
        <ele>381.59</ele>
      </trkpt>
      <trkpt lat="47.95649" lon="-123.56479">
        <ele>375.28</ele>
      </trkpt>
      <trkpt lat="47.95631" lon="-123.56418">
        <ele>370.57</ele>
      </trkpt>
      <trkpt lat="47.95613" lon="-123.56356">
        <ele>368.16</ele>
      </trkpt>
      <trkpt lat="47.95595" lon="-123.56295">
        <ele>367.18</ele>
      </trkpt>
      <trkpt lat="47.95576" lon="-123.56233">
        <ele>367.46</ele>
      </trkpt>
      <trkpt lat="47.95558" lon="-123.56171">
        <ele>366.59</ele>
      </trkpt>
      <trkpt lat="47.9554" lon="-123.5611">
        <ele>365.4</ele>
      </trkpt>
      <trkpt lat="47.95522" lon="-123.56048">
        <ele>364.01</ele>
      </trkpt>
      <trkpt lat="47.95503" lon="-123.55986">
        <ele>361.64</ele>
      </trkpt>
      <trkpt lat="47.95485" lon="-123.55925">
        <ele>359.62</ele>
      </trkpt>
      <trkpt lat="47.95467" lon="-123.55863">
        <ele>358.54</ele>
      </trkpt>
      <trkpt lat="47.95449" lon="-123.55801">
        <ele>356.95</ele>
      </trkpt>
      <trkpt lat="47.9543" lon="-123.5574">
        <ele>353.28</ele>
      </trkpt>
      <trkpt lat="47.95412" lon="-123.55678">
        <ele>350.38</ele>
      </trkpt>
      <trkpt lat="47.95394" lon="-123.55617">
        <ele>348.66</ele>
      </trkpt>
      <trkpt lat="47.95376" lon="-123.55555">
        <ele>347.85</ele>
      </trkpt>
      <trkpt lat="47.95357" lon="-123.55493">
        <ele>346.53</ele>
      </trkpt>
      <trkpt lat="47.95339" lon="-123.55432">
        <ele>345.22</ele>
      </trkpt>
      <trkpt lat="47.95321" lon="-123.5537">
        <ele>344.34</ele>
      </trkpt>
      <trkpt lat="47.95307" lon="-123.55339">
        <ele>342.37</ele>
      </trkpt>
      <trkpt lat="47.95307" lon="-123.55332">
        <ele>342.59</ele>
      </trkpt>
      <trkpt lat="47.9531" lon="-123.55304">
        <ele>345.04</ele>
      </trkpt>
      <trkpt lat="47.95316" lon="-123.5529">
        <ele>347.34</ele>
      </trkpt>
      <trkpt lat="47.95319" lon="-123.55262">
        <ele>350.06</ele>
      </trkpt>
      <trkpt lat="47.95319" lon="-123.55234">
        <ele>352.54</ele>
      </trkpt>
      <trkpt lat="47.95319" lon="-123.55213">
        <ele>354.8</ele>
      </trkpt>
      <trkpt lat="47.95315" lon="-123.55141">
        <ele>360.87</ele>
      </trkpt>
      <trkpt lat="47.95315" lon="-123.55123">
        <ele>362.82</ele>
      </trkpt>
      <trkpt lat="47.95314" lon="-123.55101">
        <ele>364.82</ele>
      </trkpt>
      <trkpt lat="47.95313" lon="-123.55077">
        <ele>368.25</ele>
      </trkpt>
      <trkpt lat="47.95315" lon="-123.55042">
        <ele>374.56</ele>
      </trkpt>
      <trkpt lat="47.95314" lon="-123.55028">
        <ele>375.53</ele>
      </trkpt>
      <trkpt lat="47.95314" lon="-123.55015">
        <ele>377.85</ele>
      </trkpt>
      <trkpt lat="47.95314" lon="-123.54987">
        <ele>381.37</ele>
      </trkpt>
      <trkpt lat="47.95314" lon="-123.54963">
        <ele>384.56</ele>
      </trkpt>
      <trkpt lat="47.95315" lon="-123.54933">
        <ele>388.32</ele>
      </trkpt>
      <trkpt lat="47.95316" lon="-123.54909">
        <ele>391.34</ele>
      </trkpt>
      <trkpt lat="47.95316" lon="-123.54887">
        <ele>394.72</ele>
      </trkpt>
      <trkpt lat="47.95317" lon="-123.5485">
        <ele>399.53</ele>
      </trkpt>
      <trkpt lat="47.95318" lon="-123.5483">
        <ele>403.08</ele>
      </trkpt>
      <trkpt lat="47.95319" lon="-123.54813">
        <ele>406.09</ele>
      </trkpt>
      <trkpt lat="47.95319" lon="-123.54802">
        <ele>407.64</ele>
      </trkpt>
      <trkpt lat="47.9532" lon="-123.54778">
        <ele>411.22</ele>
      </trkpt>
      <trkpt lat="47.95321" lon="-123.54753">
        <ele>413.9</ele>
      </trkpt>
      <trkpt lat="47.95321" lon="-123.54741">
        <ele>414.98</ele>
      </trkpt>
      <trkpt lat="47.95319" lon="-123.54684">
        <ele>420.48</ele>
      </trkpt>
      <trkpt lat="47.95315" lon="-123.54656">
        <ele>421.23</ele>
      </trkpt>
      <trkpt lat="47.9531" lon="-123.5462">
        <ele>422.96</ele>
      </trkpt>
      <trkpt lat="47.95307" lon="-123.54599">
        <ele>423.93</ele>
      </trkpt>
      <trkpt lat="47.95306" lon="-123.54575">
        <ele>426.09</ele>
      </trkpt>
      <trkpt lat="47.95306" lon="-123.54556">
        <ele>429.14</ele>
      </trkpt>
      <trkpt lat="47.95305" lon="-123.54518">
        <ele>433.76</ele>
      </trkpt>
      <trkpt lat="47.95304" lon="-123.54501">
        <ele>435.96</ele>
      </trkpt>
      <trkpt lat="47.95303" lon="-123.54477">
        <ele>438.24</ele>
      </trkpt>
      <trkpt lat="47.95303" lon="-123.54459">
        <ele>440.32</ele>
      </trkpt>
      <trkpt lat="47.95302" lon="-123.54449">
        <ele>440.66</ele>
      </trkpt>
      <trkpt lat="47.95301" lon="-123.54423">
        <ele>442.35</ele>
      </trkpt>
      <trkpt lat="47.95299" lon="-123.54399">
        <ele>443.78</ele>
      </trkpt>
      <trkpt lat="47.95298" lon="-123.54373">
        <ele>445.27</ele>
      </trkpt>
      <trkpt lat="47.95297" lon="-123.54349">
        <ele>446.54</ele>
      </trkpt>
      <trkpt lat="47.95296" lon="-123.54332">
        <ele>447.05</ele>
      </trkpt>
      <trkpt lat="47.95289" lon="-123.54282">
        <ele>449.18</ele>
      </trkpt>
      <trkpt lat="47.95282" lon="-123.54262">
        <ele>449.07</ele>
      </trkpt>
      <trkpt lat="47.95278" lon="-123.54233">
        <ele>450.91</ele>
      </trkpt>
      <trkpt lat="47.95281" lon="-123.54215">
        <ele>454.68</ele>
      </trkpt>
      <trkpt lat="47.95282" lon="-123.5419">
        <ele>458.78</ele>
      </trkpt>
      <trkpt lat="47.95281" lon="-123.54153">
        <ele>463.52</ele>
      </trkpt>
      <trkpt lat="47.9528" lon="-123.54138">
        <ele>464.06</ele>
      </trkpt>
      <trkpt lat="47.95279" lon="-123.54101">
        <ele>465.54</ele>
      </trkpt>
      <trkpt lat="47.9528" lon="-123.54081">
        <ele>467.02</ele>
      </trkpt>
      <trkpt lat="47.9528" lon="-123.54047">
        <ele>468.9</ele>
      </trkpt>
      <trkpt lat="47.95278" lon="-123.54021">
        <ele>468.12</ele>
      </trkpt>
      <trkpt lat="47.95275" lon="-123.5399">
        <ele>466.8</ele>
      </trkpt>
      <trkpt lat="47.9527" lon="-123.53971">
        <ele>464.64</ele>
      </trkpt>
      <trkpt lat="47.95264" lon="-123.53946">
        <ele>462.54</ele>
      </trkpt>
      <trkpt lat="47.95265" lon="-123.53912">
        <ele>461.36</ele>
      </trkpt>
      <trkpt lat="47.95266" lon="-123.5389">
        <ele>460.03</ele>
      </trkpt>
      <trkpt lat="47.95268" lon="-123.53872">
        <ele>457.95</ele>
      </trkpt>
      <trkpt lat="47.95277" lon="-123.53844">
        <ele>456.73</ele>
      </trkpt>
      <trkpt lat="47.95288" lon="-123.53826">
        <ele>459.33</ele>
      </trkpt>
      <trkpt lat="47.95285" lon="-123.53811">
        <ele>455.87</ele>
      </trkpt>
      <trkpt lat="47.95273" lon="-123.53814">
        <ele>454.62</ele>
      </trkpt>
      <trkpt lat="47.95266" lon="-123.53817">
        <ele>453.32</ele>
      </trkpt>
      <trkpt lat="47.95255" lon="-123.53819">
        <ele>452.34</ele>
      </trkpt>
      <trkpt lat="47.95243" lon="-123.53821">
        <ele>450.91</ele>
      </trkpt>
      <trkpt lat="47.95226" lon="-123.53819">
        <ele>449.5</ele>
      </trkpt>
      <trkpt lat="47.95222" lon="-123.53813">
        <ele>450.37</ele>
      </trkpt>
      <trkpt lat="47.95224" lon="-123.53801">
        <ele>453.18</ele>
      </trkpt>
      <trkpt lat="47.9523" lon="-123.53786">
        <ele>457.16</ele>
      </trkpt>
      <trkpt lat="47.95235" lon="-123.53766">
        <ele>463.58</ele>
      </trkpt>
      <trkpt lat="47.95238" lon="-123.53743">
        <ele>471.68</ele>
      </trkpt>
      <trkpt lat="47.95237" lon="-123.53724">
        <ele>477.13</ele>
      </trkpt>
      <trkpt lat="47.95232" lon="-123.53702">
        <ele>482.43</ele>
      </trkpt>
      <trkpt lat="47.95227" lon="-123.5368">
        <ele>487.15</ele>
      </trkpt>
      <trkpt lat="47.95215" lon="-123.53652">
        <ele>490.61</ele>
      </trkpt>
      <trkpt lat="47.95203" lon="-123.53623">
        <ele>494.28</ele>
      </trkpt>
      <trkpt lat="47.95196" lon="-123.53601">
        <ele>496.6</ele>
      </trkpt>
      <trkpt lat="47.95188" lon="-123.53577">
        <ele>498.28</ele>
      </trkpt>
      <trkpt lat="47.95172" lon="-123.53535">
        <ele>498.95</ele>
      </trkpt>
      <trkpt lat="47.95156" lon="-123.53493">
        <ele>498.3</ele>
      </trkpt>
      <trkpt lat="47.95146" lon="-123.5347">
        <ele>498.54</ele>
      </trkpt>
      <trkpt lat="47.95132" lon="-123.53431">
        <ele>500.93</ele>
      </trkpt>
      <trkpt lat="47.95121" lon="-123.53407">
        <ele>503.34</ele>
      </trkpt>
      <trkpt lat="47.95105" lon="-123.53377">
        <ele>506.68</ele>
      </trkpt>
      <trkpt lat="47.95089" lon="-123.5335">
        <ele>506.66</ele>
      </trkpt>
      <trkpt lat="47.95073" lon="-123.53322">
        <ele>505.15</ele>
      </trkpt>
      <trkpt lat="47.95062" lon="-123.53303">
        <ele>504.2</ele>
      </trkpt>
      <trkpt lat="47.95048" lon="-123.53282">
        <ele>502.84</ele>
      </trkpt>
      <trkpt lat="47.95033" lon="-123.53262">
        <ele>502.5</ele>
      </trkpt>
      <trkpt lat="47.95017" lon="-123.53244">
        <ele>501.45</ele>
      </trkpt>
      <trkpt lat="47.95003" lon="-123.53233">
        <ele>499.64</ele>
      </trkpt>
      <trkpt lat="47.94985" lon="-123.53214">
        <ele>497.03</ele>
      </trkpt>
      <trkpt lat="47.94969" lon="-123.53203">
        <ele>494.06</ele>
      </trkpt>
      <trkpt lat="47.94955" lon="-123.53191">
        <ele>491.79</ele>
      </trkpt>
      <trkpt lat="47.94943" lon="-123.53183">
        <ele>487.85</ele>
      </trkpt>
      <trkpt lat="47.94929" lon="-123.53167">
        <ele>485.26</ele>
      </trkpt>
      <trkpt lat="47.94918" lon="-123.53151">
        <ele>483.22</ele>
      </trkpt>
      <trkpt lat="47.94906" lon="-123.53117">
        <ele>486.12</ele>
      </trkpt>
      <trkpt lat="47.94897" lon="-123.531">
        <ele>485.58</ele>
      </trkpt>
      <trkpt lat="47.94887" lon="-123.53066">
        <ele>483.88</ele>
      </trkpt>
      <trkpt lat="47.94882" lon="-123.53046">
        <ele>483.54</ele>
      </trkpt>
      <trkpt lat="47.94879" lon="-123.53026">
        <ele>482.67</ele>
      </trkpt>
      <trkpt lat="47.94876" lon="-123.52996">
        <ele>482.86</ele>
      </trkpt>
      <trkpt lat="47.94876" lon="-123.52964">
        <ele>484.39</ele>
      </trkpt>
      <trkpt lat="47.94881" lon="-123.52943">
        <ele>485.72</ele>
      </trkpt>
      <trkpt lat="47.94885" lon="-123.52917">
        <ele>485.36</ele>
      </trkpt>
      <trkpt lat="47.94889" lon="-123.52895">
        <ele>484.71</ele>
      </trkpt>
      <trkpt lat="47.94891" lon="-123.52876">
        <ele>483.52</ele>
      </trkpt>
      <trkpt lat="47.94893" lon="-123.52861">
        <ele>482.76</ele>
      </trkpt>
      <trkpt lat="47.94889" lon="-123.52838">
        <ele>477.55</ele>
      </trkpt>
      <trkpt lat="47.94882" lon="-123.52824">
        <ele>473.02</ele>
      </trkpt>
      <trkpt lat="47.94871" lon="-123.52821">
        <ele>471.38</ele>
      </trkpt>
      <trkpt lat="47.94855" lon="-123.52834">
        <ele>468.95</ele>
      </trkpt>
      <trkpt lat="47.94838" lon="-123.52849">
        <ele>467.8</ele>
      </trkpt>
      <trkpt lat="47.94811" lon="-123.52855">
        <ele>469.48</ele>
      </trkpt>
      <trkpt lat="47.94781" lon="-123.52876">
        <ele>473.7</ele>
      </trkpt>
      <trkpt lat="47.94764" lon="-123.52871">
        <ele>475.97</ele>
      </trkpt>
      <trkpt lat="47.94741" lon="-123.52861">
        <ele>477.98</ele>
      </trkpt>
      <trkpt lat="47.94722" lon="-123.52859">
        <ele>478.25</ele>
      </trkpt>
      <trkpt lat="47.94706" lon="-123.52855">
        <ele>479.0</ele>
      </trkpt>
      <trkpt lat="47.94694" lon="-123.5285">
        <ele>479.2</ele>
      </trkpt>
      <trkpt lat="47.94674" lon="-123.52842">
        <ele>480.0</ele>
      </trkpt>
      <trkpt lat="47.9466" lon="-123.52835">
        <ele>480.0</ele>
      </trkpt>
      <trkpt lat="47.94643" lon="-123.52828">
        <ele>480.0</ele>
      </trkpt>
      <trkpt lat="47.94627" lon="-123.52817">
        <ele>480.0</ele>
      </trkpt>
      <trkpt lat="47.94609" lon="-123.52801">
        <ele>480.38</ele>
      </trkpt>
      <trkpt lat="47.94584" lon="-123.52771">
        <ele>481.73</ele>
      </trkpt>
      <trkpt lat="47.94569" lon="-123.52748">
        <ele>482.22</ele>
      </trkpt>
      <trkpt lat="47.94554" lon="-123.52727">
        <ele>483.0</ele>
      </trkpt>
      <trkpt lat="47.94535" lon="-123.52708">
        <ele>483.54</ele>
      </trkpt>
      <trkpt lat="47.94518" lon="-123.52693">
        <ele>484.0</ele>
      </trkpt>
      <trkpt lat="47.94497" lon="-123.52678">
        <ele>484.0</ele>
      </trkpt>
      <trkpt lat="47.94457" lon="-123.52656">
        <ele>484.15</ele>
      </trkpt>
      <trkpt lat="47.94428" lon="-123.52645">
        <ele>484.08</ele>
      </trkpt>
      <trkpt lat="47.94407" lon="-123.5263">
        <ele>484.0</ele>
      </trkpt>
      <trkpt lat="47.94394" lon="-123.52602">
        <ele>485.54</ele>
      </trkpt>
      <trkpt lat="47.94378" lon="-123.52567">
        <ele>486.96</ele>
      </trkpt>
      <trkpt lat="47.94361" lon="-123.52536">
        <ele>488.11</ele>
      </trkpt>
      <trkpt lat="47.94346" lon="-123.52513">
        <ele>488.96</ele>
      </trkpt>
      <trkpt lat="47.94332" lon="-123.52491">
        <ele>489.83</ele>
      </trkpt>
      <trkpt lat="47.94315" lon="-123.52458">
        <ele>491.56</ele>
      </trkpt>
      <trkpt lat="47.94294" lon="-123.52431">
        <ele>492.32</ele>
      </trkpt>
      <trkpt lat="47.94275" lon="-123.52417">
        <ele>492.63</ele>
      </trkpt>
      <trkpt lat="47.94262" lon="-123.52414">
        <ele>491.08</ele>
      </trkpt>
      <trkpt lat="47.94248" lon="-123.5241">
        <ele>489.56</ele>
      </trkpt>
      <trkpt lat="47.94229" lon="-123.5239">
        <ele>489.61</ele>
      </trkpt>
      <trkpt lat="47.94208" lon="-123.5238">
        <ele>488.45</ele>
      </trkpt>
      <trkpt lat="47.94194" lon="-123.52362">
        <ele>488.86</ele>
      </trkpt>
      <trkpt lat="47.94183" lon="-123.5234">
        <ele>489.04</ele>
      </trkpt>
      <trkpt lat="47.9417" lon="-123.52322">
        <ele>489.58</ele>
      </trkpt>
      <trkpt lat="47.94155" lon="-123.523">
        <ele>490.34</ele>
      </trkpt>
      <trkpt lat="47.94147" lon="-123.52283">
        <ele>490.31</ele>
      </trkpt>
      <trkpt lat="47.94137" lon="-123.52258">
        <ele>491.93</ele>
      </trkpt>
      <trkpt lat="47.94123" lon="-123.52237">
        <ele>491.69</ele>
      </trkpt>
      <trkpt lat="47.94116" lon="-123.52217">
        <ele>492.32</ele>
      </trkpt>
      <trkpt lat="47.94109" lon="-123.52182">
        <ele>493.77</ele>
      </trkpt>
      <trkpt lat="47.941" lon="-123.52151">
        <ele>494.35</ele>
      </trkpt>
      <trkpt lat="47.94092" lon="-123.52121">
        <ele>494.81</ele>
      </trkpt>
      <trkpt lat="47.94087" lon="-123.52093">
        <ele>495.75</ele>
      </trkpt>
      <trkpt lat="47.9408" lon="-123.5207">
        <ele>496.08</ele>
      </trkpt>
      <trkpt lat="47.94072" lon="-123.52048">
        <ele>495.51</ele>
      </trkpt>
      <trkpt lat="47.94064" lon="-123.52023">
        <ele>495.25</ele>
      </trkpt>
      <trkpt lat="47.94054" lon="-123.52002">
        <ele>493.32</ele>
      </trkpt>
      <trkpt lat="47.94041" lon="-123.51992">
        <ele>490.23</ele>
      </trkpt>
      <trkpt lat="47.9403" lon="-123.51977">
        <ele>488.48</ele>
      </trkpt>
      <trkpt lat="47.94019" lon="-123.51964">
        <ele>487.05</ele>
      </trkpt>
      <trkpt lat="47.94004" lon="-123.51948">
        <ele>485.7</ele>
      </trkpt>
      <trkpt lat="47.93994" lon="-123.51916">
        <ele>485.75</ele>
      </trkpt>
      <trkpt lat="47.93987" lon="-123.51876">
        <ele>486.35</ele>
      </trkpt>
      <trkpt lat="47.9398" lon="-123.51864">
        <ele>485.68</ele>
      </trkpt>
      <trkpt lat="47.9397" lon="-123.51875">
        <ele>483.02</ele>
      </trkpt>
      <trkpt lat="47.93966" lon="-123.51905">
        <ele>481.41</ele>
      </trkpt>
      <trkpt lat="47.93955" lon="-123.51921">
        <ele>479.14</ele>
      </trkpt>
      <trkpt lat="47.93935" lon="-123.51874">
        <ele>475.96</ele>
      </trkpt>
      <trkpt lat="47.93899" lon="-123.51864">
        <ele>467.28</ele>
      </trkpt>
      <trkpt lat="47.93883" lon="-123.51814">
        <ele>462.73</ele>
      </trkpt>
      <trkpt lat="47.93877" lon="-123.51774">
        <ele>459.92</ele>
      </trkpt>
      <trkpt lat="47.93873" lon="-123.51756">
        <ele>455.2</ele>
      </trkpt>
      <trkpt lat="47.93876" lon="-123.51738">
        <ele>454.16</ele>
      </trkpt>
      <trkpt lat="47.93886" lon="-123.51727">
        <ele>458.45</ele>
      </trkpt>
      <trkpt lat="47.93892" lon="-123.51708">
        <ele>458.45</ele>
      </trkpt>
      <trkpt lat="47.93895" lon="-123.51692">
        <ele>457.95</ele>
      </trkpt>
      <trkpt lat="47.93899" lon="-123.51655">
        <ele>454.29</ele>
      </trkpt>
      <trkpt lat="47.93905" lon="-123.51631">
        <ele>455.33</ele>
      </trkpt>
      <trkpt lat="47.93911" lon="-123.5161">
        <ele>456.6</ele>
      </trkpt>
      <trkpt lat="47.93914" lon="-123.51574">
        <ele>455.4</ele>
      </trkpt>
      <trkpt lat="47.93917" lon="-123.51554">
        <ele>455.89</ele>
      </trkpt>
      <trkpt lat="47.93919" lon="-123.51522">
        <ele>450.02</ele>
      </trkpt>
      <trkpt lat="47.93923" lon="-123.51497">
        <ele>447.82</ele>
      </trkpt>
      <trkpt lat="47.93924" lon="-123.51464">
        <ele>439.86</ele>
      </trkpt>
      <trkpt lat="47.93923" lon="-123.5143">
        <ele>431.86</ele>
      </trkpt>
      <trkpt lat="47.93923" lon="-123.51412">
        <ele>430.08</ele>
      </trkpt>
      <trkpt lat="47.93926" lon="-123.51381">
        <ele>429.19</ele>
      </trkpt>
      <trkpt lat="47.93927" lon="-123.51368">
        <ele>429.67</ele>
      </trkpt>
      <trkpt lat="47.93925" lon="-123.51343">
        <ele>426.84</ele>
      </trkpt>
      <trkpt lat="47.93923" lon="-123.51335">
        <ele>426.37</ele>
      </trkpt>
      <trkpt lat="47.93917" lon="-123.51331">
        <ele>424.82</ele>
      </trkpt>
      <trkpt lat="47.93901" lon="-123.51341">
        <ele>422.19</ele>
      </trkpt>
      <trkpt lat="47.93894" lon="-123.5136">
        <ele>421.5</ele>
      </trkpt>
      <trkpt lat="47.93888" lon="-123.51374">
        <ele>420.81</ele>
      </trkpt>
      <trkpt lat="47.93882" lon="-123.51409">
        <ele>420.3</ele>
      </trkpt>
      <trkpt lat="47.93876" lon="-123.51434">
        <ele>419.22</ele>
      </trkpt>
      <trkpt lat="47.93872" lon="-123.51452">
        <ele>418.5</ele>
      </trkpt>
      <trkpt lat="47.93866" lon="-123.51478">
        <ele>417.88</ele>
      </trkpt>
      <trkpt lat="47.93854" lon="-123.51498">
        <ele>415.46</ele>
      </trkpt>
      <trkpt lat="47.93777" lon="-123.51747">
        <ele>397.03</ele>
      </trkpt>
      <trkpt lat="47.93771" lon="-123.51757">
        <ele>397.0</ele>
      </trkpt>
      <trkpt lat="47.93768" lon="-123.51768">
        <ele>396.05</ele>
      </trkpt>
      <trkpt lat="47.93763" lon="-123.51778">
        <ele>395.6</ele>
      </trkpt>
      <trkpt lat="47.93759" lon="-123.51787">
        <ele>396.0</ele>
      </trkpt>
      <trkpt lat="47.93754" lon="-123.51797">
        <ele>395.52</ele>
      </trkpt>
      <trkpt lat="47.93747" lon="-123.51806">
        <ele>395.32</ele>
      </trkpt>
      <trkpt lat="47.93739" lon="-123.51813">
        <ele>396.19</ele>
      </trkpt>
      <trkpt lat="47.93731" lon="-123.5182">
        <ele>397.05</ele>
      </trkpt>
      <trkpt lat="47.93722" lon="-123.51824">
        <ele>398.1</ele>
      </trkpt>
      <trkpt lat="47.93713" lon="-123.51827">
        <ele>401.98</ele>
      </trkpt>
      <trkpt lat="47.93706" lon="-123.51833">
        <ele>405.04</ele>
      </trkpt>
      <trkpt lat="47.937" lon="-123.51843">
        <ele>407.57</ele>
      </trkpt>
      <trkpt lat="47.93696" lon="-123.51856">
        <ele>408.79</ele>
      </trkpt>
      <trkpt lat="47.93694" lon="-123.5187">
        <ele>409.19</ele>
      </trkpt>
      <trkpt lat="47.93691" lon="-123.51883">
        <ele>409.72</ele>
      </trkpt>
      <trkpt lat="47.93689" lon="-123.51896">
        <ele>410.04</ele>
      </trkpt>
      <trkpt lat="47.93687" lon="-123.51909">
        <ele>409.99</ele>
      </trkpt>
      <trkpt lat="47.93682" lon="-123.51919">
        <ele>412.21</ele>
      </trkpt>
      <trkpt lat="47.93677" lon="-123.51917">
        <ele>414.53</ele>
      </trkpt>
      <trkpt lat="47.93671" lon="-123.51908">
        <ele>417.57</ele>
      </trkpt>
      <trkpt lat="47.93668" lon="-123.519">
        <ele>419.25</ele>
      </trkpt>
      <trkpt lat="47.93664" lon="-123.51891">
        <ele>420.86</ele>
      </trkpt>
      <trkpt lat="47.93661" lon="-123.51877">
        <ele>421.84</ele>
      </trkpt>
      <trkpt lat="47.93658" lon="-123.51864">
        <ele>422.81</ele>
      </trkpt>
      <trkpt lat="47.93656" lon="-123.51851">
        <ele>424.46</ele>
      </trkpt>
      <trkpt lat="47.93654" lon="-123.51838">
        <ele>425.1</ele>
      </trkpt>
      <trkpt lat="47.93651" lon="-123.51826">
        <ele>426.87</ele>
      </trkpt>
      <trkpt lat="47.93647" lon="-123.51812">
        <ele>429.62</ele>
      </trkpt>
      <trkpt lat="47.93643" lon="-123.51807">
        <ele>431.78</ele>
      </trkpt>
      <trkpt lat="47.93636" lon="-123.51813">
        <ele>435.87</ele>
      </trkpt>
      <trkpt lat="47.93632" lon="-123.51822">
        <ele>438.27</ele>
      </trkpt>
      <trkpt lat="47.93631" lon="-123.51831">
        <ele>439.6</ele>
      </trkpt>
      <trkpt lat="47.9363" lon="-123.51844">
        <ele>440.64</ele>
      </trkpt>
      <trkpt lat="47.9363" lon="-123.51858">
        <ele>441.28</ele>
      </trkpt>
      <trkpt lat="47.93629" lon="-123.51871">
        <ele>442.55</ele>
      </trkpt>
      <trkpt lat="47.93628" lon="-123.51885">
        <ele>443.58</ele>
      </trkpt>
      <trkpt lat="47.93627" lon="-123.51898">
        <ele>445.54</ele>
      </trkpt>
      <trkpt lat="47.93626" lon="-123.51911">
        <ele>446.53</ele>
      </trkpt>
      <trkpt lat="47.93625" lon="-123.51924">
        <ele>448.29</ele>
      </trkpt>
      <trkpt lat="47.93623" lon="-123.51937">
        <ele>451.5</ele>
      </trkpt>
      <trkpt lat="47.93622" lon="-123.5195">
        <ele>453.19</ele>
      </trkpt>
      <trkpt lat="47.9362" lon="-123.51964">
        <ele>455.39</ele>
      </trkpt>
      <trkpt lat="47.93619" lon="-123.51977">
        <ele>456.89</ele>
      </trkpt>
      <trkpt lat="47.93618" lon="-123.5199">
        <ele>458.46</ele>
      </trkpt>
      <trkpt lat="47.93617" lon="-123.52004">
        <ele>459.46</ele>
      </trkpt>
      <trkpt lat="47.93616" lon="-123.52017">
        <ele>460.75</ele>
      </trkpt>
      <trkpt lat="47.93615" lon="-123.52031">
        <ele>462.63</ele>
      </trkpt>
      <trkpt lat="47.93613" lon="-123.52042">
        <ele>464.41</ele>
      </trkpt>
      <trkpt lat="47.93609" lon="-123.5205">
        <ele>467.77</ele>
      </trkpt>
      <trkpt lat="47.93602" lon="-123.52058">
        <ele>473.17</ele>
      </trkpt>
      <trkpt lat="47.93595" lon="-123.52066">
        <ele>480.79</ele>
      </trkpt>
      <trkpt lat="47.93587" lon="-123.52074">
        <ele>488.82</ele>
      </trkpt>
      <trkpt lat="47.9358" lon="-123.52081">
        <ele>493.8</ele>
      </trkpt>
      <trkpt lat="47.93572" lon="-123.52088">
        <ele>498.74</ele>
      </trkpt>
      <trkpt lat="47.93564" lon="-123.52095">
        <ele>503.44</ele>
      </trkpt>
      <trkpt lat="47.93556" lon="-123.52101">
        <ele>507.76</ele>
      </trkpt>
      <trkpt lat="47.93548" lon="-123.52107">
        <ele>511.63</ele>
      </trkpt>
      <trkpt lat="47.9354" lon="-123.52113">
        <ele>514.52</ele>
      </trkpt>
      <trkpt lat="47.93532" lon="-123.52119">
        <ele>516.78</ele>
      </trkpt>
      <trkpt lat="47.93524" lon="-123.52125">
        <ele>518.22</ele>
      </trkpt>
      <trkpt lat="47.93516" lon="-123.52132">
        <ele>519.03</ele>
      </trkpt>
      <trkpt lat="47.93508" lon="-123.52138">
        <ele>519.6</ele>
      </trkpt>
      <trkpt lat="47.935" lon="-123.52144">
        <ele>520.34</ele>
      </trkpt>
      <trkpt lat="47.93493" lon="-123.5215">
        <ele>520.72</ele>
      </trkpt>
      <trkpt lat="47.93484" lon="-123.52156">
        <ele>520.91</ele>
      </trkpt>
      <trkpt lat="47.93476" lon="-123.52162">
        <ele>521.78</ele>
      </trkpt>
      <trkpt lat="47.93468" lon="-123.52168">
        <ele>522.55</ele>
      </trkpt>
      <trkpt lat="47.9346" lon="-123.52173">
        <ele>523.27</ele>
      </trkpt>
      <trkpt lat="47.93452" lon="-123.5218">
        <ele>523.49</ele>
      </trkpt>
      <trkpt lat="47.93445" lon="-123.52187">
        <ele>523.49</ele>
      </trkpt>
      <trkpt lat="47.93437" lon="-123.52195">
        <ele>523.49</ele>
      </trkpt>
      <trkpt lat="47.93429" lon="-123.52202">
        <ele>523.04</ele>
      </trkpt>
      <trkpt lat="47.93422" lon="-123.52209">
        <ele>522.28</ele>
      </trkpt>
      <trkpt lat="47.93414" lon="-123.52215">
        <ele>521.85</ele>
      </trkpt>
      <trkpt lat="47.93405" lon="-123.52219">
        <ele>521.96</ele>
      </trkpt>
      <trkpt lat="47.93396" lon="-123.5222">
        <ele>522.71</ele>
      </trkpt>
      <trkpt lat="47.93388" lon="-123.52218">
        <ele>523.91</ele>
      </trkpt>
      <trkpt lat="47.93381" lon="-123.52213">
        <ele>524.99</ele>
      </trkpt>
      <trkpt lat="47.93375" lon="-123.52206">
        <ele>527.38</ele>
      </trkpt>
      <trkpt lat="47.93369" lon="-123.52195">
        <ele>530.02</ele>
      </trkpt>
      <trkpt lat="47.93365" lon="-123.52182">
        <ele>533.89</ele>
      </trkpt>
      <trkpt lat="47.93361" lon="-123.5217">
        <ele>537.93</ele>
      </trkpt>
      <trkpt lat="47.93356" lon="-123.52159">
        <ele>542.41</ele>
      </trkpt>
      <trkpt lat="47.93351" lon="-123.52148">
        <ele>546.96</ele>
      </trkpt>
      <trkpt lat="47.93345" lon="-123.52138">
        <ele>549.45</ele>
      </trkpt>
      <trkpt lat="47.9334" lon="-123.52128">
        <ele>551.25</ele>
      </trkpt>
      <trkpt lat="47.93333" lon="-123.52119">
        <ele>553.37</ele>
      </trkpt>
      <trkpt lat="47.93326" lon="-123.52111">
        <ele>554.45</ele>
      </trkpt>
      <trkpt lat="47.93318" lon="-123.52104">
        <ele>555.65</ele>
      </trkpt>
      <trkpt lat="47.93311" lon="-123.52096">
        <ele>557.07</ele>
      </trkpt>
      <trkpt lat="47.93304" lon="-123.52088">
        <ele>558.07</ele>
      </trkpt>
      <trkpt lat="47.93296" lon="-123.5208">
        <ele>558.0</ele>
      </trkpt>
      <trkpt lat="47.9329" lon="-123.52071">
        <ele>558.62</ele>
      </trkpt>
      <trkpt lat="47.93283" lon="-123.52062">
        <ele>558.17</ele>
      </trkpt>
      <trkpt lat="47.93277" lon="-123.52052">
        <ele>557.48</ele>
      </trkpt>
      <trkpt lat="47.93271" lon="-123.52042">
        <ele>556.88</ele>
      </trkpt>
      <trkpt lat="47.93265" lon="-123.5203">
        <ele>556.24</ele>
      </trkpt>
      <trkpt lat="47.93261" lon="-123.52018">
        <ele>556.04</ele>
      </trkpt>
      <trkpt lat="47.93257" lon="-123.52006">
        <ele>556.22</ele>
      </trkpt>
      <trkpt lat="47.93253" lon="-123.51994">
        <ele>555.94</ele>
      </trkpt>
      <trkpt lat="47.93251" lon="-123.51981">
        <ele>556.64</ele>
      </trkpt>
      <trkpt lat="47.93248" lon="-123.51968">
        <ele>557.59</ele>
      </trkpt>
      <trkpt lat="47.93246" lon="-123.51955">
        <ele>558.13</ele>
      </trkpt>
      <trkpt lat="47.93243" lon="-123.51942">
        <ele>559.3</ele>
      </trkpt>
      <trkpt lat="47.93241" lon="-123.51929">
        <ele>560.48</ele>
      </trkpt>
      <trkpt lat="47.93238" lon="-123.51916">
        <ele>562.01</ele>
      </trkpt>
      <trkpt lat="47.93235" lon="-123.51904">
        <ele>563.64</ele>
      </trkpt>
      <trkpt lat="47.93232" lon="-123.51891">
        <ele>564.82</ele>
      </trkpt>
      <trkpt lat="47.93229" lon="-123.51879">
        <ele>566.8</ele>
      </trkpt>
      <trkpt lat="47.93225" lon="-123.51867">
        <ele>567.23</ele>
      </trkpt>
      <trkpt lat="47.93222" lon="-123.51855">
        <ele>568.22</ele>
      </trkpt>
      <trkpt lat="47.93218" lon="-123.51842">
        <ele>569.3</ele>
      </trkpt>
      <trkpt lat="47.93214" lon="-123.5183">
        <ele>570.17</ele>
      </trkpt>
      <trkpt lat="47.9321" lon="-123.51818">
        <ele>571.24</ele>
      </trkpt>
      <trkpt lat="47.93206" lon="-123.51807">
        <ele>572.43</ele>
      </trkpt>
      <trkpt lat="47.93202" lon="-123.51795">
        <ele>573.54</ele>
      </trkpt>
      <trkpt lat="47.93198" lon="-123.51783">
        <ele>574.41</ele>
      </trkpt>
      <trkpt lat="47.93193" lon="-123.51771">
        <ele>575.61</ele>
      </trkpt>
      <trkpt lat="47.93189" lon="-123.5176">
        <ele>576.49</ele>
      </trkpt>
      <trkpt lat="47.93184" lon="-123.51748">
        <ele>577.95</ele>
      </trkpt>
      <trkpt lat="47.9318" lon="-123.51736">
        <ele>579.57</ele>
      </trkpt>
      <trkpt lat="47.93176" lon="-123.51725">
        <ele>581.13</ele>
      </trkpt>
      <trkpt lat="47.93171" lon="-123.51713">
        <ele>582.33</ele>
      </trkpt>
      <trkpt lat="47.93166" lon="-123.51702">
        <ele>583.26</ele>
      </trkpt>
      <trkpt lat="47.93162" lon="-123.5169">
        <ele>585.42</ele>
      </trkpt>
      <trkpt lat="47.93157" lon="-123.51679">
        <ele>587.47</ele>
      </trkpt>
      <trkpt lat="47.93152" lon="-123.51667">
        <ele>589.53</ele>
      </trkpt>
      <trkpt lat="47.93148" lon="-123.51656">
        <ele>591.54</ele>
      </trkpt>
      <trkpt lat="47.93143" lon="-123.51644">
        <ele>593.56</ele>
      </trkpt>
      <trkpt lat="47.93138" lon="-123.51633">
        <ele>594.43</ele>
      </trkpt>
      <trkpt lat="47.93134" lon="-123.51622">
        <ele>596.66</ele>
      </trkpt>
      <trkpt lat="47.93129" lon="-123.5161">
        <ele>598.25</ele>
      </trkpt>
      <trkpt lat="47.93124" lon="-123.51599">
        <ele>600.77</ele>
      </trkpt>
      <trkpt lat="47.93119" lon="-123.51588">
        <ele>604.09</ele>
      </trkpt>
      <trkpt lat="47.93114" lon="-123.51578">
        <ele>606.97</ele>
      </trkpt>
      <trkpt lat="47.93108" lon="-123.51567">
        <ele>610.06</ele>
      </trkpt>
      <trkpt lat="47.93102" lon="-123.51557">
        <ele>611.44</ele>
      </trkpt>
      <trkpt lat="47.93097" lon="-123.51546">
        <ele>613.51</ele>
      </trkpt>
      <trkpt lat="47.93091" lon="-123.51536">
        <ele>613.65</ele>
      </trkpt>
      <trkpt lat="47.93085" lon="-123.51525">
        <ele>614.62</ele>
      </trkpt>
      <trkpt lat="47.9308" lon="-123.51515">
        <ele>615.56</ele>
      </trkpt>
      <trkpt lat="47.93074" lon="-123.51505">
        <ele>615.35</ele>
      </trkpt>
      <trkpt lat="47.93069" lon="-123.51494">
        <ele>616.75</ele>
      </trkpt>
      <trkpt lat="47.93063" lon="-123.51484">
        <ele>617.4</ele>
      </trkpt>
      <trkpt lat="47.93057" lon="-123.51474">
        <ele>618.05</ele>
      </trkpt>
      <trkpt lat="47.93051" lon="-123.51464">
        <ele>617.75</ele>
      </trkpt>
      <trkpt lat="47.93045" lon="-123.51453">
        <ele>618.67</ele>
      </trkpt>
      <trkpt lat="47.93039" lon="-123.51443">
        <ele>619.32</ele>
      </trkpt>
      <trkpt lat="47.93034" lon="-123.51433">
        <ele>620.65</ele>
      </trkpt>
      <trkpt lat="47.93028" lon="-123.51422">
        <ele>621.36</ele>
      </trkpt>
      <trkpt lat="47.93023" lon="-123.51412">
        <ele>622.96</ele>
      </trkpt>
      <trkpt lat="47.93017" lon="-123.51401">
        <ele>623.89</ele>
      </trkpt>
      <trkpt lat="47.93011" lon="-123.51391">
        <ele>624.88</ele>
      </trkpt>
      <trkpt lat="47.93006" lon="-123.5138">
        <ele>625.86</ele>
      </trkpt>
      <trkpt lat="47.93" lon="-123.5137">
        <ele>626.08</ele>
      </trkpt>
      <trkpt lat="47.92995" lon="-123.51359">
        <ele>627.06</ele>
      </trkpt>
      <trkpt lat="47.9299" lon="-123.51348">
        <ele>628.59</ele>
      </trkpt>
      <trkpt lat="47.92985" lon="-123.51336">
        <ele>629.56</ele>
      </trkpt>
      <trkpt lat="47.9298" lon="-123.51325">
        <ele>630.32</ele>
      </trkpt>
      <trkpt lat="47.92976" lon="-123.51313">
        <ele>631.62</ele>
      </trkpt>
      <trkpt lat="47.92972" lon="-123.51301">
        <ele>632.91</ele>
      </trkpt>
      <trkpt lat="47.92968" lon="-123.51289">
        <ele>634.21</ele>
      </trkpt>
      <trkpt lat="47.92963" lon="-123.51277">
        <ele>635.18</ele>
      </trkpt>
      <trkpt lat="47.92959" lon="-123.51266">
        <ele>636.26</ele>
      </trkpt>
      <trkpt lat="47.92954" lon="-123.51254">
        <ele>637.23</ele>
      </trkpt>
      <trkpt lat="47.92949" lon="-123.51243">
        <ele>637.48</ele>
      </trkpt>
      <trkpt lat="47.92944" lon="-123.51232">
        <ele>637.74</ele>
      </trkpt>
      <trkpt lat="47.92939" lon="-123.51221">
        <ele>638.5</ele>
      </trkpt>
      <trkpt lat="47.92934" lon="-123.51209">
        <ele>639.47</ele>
      </trkpt>
      <trkpt lat="47.9293" lon="-123.51199">
        <ele>640.34</ele>
      </trkpt>
      <trkpt lat="47.92925" lon="-123.51188">
        <ele>641.09</ele>
      </trkpt>
      <trkpt lat="47.92919" lon="-123.51176">
        <ele>641.74</ele>
      </trkpt>
      <trkpt lat="47.92914" lon="-123.51165">
        <ele>642.5</ele>
      </trkpt>
      <trkpt lat="47.9291" lon="-123.51154">
        <ele>643.68</ele>
      </trkpt>
      <trkpt lat="47.92906" lon="-123.51142">
        <ele>644.82</ele>
      </trkpt>
      <trkpt lat="47.92902" lon="-123.5113">
        <ele>646.57</ele>
      </trkpt>
      <trkpt lat="47.92897" lon="-123.51118">
        <ele>648.02</ele>
      </trkpt>
      <trkpt lat="47.92893" lon="-123.51106">
        <ele>649.19</ele>
      </trkpt>
      <trkpt lat="47.92889" lon="-123.51094">
        <ele>651.58</ele>
      </trkpt>
      <trkpt lat="47.92885" lon="-123.51082">
        <ele>653.03</ele>
      </trkpt>
      <trkpt lat="47.92881" lon="-123.5107">
        <ele>654.26</ele>
      </trkpt>
      <trkpt lat="47.92876" lon="-123.51059">
        <ele>655.08</ele>
      </trkpt>
      <trkpt lat="47.92872" lon="-123.51047">
        <ele>656.05</ele>
      </trkpt>
      <trkpt lat="47.92867" lon="-123.51036">
        <ele>656.75</ele>
      </trkpt>
      <trkpt lat="47.92862" lon="-123.51025">
        <ele>657.1</ele>
      </trkpt>
      <trkpt lat="47.92857" lon="-123.51013">
        <ele>657.15</ele>
      </trkpt>
      <trkpt lat="47.92852" lon="-123.51002">
        <ele>657.79</ele>
      </trkpt>
      <trkpt lat="47.92847" lon="-123.50992">
        <ele>657.48</ele>
      </trkpt>
      <trkpt lat="47.92842" lon="-123.50981">
        <ele>657.94</ele>
      </trkpt>
      <trkpt lat="47.92836" lon="-123.50971">
        <ele>657.42</ele>
      </trkpt>
      <trkpt lat="47.92831" lon="-123.50961">
        <ele>657.55</ele>
      </trkpt>
      <trkpt lat="47.92825" lon="-123.50951">
        <ele>657.1</ele>
      </trkpt>
      <trkpt lat="47.92818" lon="-123.50942">
        <ele>655.69</ele>
      </trkpt>
      <trkpt lat="47.92812" lon="-123.50932">
        <ele>654.19</ele>
      </trkpt>
      <trkpt lat="47.92805" lon="-123.50923">
        <ele>652.82</ele>
      </trkpt>
      <trkpt lat="47.92799" lon="-123.50913">
        <ele>651.27</ele>
      </trkpt>
      <trkpt lat="47.92792" lon="-123.50904">
        <ele>649.78</ele>
      </trkpt>
      <trkpt lat="47.92786" lon="-123.50895">
        <ele>648.66</ele>
      </trkpt>
      <trkpt lat="47.92779" lon="-123.50886">
        <ele>646.71</ele>
      </trkpt>
      <trkpt lat="47.92772" lon="-123.50877">
        <ele>645.41</ele>
      </trkpt>
      <trkpt lat="47.92766" lon="-123.50867">
        <ele>644.28</ele>
      </trkpt>
      <trkpt lat="47.9276" lon="-123.50857">
        <ele>642.76</ele>
      </trkpt>
      <trkpt lat="47.92754" lon="-123.50846">
        <ele>641.99</ele>
      </trkpt>
      <trkpt lat="47.92749" lon="-123.50835">
        <ele>641.39</ele>
      </trkpt>
      <trkpt lat="47.92745" lon="-123.50823">
        <ele>642.13</ele>
      </trkpt>
      <trkpt lat="47.92741" lon="-123.50811">
        <ele>643.38</ele>
      </trkpt>
      <trkpt lat="47.92737" lon="-123.50799">
        <ele>645.51</ele>
      </trkpt>
      <trkpt lat="47.92733" lon="-123.50787">
        <ele>647.83</ele>
      </trkpt>
      <trkpt lat="47.92729" lon="-123.50774">
        <ele>649.63</ele>
      </trkpt>
      <trkpt lat="47.92726" lon="-123.50761">
        <ele>650.33</ele>
      </trkpt>
      <trkpt lat="47.92724" lon="-123.50749">
        <ele>650.77</ele>
      </trkpt>
      <trkpt lat="47.9272" lon="-123.50737">
        <ele>649.44</ele>
      </trkpt>
      <trkpt lat="47.92715" lon="-123.50726">
        <ele>647.88</ele>
      </trkpt>
      <trkpt lat="47.9271" lon="-123.50715">
        <ele>646.57</ele>
      </trkpt>
      <trkpt lat="47.92704" lon="-123.50705">
        <ele>644.13</ele>
      </trkpt>
      <trkpt lat="47.92699" lon="-123.50695">
        <ele>641.46</ele>
      </trkpt>
      <trkpt lat="47.92692" lon="-123.50686">
        <ele>637.42</ele>
      </trkpt>
      <trkpt lat="47.92685" lon="-123.50678">
        <ele>632.88</ele>
      </trkpt>
      <trkpt lat="47.92677" lon="-123.5067">
        <ele>627.7</ele>
      </trkpt>
      <trkpt lat="47.9267" lon="-123.50662">
        <ele>624.3</ele>
      </trkpt>
      <trkpt lat="47.92664" lon="-123.50652">
        <ele>622.02</ele>
      </trkpt>
      <trkpt lat="47.9266" lon="-123.5064">
        <ele>622.16</ele>
      </trkpt>
      <trkpt lat="47.92657" lon="-123.50626">
        <ele>622.61</ele>
      </trkpt>
      <trkpt lat="47.92654" lon="-123.50613">
        <ele>624.12</ele>
      </trkpt>
      <trkpt lat="47.92652" lon="-123.506">
        <ele>626.65</ele>
      </trkpt>
      <trkpt lat="47.9265" lon="-123.50587">
        <ele>628.81</ele>
      </trkpt>
      <trkpt lat="47.92648" lon="-123.50574">
        <ele>629.97</ele>
      </trkpt>
      <trkpt lat="47.92645" lon="-123.50562">
        <ele>631.48</ele>
      </trkpt>
      <trkpt lat="47.92642" lon="-123.5055">
        <ele>631.94</ele>
      </trkpt>
      <trkpt lat="47.92638" lon="-123.50537">
        <ele>631.52</ele>
      </trkpt>
      <trkpt lat="47.92635" lon="-123.50525">
        <ele>631.37</ele>
      </trkpt>
      <trkpt lat="47.92631" lon="-123.50513">
        <ele>630.48</ele>
      </trkpt>
      <trkpt lat="47.92627" lon="-123.50501">
        <ele>629.83</ele>
      </trkpt>
      <trkpt lat="47.92623" lon="-123.5049">
        <ele>629.15</ele>
      </trkpt>
      <trkpt lat="47.92618" lon="-123.50478">
        <ele>627.96</ele>
      </trkpt>
      <trkpt lat="47.92614" lon="-123.50466">
        <ele>628.41</ele>
      </trkpt>
      <trkpt lat="47.9261" lon="-123.50454">
        <ele>629.92</ele>
      </trkpt>
      <trkpt lat="47.92606" lon="-123.50442">
        <ele>631.05</ele>
      </trkpt>
      <trkpt lat="47.92602" lon="-123.5043">
        <ele>632.91</ele>
      </trkpt>
      <trkpt lat="47.92597" lon="-123.50419">
        <ele>634.19</ele>
      </trkpt>
      <trkpt lat="47.92593" lon="-123.50407">
        <ele>636.35</ele>
      </trkpt>
      <trkpt lat="47.92588" lon="-123.50396">
        <ele>636.22</ele>
      </trkpt>
      <trkpt lat="47.92583" lon="-123.50385">
        <ele>636.64</ele>
      </trkpt>
      <trkpt lat="47.92578" lon="-123.50374">
        <ele>636.59</ele>
      </trkpt>
      <trkpt lat="47.92573" lon="-123.50363">
        <ele>636.1</ele>
      </trkpt>
      <trkpt lat="47.92567" lon="-123.50353">
        <ele>635.03</ele>
      </trkpt>
      <trkpt lat="47.92561" lon="-123.50343">
        <ele>633.87</ele>
      </trkpt>
      <trkpt lat="47.92555" lon="-123.50333">
        <ele>631.74</ele>
      </trkpt>
      <trkpt lat="47.92551" lon="-123.50321">
        <ele>630.87</ele>
      </trkpt>
      <trkpt lat="47.92546" lon="-123.50309">
        <ele>629.47</ele>
      </trkpt>
      <trkpt lat="47.92542" lon="-123.50297">
        <ele>627.68</ele>
      </trkpt>
      <trkpt lat="47.92538" lon="-123.50285">
        <ele>625.82</ele>
      </trkpt>
      <trkpt lat="47.92534" lon="-123.50273">
        <ele>624.36</ele>
      </trkpt>
      <trkpt lat="47.92531" lon="-123.50261">
        <ele>622.74</ele>
      </trkpt>
      <trkpt lat="47.92527" lon="-123.50249">
        <ele>621.48</ele>
      </trkpt>
      <trkpt lat="47.92523" lon="-123.50236">
        <ele>618.94</ele>
      </trkpt>
      <trkpt lat="47.92519" lon="-123.50224">
        <ele>616.44</ele>
      </trkpt>
      <trkpt lat="47.92516" lon="-123.50212">
        <ele>613.43</ele>
      </trkpt>
      <trkpt lat="47.92512" lon="-123.502">
        <ele>609.08</ele>
      </trkpt>
      <trkpt lat="47.92508" lon="-123.50187">
        <ele>605.52</ele>
      </trkpt>
      <trkpt lat="47.92506" lon="-123.50174">
        <ele>603.03</ele>
      </trkpt>
      <trkpt lat="47.92503" lon="-123.50161">
        <ele>600.01</ele>
      </trkpt>
      <trkpt lat="47.92501" lon="-123.50148">
        <ele>597.63</ele>
      </trkpt>
      <trkpt lat="47.92498" lon="-123.50135">
        <ele>594.92</ele>
      </trkpt>
      <trkpt lat="47.92483" lon="-123.50098">
        <ele>584.92</ele>
      </trkpt>
      <trkpt lat="47.92474" lon="-123.50071">
        <ele>580.1</ele>
      </trkpt>
      <trkpt lat="47.92459" lon="-123.50036">
        <ele>581.4</ele>
      </trkpt>
      <trkpt lat="47.9245" lon="-123.50016">
        <ele>579.27</ele>
      </trkpt>
      <trkpt lat="47.92445" lon="-123.50006">
        <ele>577.65</ele>
      </trkpt>
      <trkpt lat="47.92437" lon="-123.49989">
        <ele>575.97</ele>
      </trkpt>
      <trkpt lat="47.9243" lon="-123.49971">
        <ele>573.76</ele>
      </trkpt>
      <trkpt lat="47.92424" lon="-123.49952">
        <ele>569.38</ele>
      </trkpt>
      <trkpt lat="47.92418" lon="-123.49932">
        <ele>564.51</ele>
      </trkpt>
      <trkpt lat="47.92414" lon="-123.4991">
        <ele>572.3</ele>
      </trkpt>
      <trkpt lat="47.92411" lon="-123.49889">
        <ele>578.75</ele>
      </trkpt>
      <trkpt lat="47.9241" lon="-123.49868">
        <ele>586.66</ele>
      </trkpt>
      <trkpt lat="47.92409" lon="-123.49847">
        <ele>596.61</ele>
      </trkpt>
      <trkpt lat="47.92408" lon="-123.49826">
        <ele>605.36</ele>
      </trkpt>
      <trkpt lat="47.92402" lon="-123.4981">
        <ele>609.74</ele>
      </trkpt>
      <trkpt lat="47.9239" lon="-123.498">
        <ele>608.35</ele>
      </trkpt>
      <trkpt lat="47.92377" lon="-123.49791">
        <ele>606.27</ele>
      </trkpt>
      <trkpt lat="47.92364" lon="-123.49782">
        <ele>603.88</ele>
      </trkpt>
      <trkpt lat="47.92352" lon="-123.49771">
        <ele>602.26</ele>
      </trkpt>
      <trkpt lat="47.92339" lon="-123.49759">
        <ele>599.52</ele>
      </trkpt>
      <trkpt lat="47.92329" lon="-123.49744">
        <ele>598.6</ele>
      </trkpt>
      <trkpt lat="47.9232" lon="-123.49728">
        <ele>597.55</ele>
      </trkpt>
      <trkpt lat="47.92311" lon="-123.49711">
        <ele>596.04</ele>
      </trkpt>
      <trkpt lat="47.92303" lon="-123.49694">
        <ele>595.45</ele>
      </trkpt>
      <trkpt lat="47.92296" lon="-123.49675">
        <ele>597.14</ele>
      </trkpt>
      <trkpt lat="47.92289" lon="-123.49657">
        <ele>598.97</ele>
      </trkpt>
      <trkpt lat="47.92281" lon="-123.49639">
        <ele>600.37</ele>
      </trkpt>
      <trkpt lat="47.9227" lon="-123.49626">
        <ele>598.75</ele>
      </trkpt>
      <trkpt lat="47.92258" lon="-123.49617">
        <ele>594.96</ele>
      </trkpt>
      <trkpt lat="47.92244" lon="-123.49607">
        <ele>589.0</ele>
      </trkpt>
      <trkpt lat="47.92234" lon="-123.49593">
        <ele>586.53</ele>
      </trkpt>
      <trkpt lat="47.92224" lon="-123.49577">
        <ele>585.07</ele>
      </trkpt>
      <trkpt lat="47.92215" lon="-123.49561">
        <ele>583.14</ele>
      </trkpt>
      <trkpt lat="47.92207" lon="-123.49544">
        <ele>582.28</ele>
      </trkpt>
      <trkpt lat="47.922" lon="-123.49525">
        <ele>581.6</ele>
      </trkpt>
      <trkpt lat="47.92193" lon="-123.49506">
        <ele>580.87</ele>
      </trkpt>
      <trkpt lat="47.92186" lon="-123.49488">
        <ele>579.82</ele>
      </trkpt>
      <trkpt lat="47.92179" lon="-123.49469">
        <ele>577.67</ele>
      </trkpt>
      <trkpt lat="47.92173" lon="-123.49449">
        <ele>574.58</ele>
      </trkpt>
      <trkpt lat="47.92164" lon="-123.49432">
        <ele>573.01</ele>
      </trkpt>
      <trkpt lat="47.92154" lon="-123.49418">
        <ele>572.98</ele>
      </trkpt>
      <trkpt lat="47.92148" lon="-123.49399">
        <ele>573.88</ele>
      </trkpt>
      <trkpt lat="47.92143" lon="-123.49379">
        <ele>575.47</ele>
      </trkpt>
      <trkpt lat="47.9214" lon="-123.49357">
        <ele>577.92</ele>
      </trkpt>
      <trkpt lat="47.92138" lon="-123.49335">
        <ele>579.53</ele>
      </trkpt>
      <trkpt lat="47.92137" lon="-123.49314">
        <ele>581.7</ele>
      </trkpt>
      <trkpt lat="47.92134" lon="-123.49294">
        <ele>583.37</ele>
      </trkpt>
      <trkpt lat="47.9213" lon="-123.49274">
        <ele>586.82</ele>
      </trkpt>
      <trkpt lat="47.9212" lon="-123.49262">
        <ele>588.7</ele>
      </trkpt>
      <trkpt lat="47.92107" lon="-123.49254">
        <ele>589.12</ele>
      </trkpt>
      <trkpt lat="47.92094" lon="-123.49244">
        <ele>589.1</ele>
      </trkpt>
      <trkpt lat="47.92081" lon="-123.49234">
        <ele>588.48</ele>
      </trkpt>
      <trkpt lat="47.92068" lon="-123.49225">
        <ele>586.69</ele>
      </trkpt>
      <trkpt lat="47.92055" lon="-123.49216">
        <ele>582.76</ele>
      </trkpt>
      <trkpt lat="47.92045" lon="-123.49203">
        <ele>577.5</ele>
      </trkpt>
      <trkpt lat="47.92037" lon="-123.49184">
        <ele>575.25</ele>
      </trkpt>
      <trkpt lat="47.9203" lon="-123.49164">
        <ele>579.58</ele>
      </trkpt>
      <trkpt lat="47.92026" lon="-123.49144">
        <ele>584.79</ele>
      </trkpt>
      <trkpt lat="47.92023" lon="-123.49122">
        <ele>589.22</ele>
      </trkpt>
      <trkpt lat="47.92021" lon="-123.49101">
        <ele>593.21</ele>
      </trkpt>
      <trkpt lat="47.92016" lon="-123.49084">
        <ele>596.58</ele>
      </trkpt>
      <trkpt lat="47.92005" lon="-123.49077">
        <ele>596.91</ele>
      </trkpt>
      <trkpt lat="47.91991" lon="-123.49072">
        <ele>596.48</ele>
      </trkpt>
      <trkpt lat="47.91975" lon="-123.49067">
        <ele>594.13</ele>
      </trkpt>
      <trkpt lat="47.91962" lon="-123.49063">
        <ele>590.76</ele>
      </trkpt>
      <trkpt lat="47.91948" lon="-123.49057">
        <ele>585.67</ele>
      </trkpt>
      <trkpt lat="47.91935" lon="-123.4905">
        <ele>586.82</ele>
      </trkpt>
      <trkpt lat="47.91922" lon="-123.49041">
        <ele>590.39</ele>
      </trkpt>
      <trkpt lat="47.9191" lon="-123.4903">
        <ele>593.52</ele>
      </trkpt>
      <trkpt lat="47.91897" lon="-123.49022">
        <ele>595.2</ele>
      </trkpt>
      <trkpt lat="47.91883" lon="-123.49016">
        <ele>595.91</ele>
      </trkpt>
      <trkpt lat="47.91869" lon="-123.49013">
        <ele>595.04</ele>
      </trkpt>
      <trkpt lat="47.91854" lon="-123.49011">
        <ele>593.86</ele>
      </trkpt>
      <trkpt lat="47.9184" lon="-123.4901">
        <ele>592.82</ele>
      </trkpt>
      <trkpt lat="47.91826" lon="-123.49008">
        <ele>592.48</ele>
      </trkpt>
      <trkpt lat="47.91812" lon="-123.49005">
        <ele>592.08</ele>
      </trkpt>
      <trkpt lat="47.91798" lon="-123.49">
        <ele>591.37</ele>
      </trkpt>
      <trkpt lat="47.91785" lon="-123.48991">
        <ele>592.48</ele>
      </trkpt>
      <trkpt lat="47.91773" lon="-123.48981">
        <ele>593.1</ele>
      </trkpt>
      <trkpt lat="47.91761" lon="-123.48969">
        <ele>594.07</ele>
      </trkpt>
      <trkpt lat="47.91747" lon="-123.48963">
        <ele>593.02</ele>
      </trkpt>
      <trkpt lat="47.91733" lon="-123.48956">
        <ele>591.58</ele>
      </trkpt>
      <trkpt lat="47.9172" lon="-123.48951">
        <ele>589.33</ele>
      </trkpt>
      <trkpt lat="47.91706" lon="-123.48945">
        <ele>586.62</ele>
      </trkpt>
      <trkpt lat="47.91692" lon="-123.48938">
        <ele>584.6</ele>
      </trkpt>
      <trkpt lat="47.91679" lon="-123.4893">
        <ele>581.74</ele>
      </trkpt>
      <trkpt lat="47.91666" lon="-123.48921">
        <ele>578.24</ele>
      </trkpt>
      <trkpt lat="47.91654" lon="-123.48911">
        <ele>574.51</ele>
      </trkpt>
      <trkpt lat="47.9164" lon="-123.48904">
        <ele>571.61</ele>
      </trkpt>
      <trkpt lat="47.91627" lon="-123.48899">
        <ele>570.53</ele>
      </trkpt>
      <trkpt lat="47.91614" lon="-123.48892">
        <ele>570.85</ele>
      </trkpt>
      <trkpt lat="47.916" lon="-123.48882">
        <ele>570.49</ele>
      </trkpt>
      <trkpt lat="47.91587" lon="-123.48873">
        <ele>569.51</ele>
      </trkpt>
      <trkpt lat="47.91574" lon="-123.48864">
        <ele>567.67</ele>
      </trkpt>
      <trkpt lat="47.91562" lon="-123.48855">
        <ele>565.39</ele>
      </trkpt>
      <trkpt lat="47.9155" lon="-123.48843">
        <ele>562.2</ele>
      </trkpt>
      <trkpt lat="47.9154" lon="-123.48828">
        <ele>557.42</ele>
      </trkpt>
      <trkpt lat="47.91528" lon="-123.48816">
        <ele>554.9</ele>
      </trkpt>
      <trkpt lat="47.91514" lon="-123.48811">
        <ele>558.51</ele>
      </trkpt>
      <trkpt lat="47.915" lon="-123.48812">
        <ele>561.61</ele>
      </trkpt>
      <trkpt lat="47.91487" lon="-123.48817">
        <ele>563.2</ele>
      </trkpt>
      <trkpt lat="47.91475" lon="-123.48825">
        <ele>564.1</ele>
      </trkpt>
      <trkpt lat="47.91463" lon="-123.48833">
        <ele>565.06</ele>
      </trkpt>
      <trkpt lat="47.91453" lon="-123.48848">
        <ele>563.44</ele>
      </trkpt>
      <trkpt lat="47.91442" lon="-123.48862">
        <ele>562.34</ele>
      </trkpt>
      <trkpt lat="47.9143" lon="-123.48874">
        <ele>561.94</ele>
      </trkpt>
      <trkpt lat="47.91418" lon="-123.48885">
        <ele>561.91</ele>
      </trkpt>
      <trkpt lat="47.91405" lon="-123.48895">
        <ele>561.54</ele>
      </trkpt>
      <trkpt lat="47.91393" lon="-123.48905">
        <ele>561.22</ele>
      </trkpt>
      <trkpt lat="47.91379" lon="-123.48913">
        <ele>561.26</ele>
      </trkpt>
      <trkpt lat="47.91365" lon="-123.4892">
        <ele>559.92</ele>
      </trkpt>
      <trkpt lat="47.91351" lon="-123.48923">
        <ele>558.17</ele>
      </trkpt>
      <trkpt lat="47.91338" lon="-123.4892">
        <ele>558.38</ele>
      </trkpt>
      <trkpt lat="47.91325" lon="-123.48917">
        <ele>560.69</ele>
      </trkpt>
      <trkpt lat="47.91311" lon="-123.4892">
        <ele>559.99</ele>
      </trkpt>
      <trkpt lat="47.91297" lon="-123.48923">
        <ele>558.58</ele>
      </trkpt>
      <trkpt lat="47.91283" lon="-123.48926">
        <ele>555.52</ele>
      </trkpt>
      <trkpt lat="47.91269" lon="-123.48927">
        <ele>552.63</ele>
      </trkpt>
      <trkpt lat="47.91254" lon="-123.48927">
        <ele>550.35</ele>
      </trkpt>
      <trkpt lat="47.9124" lon="-123.48928">
        <ele>547.94</ele>
      </trkpt>
      <trkpt lat="47.91226" lon="-123.48928">
        <ele>544.92</ele>
      </trkpt>
      <trkpt lat="47.91212" lon="-123.48928">
        <ele>541.9</ele>
      </trkpt>
      <trkpt lat="47.91198" lon="-123.48927">
        <ele>539.23</ele>
      </trkpt>
      <trkpt lat="47.91183" lon="-123.48924">
        <ele>535.89</ele>
      </trkpt>
      <trkpt lat="47.9117" lon="-123.4892">
        <ele>531.13</ele>
      </trkpt>
      <trkpt lat="47.91156" lon="-123.48915">
        <ele>525.17</ele>
      </trkpt>
      <trkpt lat="47.91142" lon="-123.48909">
        <ele>523.53</ele>
      </trkpt>
      <trkpt lat="47.91128" lon="-123.48903">
        <ele>526.72</ele>
      </trkpt>
      <trkpt lat="47.91115" lon="-123.48898">
        <ele>529.53</ele>
      </trkpt>
      <trkpt lat="47.911" lon="-123.48894">
        <ele>530.94</ele>
      </trkpt>
      <trkpt lat="47.91086" lon="-123.48892">
        <ele>530.46</ele>
      </trkpt>
      <trkpt lat="47.91072" lon="-123.48892">
        <ele>528.54</ele>
      </trkpt>
      <trkpt lat="47.91057" lon="-123.48892">
        <ele>525.58</ele>
      </trkpt>
      <trkpt lat="47.91043" lon="-123.48892">
        <ele>521.92</ele>
      </trkpt>
      <trkpt lat="47.91029" lon="-123.48893">
        <ele>517.6</ele>
      </trkpt>
      <trkpt lat="47.91015" lon="-123.48894">
        <ele>512.55</ele>
      </trkpt>
      <trkpt lat="47.91001" lon="-123.48895">
        <ele>507.95</ele>
      </trkpt>
      <trkpt lat="47.90986" lon="-123.48897">
        <ele>502.14</ele>
      </trkpt>
      <trkpt lat="47.90972" lon="-123.48898">
        <ele>498.03</ele>
      </trkpt>
      <trkpt lat="47.90958" lon="-123.48899">
        <ele>494.56</ele>
      </trkpt>
      <trkpt lat="47.90944" lon="-123.489">
        <ele>490.29</ele>
      </trkpt>
      <trkpt lat="47.90929" lon="-123.48901">
        <ele>485.76</ele>
      </trkpt>
      <trkpt lat="47.90915" lon="-123.48902">
        <ele>481.21</ele>
      </trkpt>
      <trkpt lat="47.90901" lon="-123.48902">
        <ele>476.68</ele>
      </trkpt>
      <trkpt lat="47.90886" lon="-123.48901">
        <ele>470.61</ele>
      </trkpt>
      <trkpt lat="47.90873" lon="-123.48899">
        <ele>463.52</ele>
      </trkpt>
      <trkpt lat="47.90859" lon="-123.48896">
        <ele>452.1</ele>
      </trkpt>
      <trkpt lat="47.90845" lon="-123.48891">
        <ele>446.9</ele>
      </trkpt>
      <trkpt lat="47.90831" lon="-123.48883">
        <ele>445.38</ele>
      </trkpt>
      <trkpt lat="47.90819" lon="-123.48882">
        <ele>439.63</ele>
      </trkpt>
      <trkpt lat="47.90808" lon="-123.48891">
        <ele>437.18</ele>
      </trkpt>
      <trkpt lat="47.90797" lon="-123.489">
        <ele>441.24</ele>
      </trkpt>
      <trkpt lat="47.90786" lon="-123.48914">
        <ele>443.02</ele>
      </trkpt>
      <trkpt lat="47.90777" lon="-123.48931">
        <ele>443.24</ele>
      </trkpt>
      <trkpt lat="47.90768" lon="-123.48948">
        <ele>443.07</ele>
      </trkpt>
      <trkpt lat="47.90757" lon="-123.48962">
        <ele>444.18</ele>
      </trkpt>
      <trkpt lat="47.90745" lon="-123.48973">
        <ele>445.95</ele>
      </trkpt>
      <trkpt lat="47.90732" lon="-123.48982">
        <ele>447.66</ele>
      </trkpt>
      <trkpt lat="47.90719" lon="-123.4899">
        <ele>448.94</ele>
      </trkpt>
      <trkpt lat="47.90705" lon="-123.48995">
        <ele>450.34</ele>
      </trkpt>
      <trkpt lat="47.90691" lon="-123.48999">
        <ele>450.22</ele>
      </trkpt>
      <trkpt lat="47.90676" lon="-123.49002">
        <ele>449.35</ele>
      </trkpt>
      <trkpt lat="47.90662" lon="-123.49004">
        <ele>445.41</ele>
      </trkpt>
      <trkpt lat="47.90648" lon="-123.49005">
        <ele>439.86</ele>
      </trkpt>
      <trkpt lat="47.90634" lon="-123.49006">
        <ele>434.66</ele>
      </trkpt>
      <trkpt lat="47.90619" lon="-123.49007">
        <ele>432.88</ele>
      </trkpt>
      <trkpt lat="47.90605" lon="-123.49007">
        <ele>435.05</ele>
      </trkpt>
      <trkpt lat="47.90591" lon="-123.49007">
        <ele>436.86</ele>
      </trkpt>
      <trkpt lat="47.90577" lon="-123.49005">
        <ele>437.55</ele>
      </trkpt>
      <trkpt lat="47.90563" lon="-123.49004">
        <ele>437.51</ele>
      </trkpt>
      <trkpt lat="47.90549" lon="-123.49001">
        <ele>436.97</ele>
      </trkpt>
      <trkpt lat="47.90534" lon="-123.48997">
        <ele>435.86</ele>
      </trkpt>
      <trkpt lat="47.9052" lon="-123.48994">
        <ele>434.26</ele>
      </trkpt>
      <trkpt lat="47.90506" lon="-123.48991">
        <ele>430.88</ele>
      </trkpt>
      <trkpt lat="47.90492" lon="-123.48987">
        <ele>424.11</ele>
      </trkpt>
      <trkpt lat="47.9048" lon="-123.48978">
        <ele>418.55</ele>
      </trkpt>
      <trkpt lat="47.90469" lon="-123.48965">
        <ele>420.93</ele>
      </trkpt>
      <trkpt lat="47.90456" lon="-123.48954">
        <ele>424.33</ele>
      </trkpt>
      <trkpt lat="47.90453" lon="-123.48935">
        <ele>432.0</ele>
      </trkpt>
      <trkpt lat="47.9046" lon="-123.4892">
        <ele>439.24</ele>
      </trkpt>
      <trkpt lat="47.90469" lon="-123.48907">
        <ele>444.78</ele>
      </trkpt>
      <trkpt lat="47.90469" lon="-123.48888">
        <ele>451.04</ele>
      </trkpt>
      <trkpt lat="47.90459" lon="-123.48881">
        <ele>453.04</ele>
      </trkpt>
      <trkpt lat="47.9045" lon="-123.48877">
        <ele>453.74</ele>
      </trkpt>
      <trkpt lat="47.90438" lon="-123.48873">
        <ele>453.47</ele>
      </trkpt>
      <trkpt lat="47.90423" lon="-123.48869">
        <ele>451.5</ele>
      </trkpt>
      <trkpt lat="47.90409" lon="-123.48863">
        <ele>449.73</ele>
      </trkpt>
      <trkpt lat="47.90395" lon="-123.48858">
        <ele>446.65</ele>
      </trkpt>
      <trkpt lat="47.90381" lon="-123.48854">
        <ele>442.78</ele>
      </trkpt>
      <trkpt lat="47.90368" lon="-123.4885">
        <ele>437.86</ele>
      </trkpt>
      <trkpt lat="47.90353" lon="-123.48847">
        <ele>429.25</ele>
      </trkpt>
      <trkpt lat="47.90339" lon="-123.48844">
        <ele>426.04</ele>
      </trkpt>
      <trkpt lat="47.90325" lon="-123.4884">
        <ele>427.74</ele>
      </trkpt>
      <trkpt lat="47.90311" lon="-123.48837">
        <ele>428.81</ele>
      </trkpt>
      <trkpt lat="47.90297" lon="-123.48833">
        <ele>430.11</ele>
      </trkpt>
      <trkpt lat="47.90283" lon="-123.4883">
        <ele>431.08</ele>
      </trkpt>
      <trkpt lat="47.90269" lon="-123.48826">
        <ele>432.18</ele>
      </trkpt>
      <trkpt lat="47.90255" lon="-123.4882">
        <ele>433.56</ele>
      </trkpt>
      <trkpt lat="47.90242" lon="-123.48815">
        <ele>434.92</ele>
      </trkpt>
      <trkpt lat="47.90228" lon="-123.48808">
        <ele>435.56</ele>
      </trkpt>
      <trkpt lat="47.90215" lon="-123.488">
        <ele>436.02</ele>
      </trkpt>
      <trkpt lat="47.90201" lon="-123.48792">
        <ele>435.96</ele>
      </trkpt>
      <trkpt lat="47.90188" lon="-123.48784">
        <ele>435.36</ele>
      </trkpt>
      <trkpt lat="47.90175" lon="-123.48775">
        <ele>434.23</ele>
      </trkpt>
      <trkpt lat="47.90164" lon="-123.48764">
        <ele>432.82</ele>
      </trkpt>
      <trkpt lat="47.90152" lon="-123.4875">
        <ele>431.08</ele>
      </trkpt>
      <trkpt lat="47.90142" lon="-123.48735">
        <ele>430.04</ele>
      </trkpt>
      <trkpt lat="47.90132" lon="-123.48719">
        <ele>427.63</ele>
      </trkpt>
      <trkpt lat="47.90123" lon="-123.48704">
        <ele>425.13</ele>
      </trkpt>
      <trkpt lat="47.90114" lon="-123.48688">
        <ele>422.25</ele>
      </trkpt>
      <trkpt lat="47.90105" lon="-123.48671">
        <ele>420.24</ele>
      </trkpt>
      <trkpt lat="47.90097" lon="-123.48653">
        <ele>420.9</ele>
      </trkpt>
      <trkpt lat="47.90089" lon="-123.48635">
        <ele>423.06</ele>
      </trkpt>
      <trkpt lat="47.90082" lon="-123.48617">
        <ele>424.44</ele>
      </trkpt>
      <trkpt lat="47.90075" lon="-123.48598">
        <ele>426.17</ele>
      </trkpt>
      <trkpt lat="47.90069" lon="-123.48577">
        <ele>429.49</ele>
      </trkpt>
      <trkpt lat="47.90063" lon="-123.48559">
        <ele>432.6</ele>
      </trkpt>
      <trkpt lat="47.90055" lon="-123.48541">
        <ele>434.36</ele>
      </trkpt>
      <trkpt lat="47.90048" lon="-123.48524">
        <ele>436.33</ele>
      </trkpt>
      <trkpt lat="47.9004" lon="-123.48506">
        <ele>437.98</ele>
      </trkpt>
      <trkpt lat="47.90034" lon="-123.48485">
        <ele>440.98</ele>
      </trkpt>
      <trkpt lat="47.90025" lon="-123.4847">
        <ele>438.79</ele>
      </trkpt>
      <trkpt lat="47.90013" lon="-123.48461">
        <ele>432.46</ele>
      </trkpt>
      <trkpt lat="47.89999" lon="-123.48453">
        <ele>426.0</ele>
      </trkpt>
      <trkpt lat="47.89986" lon="-123.48446">
        <ele>425.15</ele>
      </trkpt>
      <trkpt lat="47.89972" lon="-123.4844">
        <ele>425.95</ele>
      </trkpt>
      <trkpt lat="47.89958" lon="-123.48434">
        <ele>426.85</ele>
      </trkpt>
      <trkpt lat="47.89945" lon="-123.48428">
        <ele>426.66</ele>
      </trkpt>
      <trkpt lat="47.89931" lon="-123.48422">
        <ele>426.63</ele>
      </trkpt>
      <trkpt lat="47.89918" lon="-123.48414">
        <ele>427.05</ele>
      </trkpt>
      <trkpt lat="47.89905" lon="-123.48404">
        <ele>427.86</ele>
      </trkpt>
      <trkpt lat="47.89892" lon="-123.48394">
        <ele>428.17</ele>
      </trkpt>
      <trkpt lat="47.8988" lon="-123.48384">
        <ele>428.69</ele>
      </trkpt>
      <trkpt lat="47.89868" lon="-123.48374">
        <ele>428.76</ele>
      </trkpt>
      <trkpt lat="47.89855" lon="-123.48364">
        <ele>428.08</ele>
      </trkpt>
      <trkpt lat="47.89842" lon="-123.48353">
        <ele>426.56</ele>
      </trkpt>
      <trkpt lat="47.8983" lon="-123.48343">
        <ele>425.8</ele>
      </trkpt>
      <trkpt lat="47.89817" lon="-123.48333">
        <ele>424.58</ele>
      </trkpt>
      <trkpt lat="47.89805" lon="-123.48323">
        <ele>425.28</ele>
      </trkpt>
      <trkpt lat="47.89791" lon="-123.48315">
        <ele>424.82</ele>
      </trkpt>
      <trkpt lat="47.89779" lon="-123.48304">
        <ele>423.45</ele>
      </trkpt>
      <trkpt lat="47.89768" lon="-123.4829">
        <ele>422.47</ele>
      </trkpt>
      <trkpt lat="47.8976" lon="-123.48273">
        <ele>420.84</ele>
      </trkpt>
      <trkpt lat="47.89754" lon="-123.48253">
        <ele>423.03</ele>
      </trkpt>
      <trkpt lat="47.8975" lon="-123.48232">
        <ele>427.89</ele>
      </trkpt>
      <trkpt lat="47.89747" lon="-123.4821">
        <ele>433.66</ele>
      </trkpt>
      <trkpt lat="47.89746" lon="-123.48189">
        <ele>439.6</ele>
      </trkpt>
      <trkpt lat="47.89743" lon="-123.48169">
        <ele>442.9</ele>
      </trkpt>
      <trkpt lat="47.89738" lon="-123.4815">
        <ele>443.02</ele>
      </trkpt>
      <trkpt lat="47.89732" lon="-123.4813">
        <ele>440.39</ele>
      </trkpt>
      <trkpt lat="47.89728" lon="-123.4811">
        <ele>438.07</ele>
      </trkpt>
      <trkpt lat="47.89725" lon="-123.48089">
        <ele>436.4</ele>
      </trkpt>
      <trkpt lat="47.89723" lon="-123.48068">
        <ele>436.84</ele>
      </trkpt>
      <trkpt lat="47.89721" lon="-123.48047">
        <ele>441.24</ele>
      </trkpt>
      <trkpt lat="47.89719" lon="-123.48026">
        <ele>447.18</ele>
      </trkpt>
      <trkpt lat="47.89716" lon="-123.48005">
        <ele>452.38</ele>
      </trkpt>
      <trkpt lat="47.89712" lon="-123.47986">
        <ele>455.02</ele>
      </trkpt>
      <trkpt lat="47.89706" lon="-123.47967">
        <ele>456.51</ele>
      </trkpt>
      <trkpt lat="47.89699" lon="-123.47949">
        <ele>456.47</ele>
      </trkpt>
      <trkpt lat="47.89691" lon="-123.47931">
        <ele>454.3</ele>
      </trkpt>
      <trkpt lat="47.89683" lon="-123.47914">
        <ele>450.86</ele>
      </trkpt>
      <trkpt lat="47.89676" lon="-123.47896">
        <ele>447.3</ele>
      </trkpt>
      <trkpt lat="47.8967" lon="-123.47875">
        <ele>443.24</ele>
      </trkpt>
      <trkpt lat="47.89665" lon="-123.47855">
        <ele>437.98</ele>
      </trkpt>
      <trkpt lat="47.89659" lon="-123.47837">
        <ele>438.88</ele>
      </trkpt>
      <trkpt lat="47.89649" lon="-123.47821">
        <ele>447.78</ele>
      </trkpt>
      <trkpt lat="47.89639" lon="-123.47809">
        <ele>455.5</ele>
      </trkpt>
      <trkpt lat="47.89626" lon="-123.47798">
        <ele>461.26</ele>
      </trkpt>
      <trkpt lat="47.89612" lon="-123.47791">
        <ele>464.29</ele>
      </trkpt>
      <trkpt lat="47.89597" lon="-123.47788">
        <ele>464.58</ele>
      </trkpt>
      <trkpt lat="47.89583" lon="-123.47787">
        <ele>465.02</ele>
      </trkpt>
      <trkpt lat="47.89569" lon="-123.47786">
        <ele>464.9</ele>
      </trkpt>
      <trkpt lat="47.89555" lon="-123.47787">
        <ele>462.96</ele>
      </trkpt>
      <trkpt lat="47.89541" lon="-123.47786">
        <ele>461.3</ele>
      </trkpt>
      <trkpt lat="47.89526" lon="-123.47786">
        <ele>459.04</ele>
      </trkpt>
      <trkpt lat="47.89512" lon="-123.47786">
        <ele>455.3</ele>
      </trkpt>
      <trkpt lat="47.89497" lon="-123.47787">
        <ele>450.72</ele>
      </trkpt>
      <trkpt lat="47.89483" lon="-123.47789">
        <ele>444.64</ele>
      </trkpt>
      <trkpt lat="47.8947" lon="-123.47792">
        <ele>442.74</ele>
      </trkpt>
      <trkpt lat="47.89456" lon="-123.47797">
        <ele>443.28</ele>
      </trkpt>
      <trkpt lat="47.89442" lon="-123.47802">
        <ele>443.7</ele>
      </trkpt>
      <trkpt lat="47.89428" lon="-123.47808">
        <ele>442.15</ele>
      </trkpt>
      <trkpt lat="47.89415" lon="-123.47814">
        <ele>439.35</ele>
      </trkpt>
      <trkpt lat="47.89401" lon="-123.47819">
        <ele>437.19</ele>
      </trkpt>
      <trkpt lat="47.89388" lon="-123.47826">
        <ele>433.36</ele>
      </trkpt>
      <trkpt lat="47.89375" lon="-123.47835">
        <ele>429.55</ele>
      </trkpt>
      <trkpt lat="47.89361" lon="-123.47841">
        <ele>427.33</ele>
      </trkpt>
      <trkpt lat="47.89347" lon="-123.47846">
        <ele>424.74</ele>
      </trkpt>
      <trkpt lat="47.89333" lon="-123.47849">
        <ele>422.33</ele>
      </trkpt>
      <trkpt lat="47.89319" lon="-123.47847">
        <ele>425.74</ele>
      </trkpt>
      <trkpt lat="47.89305" lon="-123.47845">
        <ele>433.04</ele>
      </trkpt>
      <trkpt lat="47.89291" lon="-123.47844">
        <ele>439.56</ele>
      </trkpt>
      <trkpt lat="47.89277" lon="-123.47842">
        <ele>443.09</ele>
      </trkpt>
      <trkpt lat="47.89263" lon="-123.47838">
        <ele>445.39</ele>
      </trkpt>
      <trkpt lat="47.89248" lon="-123.47834">
        <ele>448.14</ele>
      </trkpt>
      <trkpt lat="47.89235" lon="-123.47832">
        <ele>449.76</ele>
      </trkpt>
      <trkpt lat="47.8922" lon="-123.47831">
        <ele>451.55</ele>
      </trkpt>
      <trkpt lat="47.89206" lon="-123.47832">
        <ele>453.04</ele>
      </trkpt>
      <trkpt lat="47.89192" lon="-123.47833">
        <ele>454.34</ele>
      </trkpt>
      <trkpt lat="47.89178" lon="-123.47833">
        <ele>455.82</ele>
      </trkpt>
      <trkpt lat="47.89163" lon="-123.47833">
        <ele>457.05</ele>
      </trkpt>
      <trkpt lat="47.8915" lon="-123.47836">
        <ele>457.28</ele>
      </trkpt>
      <trkpt lat="47.89138" lon="-123.47845">
        <ele>455.74</ele>
      </trkpt>
      <trkpt lat="47.89126" lon="-123.4784">
        <ele>456.45</ele>
      </trkpt>
      <trkpt lat="47.89117" lon="-123.47832">
        <ele>457.24</ele>
      </trkpt>
      <trkpt lat="47.8911" lon="-123.47815">
        <ele>458.86</ele>
      </trkpt>
      <trkpt lat="47.89105" lon="-123.47794">
        <ele>460.93</ele>
      </trkpt>
      <trkpt lat="47.89099" lon="-123.47775">
        <ele>461.38</ele>
      </trkpt>
      <trkpt lat="47.89093" lon="-123.47756">
        <ele>461.15</ele>
      </trkpt>
      <trkpt lat="47.89085" lon="-123.47738">
        <ele>458.77</ele>
      </trkpt>
      <trkpt lat="47.89076" lon="-123.47723">
        <ele>454.23</ele>
      </trkpt>
      <trkpt lat="47.89066" lon="-123.47707">
        <ele>452.03</ele>
      </trkpt>
      <trkpt lat="47.89057" lon="-123.4769">
        <ele>453.12</ele>
      </trkpt>
      <trkpt lat="47.89047" lon="-123.47676">
        <ele>455.98</ele>
      </trkpt>
      <trkpt lat="47.89034" lon="-123.47668">
        <ele>457.66</ele>
      </trkpt>
      <trkpt lat="47.8902" lon="-123.47662">
        <ele>457.75</ele>
      </trkpt>
      <trkpt lat="47.89006" lon="-123.47657">
        <ele>456.43</ele>
      </trkpt>
      <trkpt lat="47.88991" lon="-123.47654">
        <ele>453.19</ele>
      </trkpt>
      <trkpt lat="47.88978" lon="-123.47653">
        <ele>451.1</ele>
      </trkpt>
      <trkpt lat="47.88964" lon="-123.47655">
        <ele>451.15</ele>
      </trkpt>
      <trkpt lat="47.8895" lon="-123.47656">
        <ele>452.95</ele>
      </trkpt>
      <trkpt lat="47.88935" lon="-123.47656">
        <ele>455.15</ele>
      </trkpt>
      <trkpt lat="47.88921" lon="-123.47658">
        <ele>455.47</ele>
      </trkpt>
      <trkpt lat="47.88907" lon="-123.47659">
        <ele>455.83</ele>
      </trkpt>
      <trkpt lat="47.88892" lon="-123.4766">
        <ele>456.2</ele>
      </trkpt>
      <trkpt lat="47.88878" lon="-123.47661">
        <ele>456.12</ele>
      </trkpt>
      <trkpt lat="47.88864" lon="-123.47662">
        <ele>455.5</ele>
      </trkpt>
      <trkpt lat="47.8885" lon="-123.47665">
        <ele>453.98</ele>
      </trkpt>
      <trkpt lat="47.88836" lon="-123.47667">
        <ele>451.5</ele>
      </trkpt>
      <trkpt lat="47.88824" lon="-123.47676">
        <ele>446.96</ele>
      </trkpt>
      <trkpt lat="47.88811" lon="-123.47687">
        <ele>440.98</ele>
      </trkpt>
      <trkpt lat="47.88799" lon="-123.47698">
        <ele>438.18</ele>
      </trkpt>
      <trkpt lat="47.88786" lon="-123.47705">
        <ele>438.07</ele>
      </trkpt>
      <trkpt lat="47.88772" lon="-123.47712">
        <ele>439.39</ele>
      </trkpt>
      <trkpt lat="47.88758" lon="-123.47717">
        <ele>440.7</ele>
      </trkpt>
      <trkpt lat="47.88744" lon="-123.47722">
        <ele>441.67</ele>
      </trkpt>
      <trkpt lat="47.8873" lon="-123.47727">
        <ele>442.05</ele>
      </trkpt>
      <trkpt lat="47.88716" lon="-123.47732">
        <ele>442.56</ele>
      </trkpt>
      <trkpt lat="47.88702" lon="-123.47737">
        <ele>442.48</ele>
      </trkpt>
      <trkpt lat="47.88688" lon="-123.47741">
        <ele>442.65</ele>
      </trkpt>
      <trkpt lat="47.88674" lon="-123.47741">
        <ele>442.97</ele>
      </trkpt>
      <trkpt lat="47.8866" lon="-123.47739">
        <ele>443.24</ele>
      </trkpt>
      <trkpt lat="47.88647" lon="-123.47736">
        <ele>443.45</ele>
      </trkpt>
      <trkpt lat="47.88632" lon="-123.47734">
        <ele>442.91</ele>
      </trkpt>
      <trkpt lat="47.88619" lon="-123.47727">
        <ele>442.26</ele>
      </trkpt>
      <trkpt lat="47.88609" lon="-123.47714">
        <ele>442.63</ele>
      </trkpt>
      <trkpt lat="47.88598" lon="-123.477">
        <ele>442.73</ele>
      </trkpt>
      <trkpt lat="47.88587" lon="-123.47686">
        <ele>442.7</ele>
      </trkpt>
      <trkpt lat="47.88573" lon="-123.47665">
        <ele>442.11</ele>
      </trkpt>
      <trkpt lat="47.88565" lon="-123.47646">
        <ele>443.27</ele>
      </trkpt>
      <trkpt lat="47.88557" lon="-123.47629">
        <ele>442.53</ele>
      </trkpt>
      <trkpt lat="47.88549" lon="-123.47611">
        <ele>441.88</ele>
      </trkpt>
      <trkpt lat="47.88541" lon="-123.47594">
        <ele>440.28</ele>
      </trkpt>
      <trkpt lat="47.88534" lon="-123.47576">
        <ele>438.34</ele>
      </trkpt>
      <trkpt lat="47.88527" lon="-123.47557">
        <ele>438.76</ele>
      </trkpt>
      <trkpt lat="47.8852" lon="-123.47538">
        <ele>442.1</ele>
      </trkpt>
      <trkpt lat="47.88514" lon="-123.47518">
        <ele>446.65</ele>
      </trkpt>
      <trkpt lat="47.88507" lon="-123.475">
        <ele>450.27</ele>
      </trkpt>
      <trkpt lat="47.88498" lon="-123.47484">
        <ele>451.97</ele>
      </trkpt>
      <trkpt lat="47.88488" lon="-123.4747">
        <ele>452.66</ele>
      </trkpt>
      <trkpt lat="47.88478" lon="-123.47454">
        <ele>453.2</ele>
      </trkpt>
      <trkpt lat="47.88469" lon="-123.47438">
        <ele>454.35</ele>
      </trkpt>
      <trkpt lat="47.8846" lon="-123.47421">
        <ele>454.1</ele>
      </trkpt>
      <trkpt lat="47.88452" lon="-123.47403">
        <ele>456.06</ele>
      </trkpt>
      <trkpt lat="47.88442" lon="-123.47389">
        <ele>458.44</ele>
      </trkpt>
      <trkpt lat="47.88431" lon="-123.47376">
        <ele>459.09</ele>
      </trkpt>
      <trkpt lat="47.88419" lon="-123.47363">
        <ele>458.35</ele>
      </trkpt>
      <trkpt lat="47.88408" lon="-123.47349">
        <ele>457.87</ele>
      </trkpt>
      <trkpt lat="47.88399" lon="-123.47333">
        <ele>456.5</ele>
      </trkpt>
      <trkpt lat="47.8839" lon="-123.47317">
        <ele>452.58</ele>
      </trkpt>
      <trkpt lat="47.88378" lon="-123.47304">
        <ele>451.86</ele>
      </trkpt>
      <trkpt lat="47.88366" lon="-123.47295">
        <ele>458.78</ele>
      </trkpt>
      <trkpt lat="47.88356" lon="-123.47304">
        <ele>460.71</ele>
      </trkpt>
      <trkpt lat="47.88346" lon="-123.47317">
        <ele>460.82</ele>
      </trkpt>
      <trkpt lat="47.88333" lon="-123.47322">
        <ele>463.48</ele>
      </trkpt>
      <trkpt lat="47.88319" lon="-123.4732">
        <ele>464.88</ele>
      </trkpt>
      <trkpt lat="47.88305" lon="-123.47317">
        <ele>465.47</ele>
      </trkpt>
      <trkpt lat="47.88291" lon="-123.47314">
        <ele>463.94</ele>
      </trkpt>
      <trkpt lat="47.88278" lon="-123.47308">
        <ele>461.78</ele>
      </trkpt>
      <trkpt lat="47.88265" lon="-123.47302">
        <ele>458.24</ele>
      </trkpt>
      <trkpt lat="47.88253" lon="-123.4729">
        <ele>455.65</ele>
      </trkpt>
      <trkpt lat="47.88242" lon="-123.47276">
        <ele>453.63</ele>
      </trkpt>
      <trkpt lat="47.88233" lon="-123.4726">
        <ele>451.58</ele>
      </trkpt>
      <trkpt lat="47.88226" lon="-123.47241">
        <ele>453.17</ele>
      </trkpt>
      <trkpt lat="47.88219" lon="-123.47222">
        <ele>458.39</ele>
      </trkpt>
      <trkpt lat="47.88214" lon="-123.47202">
        <ele>464.05</ele>
      </trkpt>
      <trkpt lat="47.88207" lon="-123.47184">
        <ele>468.45</ele>
      </trkpt>
      <trkpt lat="47.88197" lon="-123.47172">
        <ele>469.1</ele>
      </trkpt>
      <trkpt lat="47.88185" lon="-123.4716">
        <ele>468.1</ele>
      </trkpt>
      <trkpt lat="47.88171" lon="-123.47151">
        <ele>465.62</ele>
      </trkpt>
      <trkpt lat="47.88158" lon="-123.47142">
        <ele>463.52</ele>
      </trkpt>
      <trkpt lat="47.88145" lon="-123.47133">
        <ele>461.25</ele>
      </trkpt>
      <trkpt lat="47.88132" lon="-123.47124">
        <ele>458.38</ele>
      </trkpt>
      <trkpt lat="47.8812" lon="-123.47114">
        <ele>454.54</ele>
      </trkpt>
      <trkpt lat="47.88107" lon="-123.47103">
        <ele>450.06</ele>
      </trkpt>
      <trkpt lat="47.88098" lon="-123.47088">
        <ele>449.08</ele>
      </trkpt>
      <trkpt lat="47.88089" lon="-123.47071">
        <ele>451.05</ele>
      </trkpt>
      <trkpt lat="47.88082" lon="-123.47052">
        <ele>456.3</ele>
      </trkpt>
      <trkpt lat="47.88071" lon="-123.47039">
        <ele>462.03</ele>
      </trkpt>
      <trkpt lat="47.88057" lon="-123.47033">
        <ele>466.08</ele>
      </trkpt>
      <trkpt lat="47.88043" lon="-123.47031">
        <ele>466.96</ele>
      </trkpt>
      <trkpt lat="47.88029" lon="-123.47028">
        <ele>467.93</ele>
      </trkpt>
      <trkpt lat="47.88015" lon="-123.47024">
        <ele>469.22</ele>
      </trkpt>
      <trkpt lat="47.88001" lon="-123.47019">
        <ele>470.84</ele>
      </trkpt>
      <trkpt lat="47.87988" lon="-123.47012">
        <ele>472.02</ele>
      </trkpt>
      <trkpt lat="47.87975" lon="-123.47004">
        <ele>474.0</ele>
      </trkpt>
      <trkpt lat="47.87961" lon="-123.46998">
        <ele>474.05</ele>
      </trkpt>
      <trkpt lat="47.87947" lon="-123.46992">
        <ele>473.87</ele>
      </trkpt>
      <trkpt lat="47.87933" lon="-123.46987">
        <ele>472.88</ele>
      </trkpt>
      <trkpt lat="47.8792" lon="-123.46978">
        <ele>472.85</ele>
      </trkpt>
      <trkpt lat="47.87908" lon="-123.46968">
        <ele>473.04</ele>
      </trkpt>
      <trkpt lat="47.87896" lon="-123.46957">
        <ele>471.59</ele>
      </trkpt>
      <trkpt lat="47.87885" lon="-123.46942">
        <ele>470.74</ele>
      </trkpt>
      <trkpt lat="47.87874" lon="-123.46929">
        <ele>465.96</ele>
      </trkpt>
      <trkpt lat="47.87863" lon="-123.46916">
        <ele>459.21</ele>
      </trkpt>
      <trkpt lat="47.87853" lon="-123.46901">
        <ele>454.83</ele>
      </trkpt>
      <trkpt lat="47.87843" lon="-123.46885">
        <ele>458.66</ele>
      </trkpt>
      <trkpt lat="47.8783" lon="-123.46876">
        <ele>463.54</ele>
      </trkpt>
      <trkpt lat="47.87816" lon="-123.46872">
        <ele>465.63</ele>
      </trkpt>
      <trkpt lat="47.87802" lon="-123.46871">
        <ele>466.82</ele>
      </trkpt>
      <trkpt lat="47.87788" lon="-123.46869">
        <ele>467.44</ele>
      </trkpt>
      <trkpt lat="47.87773" lon="-123.46868">
        <ele>467.64</ele>
      </trkpt>
      <trkpt lat="47.87759" lon="-123.46866">
        <ele>467.94</ele>
      </trkpt>
      <trkpt lat="47.87745" lon="-123.46865">
        <ele>467.62</ele>
      </trkpt>
      <trkpt lat="47.87731" lon="-123.46864">
        <ele>467.32</ele>
      </trkpt>
      <trkpt lat="47.87717" lon="-123.46863">
        <ele>466.03</ele>
      </trkpt>
      <trkpt lat="47.87702" lon="-123.4686">
        <ele>465.06</ele>
      </trkpt>
      <trkpt lat="47.87688" lon="-123.46857">
        <ele>464.19</ele>
      </trkpt>
      <trkpt lat="47.87674" lon="-123.46853">
        <ele>463.54</ele>
      </trkpt>
      <trkpt lat="47.87661" lon="-123.46848">
        <ele>462.61</ele>
      </trkpt>
      <trkpt lat="47.87647" lon="-123.46842">
        <ele>460.88</ele>
      </trkpt>
      <trkpt lat="47.87634" lon="-123.46835">
        <ele>459.15</ele>
      </trkpt>
      <trkpt lat="47.87621" lon="-123.46825">
        <ele>457.0</ele>
      </trkpt>
      <trkpt lat="47.87611" lon="-123.46811">
        <ele>454.39</ele>
      </trkpt>
      <trkpt lat="47.87599" lon="-123.46798">
        <ele>454.38</ele>
      </trkpt>
      <trkpt lat="47.87585" lon="-123.46794">
        <ele>454.5</ele>
      </trkpt>
      <trkpt lat="47.87571" lon="-123.46791">
        <ele>455.76</ele>
      </trkpt>
      <trkpt lat="47.87557" lon="-123.46788">
        <ele>456.79</ele>
      </trkpt>
      <trkpt lat="47.87543" lon="-123.46785">
        <ele>457.44</ele>
      </trkpt>
      <trkpt lat="47.87528" lon="-123.46782">
        <ele>457.64</ele>
      </trkpt>
      <trkpt lat="47.87509" lon="-123.4678">
        <ele>457.52</ele>
      </trkpt>
      <trkpt lat="47.87502" lon="-123.46777">
        <ele>458.25</ele>
      </trkpt>
      <trkpt lat="47.87445" lon="-123.46796">
        <ele>455.06</ele>
      </trkpt>
      <trkpt lat="47.87387" lon="-123.46814">
        <ele>449.97</ele>
      </trkpt>
      <trkpt lat="47.8733" lon="-123.46833">
        <ele>442.05</ele>
      </trkpt>
      <trkpt lat="47.8733" lon="-123.46848">
        <ele>440.42</ele>
      </trkpt>
      <trkpt lat="47.87387" lon="-123.46824">
        <ele>447.81</ele>
      </trkpt>
      <trkpt lat="47.87445" lon="-123.46801">
        <ele>453.98</ele>
      </trkpt>
      <trkpt lat="47.87502" lon="-123.46777">
        <ele>458.25</ele>
      </trkpt>
      <trkpt lat="47.87486" lon="-123.46785">
        <ele>456.66</ele>
      </trkpt>
      <trkpt lat="47.87494" lon="-123.46778">
        <ele>458.58</ele>
      </trkpt>
      <trkpt lat="47.8749" lon="-123.4678">
        <ele>458.28</ele>
      </trkpt>
      <trkpt lat="47.87482" lon="-123.46781">
        <ele>457.96</ele>
      </trkpt>
      <trkpt lat="47.87475" lon="-123.46784">
        <ele>456.75</ele>
      </trkpt>
      <trkpt lat="47.87467" lon="-123.46787">
        <ele>456.01</ele>
      </trkpt>
      <trkpt lat="47.87459" lon="-123.46791">
        <ele>455.33</ele>
      </trkpt>
      <trkpt lat="47.87451" lon="-123.46793">
        <ele>455.46</ele>
      </trkpt>
      <trkpt lat="47.87442" lon="-123.46796">
        <ele>455.06</ele>
      </trkpt>
      <trkpt lat="47.87433" lon="-123.46798">
        <ele>454.63</ele>
      </trkpt>
      <trkpt lat="47.87424" lon="-123.468">
        <ele>454.2</ele>
      </trkpt>
      <trkpt lat="47.87415" lon="-123.46801">
        <ele>453.9</ele>
      </trkpt>
      <trkpt lat="47.87407" lon="-123.46803">
        <ele>453.24</ele>
      </trkpt>
      <trkpt lat="47.87398" lon="-123.46806">
        <ele>451.9</ele>
      </trkpt>
      <trkpt lat="47.87389" lon="-123.46808">
        <ele>451.47</ele>
      </trkpt>
      <trkpt lat="47.8738" lon="-123.46811">
        <ele>449.86</ele>
      </trkpt>
      <trkpt lat="47.87372" lon="-123.46815">
        <ele>448.14</ele>
      </trkpt>
      <trkpt lat="47.87363" lon="-123.46818">
        <ele>445.72</ele>
      </trkpt>
      <trkpt lat="47.87355" lon="-123.46823">
        <ele>443.57</ele>
      </trkpt>
      <trkpt lat="47.87346" lon="-123.46827">
        <ele>442.37</ele>
      </trkpt>
      <trkpt lat="47.87337" lon="-123.46829">
        <ele>442.26</ele>
      </trkpt>
      <trkpt lat="47.87328" lon="-123.46829">
        <ele>442.74</ele>
      </trkpt>
      <trkpt lat="47.87319" lon="-123.46829">
        <ele>443.23</ele>
      </trkpt>
      <trkpt lat="47.87311" lon="-123.46827">
        <ele>443.97</ele>
      </trkpt>
      <trkpt lat="47.87302" lon="-123.46825">
        <ele>444.8</ele>
      </trkpt>
      <trkpt lat="47.87293" lon="-123.46822">
        <ele>445.45</ele>
      </trkpt>
      <trkpt lat="47.87285" lon="-123.46817">
        <ele>446.53</ele>
      </trkpt>
      <trkpt lat="47.87277" lon="-123.46812">
        <ele>447.61</ele>
      </trkpt>
      <trkpt lat="47.87269" lon="-123.46806">
        <ele>448.9</ele>
      </trkpt>
      <trkpt lat="47.87261" lon="-123.46799">
        <ele>449.84</ele>
      </trkpt>
      <trkpt lat="47.87254" lon="-123.46792">
        <ele>450.93</ele>
      </trkpt>
      <trkpt lat="47.87247" lon="-123.46783">
        <ele>451.93</ele>
      </trkpt>
      <trkpt lat="47.87241" lon="-123.46772">
        <ele>452.65</ele>
      </trkpt>
      <trkpt lat="47.87237" lon="-123.46759">
        <ele>453.64</ele>
      </trkpt>
      <trkpt lat="47.87233" lon="-123.46748">
        <ele>454.54</ele>
      </trkpt>
      <trkpt lat="47.87229" lon="-123.46736">
        <ele>455.35</ele>
      </trkpt>
      <trkpt lat="47.87225" lon="-123.46723">
        <ele>456.73</ele>
      </trkpt>
      <trkpt lat="47.8722" lon="-123.46712">
        <ele>457.25</ele>
      </trkpt>
      <trkpt lat="47.87215" lon="-123.46702">
        <ele>457.39</ele>
      </trkpt>
      <trkpt lat="47.87208" lon="-123.46695">
        <ele>456.17</ele>
      </trkpt>
      <trkpt lat="47.87199" lon="-123.46691">
        <ele>453.22</ele>
      </trkpt>
      <trkpt lat="47.87189" lon="-123.46691">
        <ele>452.7</ele>
      </trkpt>
      <trkpt lat="47.87182" lon="-123.46694">
        <ele>453.41</ele>
      </trkpt>
      <trkpt lat="47.87176" lon="-123.46701">
        <ele>453.99</ele>
      </trkpt>
      <trkpt lat="47.87169" lon="-123.46707">
        <ele>454.39</ele>
      </trkpt>
      <trkpt lat="47.87162" lon="-123.46715">
        <ele>453.67</ele>
      </trkpt>
      <trkpt lat="47.87153" lon="-123.46718">
        <ele>453.46</ele>
      </trkpt>
      <trkpt lat="47.87144" lon="-123.46718">
        <ele>453.46</ele>
      </trkpt>
      <trkpt lat="47.87137" lon="-123.46714">
        <ele>453.87</ele>
      </trkpt>
      <trkpt lat="47.87131" lon="-123.46707">
        <ele>454.74</ele>
      </trkpt>
      <trkpt lat="47.87125" lon="-123.46697">
        <ele>456.09</ele>
      </trkpt>
      <trkpt lat="47.87121" lon="-123.46685">
        <ele>458.11</ele>
      </trkpt>
      <trkpt lat="47.87116" lon="-123.46673">
        <ele>460.16</ele>
      </trkpt>
      <trkpt lat="47.87112" lon="-123.46661">
        <ele>462.32</ele>
      </trkpt>
      <trkpt lat="47.87108" lon="-123.46649">
        <ele>464.14</ele>
      </trkpt>
      <trkpt lat="47.87105" lon="-123.46637">
        <ele>465.75</ele>
      </trkpt>
      <trkpt lat="47.87101" lon="-123.46625">
        <ele>467.86</ele>
      </trkpt>
      <trkpt lat="47.87097" lon="-123.46612">
        <ele>469.76</ele>
      </trkpt>
      <trkpt lat="47.87094" lon="-123.466">
        <ele>471.7</ele>
      </trkpt>
      <trkpt lat="47.8709" lon="-123.46587">
        <ele>473.65</ele>
      </trkpt>
      <trkpt lat="47.87087" lon="-123.46575">
        <ele>476.14</ele>
      </trkpt>
      <trkpt lat="47.87084" lon="-123.46563">
        <ele>478.28</ele>
      </trkpt>
      <trkpt lat="47.8708" lon="-123.4655">
        <ele>479.84</ele>
      </trkpt>
      <trkpt lat="47.87076" lon="-123.46539">
        <ele>481.16</ele>
      </trkpt>
      <trkpt lat="47.8707" lon="-123.46529">
        <ele>482.3</ele>
      </trkpt>
      <trkpt lat="47.87064" lon="-123.46521">
        <ele>483.29</ele>
      </trkpt>
      <trkpt lat="47.87055" lon="-123.46514">
        <ele>483.37</ele>
      </trkpt>
      <trkpt lat="47.87047" lon="-123.4651">
        <ele>482.99</ele>
      </trkpt>
      <trkpt lat="47.87038" lon="-123.46508">
        <ele>481.48</ele>
      </trkpt>
      <trkpt lat="47.87029" lon="-123.46506">
        <ele>480.84</ele>
      </trkpt>
      <trkpt lat="47.8702" lon="-123.46504">
        <ele>479.82</ele>
      </trkpt>
      <trkpt lat="47.87011" lon="-123.46503">
        <ele>478.6</ele>
      </trkpt>
      <trkpt lat="47.87001" lon="-123.46503">
        <ele>477.46</ele>
      </trkpt>
      <trkpt lat="47.86992" lon="-123.46502">
        <ele>475.84</ele>
      </trkpt>
      <trkpt lat="47.86983" lon="-123.46502">
        <ele>473.9</ele>
      </trkpt>
      <trkpt lat="47.86974" lon="-123.46502">
        <ele>471.95</ele>
      </trkpt>
      <trkpt lat="47.86965" lon="-123.46502">
        <ele>470.01</ele>
      </trkpt>
      <trkpt lat="47.86956" lon="-123.46502">
        <ele>468.06</ele>
      </trkpt>
      <trkpt lat="47.86947" lon="-123.46501">
        <ele>466.34</ele>
      </trkpt>
      <trkpt lat="47.86939" lon="-123.465">
        <ele>464.24</ele>
      </trkpt>
      <trkpt lat="47.86931" lon="-123.46497">
        <ele>462.6</ele>
      </trkpt>
      <trkpt lat="47.86923" lon="-123.46492">
        <ele>460.92</ele>
      </trkpt>
      <trkpt lat="47.86915" lon="-123.46486">
        <ele>459.15</ele>
      </trkpt>
      <trkpt lat="47.86907" lon="-123.4648">
        <ele>458.07</ele>
      </trkpt>
      <trkpt lat="47.86899" lon="-123.46474">
        <ele>456.99</ele>
      </trkpt>
      <trkpt lat="47.8689" lon="-123.46468">
        <ele>457.03</ele>
      </trkpt>
      <trkpt lat="47.86881" lon="-123.46465">
        <ele>456.71</ele>
      </trkpt>
      <trkpt lat="47.86872" lon="-123.46464">
        <ele>456.78</ele>
      </trkpt>
      <trkpt lat="47.86863" lon="-123.46464">
        <ele>456.07</ele>
      </trkpt>
      <trkpt lat="47.86855" lon="-123.46465">
        <ele>456.29</ele>
      </trkpt>
      <trkpt lat="47.86846" lon="-123.46465">
        <ele>456.7</ele>
      </trkpt>
      <trkpt lat="47.86837" lon="-123.46466">
        <ele>457.28</ele>
      </trkpt>
      <trkpt lat="47.86828" lon="-123.46467">
        <ele>457.89</ele>
      </trkpt>
      <trkpt lat="47.86819" lon="-123.46468">
        <ele>458.46</ele>
      </trkpt>
      <trkpt lat="47.8681" lon="-123.46469">
        <ele>459.04</ele>
      </trkpt>
      <trkpt lat="47.86801" lon="-123.46469">
        <ele>459.52</ele>
      </trkpt>
      <trkpt lat="47.86792" lon="-123.46469">
        <ele>460.16</ele>
      </trkpt>
      <trkpt lat="47.86782" lon="-123.46469">
        <ele>461.05</ele>
      </trkpt>
      <trkpt lat="47.86773" lon="-123.46469">
        <ele>461.53</ele>
      </trkpt>
      <trkpt lat="47.86764" lon="-123.46469">
        <ele>462.01</ele>
      </trkpt>
      <trkpt lat="47.86756" lon="-123.46469">
        <ele>462.47</ele>
      </trkpt>
      <trkpt lat="47.86747" lon="-123.46468">
        <ele>462.91</ele>
      </trkpt>
      <trkpt lat="47.86738" lon="-123.46466">
        <ele>463.34</ele>
      </trkpt>
      <trkpt lat="47.86729" lon="-123.46463">
        <ele>463.99</ele>
      </trkpt>
      <trkpt lat="47.86721" lon="-123.46459">
        <ele>464.86</ele>
      </trkpt>
      <trkpt lat="47.86712" lon="-123.46454">
        <ele>465.83</ele>
      </trkpt>
      <trkpt lat="47.86704" lon="-123.46449">
        <ele>466.03</ele>
      </trkpt>
      <trkpt lat="47.86696" lon="-123.46444">
        <ele>466.26</ele>
      </trkpt>
      <trkpt lat="47.86688" lon="-123.46438">
        <ele>466.91</ele>
      </trkpt>
      <trkpt lat="47.86681" lon="-123.46431">
        <ele>467.45</ele>
      </trkpt>
      <trkpt lat="47.86673" lon="-123.46423">
        <ele>468.0</ele>
      </trkpt>
      <trkpt lat="47.86667" lon="-123.46414">
        <ele>468.65</ele>
      </trkpt>
      <trkpt lat="47.8666" lon="-123.46405">
        <ele>468.36</ele>
      </trkpt>
      <trkpt lat="47.86653" lon="-123.46397">
        <ele>467.82</ele>
      </trkpt>
      <trkpt lat="47.86646" lon="-123.46388">
        <ele>467.03</ele>
      </trkpt>
      <trkpt lat="47.86639" lon="-123.46379">
        <ele>465.13</ele>
      </trkpt>
      <trkpt lat="47.86633" lon="-123.46368">
        <ele>463.9</ele>
      </trkpt>
      <trkpt lat="47.86628" lon="-123.46357">
        <ele>463.54</ele>
      </trkpt>
      <trkpt lat="47.86622" lon="-123.46348">
        <ele>464.6</ele>
      </trkpt>
      <trkpt lat="47.86614" lon="-123.46342">
        <ele>466.21</ele>
      </trkpt>
      <trkpt lat="47.86605" lon="-123.46338">
        <ele>466.83</ele>
      </trkpt>
      <trkpt lat="47.86596" lon="-123.46335">
        <ele>466.83</ele>
      </trkpt>
      <trkpt lat="47.86588" lon="-123.46332">
        <ele>466.44</ele>
      </trkpt>
      <trkpt lat="47.86579" lon="-123.46328">
        <ele>465.79</ele>
      </trkpt>
      <trkpt lat="47.8657" lon="-123.46325">
        <ele>464.82</ele>
      </trkpt>
      <trkpt lat="47.86562" lon="-123.46321">
        <ele>464.39</ele>
      </trkpt>
      <trkpt lat="47.86554" lon="-123.46316">
        <ele>464.13</ele>
      </trkpt>
      <trkpt lat="47.86546" lon="-123.46311">
        <ele>463.16</ele>
      </trkpt>
      <trkpt lat="47.86538" lon="-123.46304">
        <ele>462.82</ele>
      </trkpt>
      <trkpt lat="47.8653" lon="-123.46297">
        <ele>461.79</ele>
      </trkpt>
      <trkpt lat="47.86522" lon="-123.46291">
        <ele>460.27</ele>
      </trkpt>
      <trkpt lat="47.86514" lon="-123.46284">
        <ele>460.33</ele>
      </trkpt>
      <trkpt lat="47.86506" lon="-123.46278">
        <ele>461.58</ele>
      </trkpt>
      <trkpt lat="47.86497" lon="-123.46274">
        <ele>461.77</ele>
      </trkpt>
      <trkpt lat="47.86488" lon="-123.46272">
        <ele>460.84</ele>
      </trkpt>
      <trkpt lat="47.86479" lon="-123.46272">
        <ele>459.34</ele>
      </trkpt>
      <trkpt lat="47.8647" lon="-123.46271">
        <ele>457.78</ele>
      </trkpt>
      <trkpt lat="47.86461" lon="-123.46271">
        <ele>456.25</ele>
      </trkpt>
      <trkpt lat="47.86453" lon="-123.46273">
        <ele>455.11</ele>
      </trkpt>
      <trkpt lat="47.86447" lon="-123.4628">
        <ele>454.07</ele>
      </trkpt>
      <trkpt lat="47.8644" lon="-123.46289">
        <ele>452.65</ele>
      </trkpt>
      <trkpt lat="47.86432" lon="-123.46296">
        <ele>452.41</ele>
      </trkpt>
      <trkpt lat="47.86424" lon="-123.46303">
        <ele>451.97</ele>
      </trkpt>
      <trkpt lat="47.86416" lon="-123.4631">
        <ele>452.11</ele>
      </trkpt>
      <trkpt lat="47.8641" lon="-123.46319">
        <ele>450.82</ele>
      </trkpt>
      <trkpt lat="47.86404" lon="-123.46329">
        <ele>449.13</ele>
      </trkpt>
      <trkpt lat="47.86398" lon="-123.4634">
        <ele>448.3</ele>
      </trkpt>
      <trkpt lat="47.86393" lon="-123.46351">
        <ele>447.24</ele>
      </trkpt>
      <trkpt lat="47.86389" lon="-123.46363">
        <ele>446.77</ele>
      </trkpt>
      <trkpt lat="47.86385" lon="-123.46375">
        <ele>446.13</ele>
      </trkpt>
      <trkpt lat="47.86381" lon="-123.46388">
        <ele>444.95</ele>
      </trkpt>
      <trkpt lat="47.86377" lon="-123.464">
        <ele>444.31</ele>
      </trkpt>
      <trkpt lat="47.86374" lon="-123.46411">
        <ele>443.22</ele>
      </trkpt>
      <trkpt lat="47.86369" lon="-123.46423">
        <ele>442.61</ele>
      </trkpt>
      <trkpt lat="47.86364" lon="-123.46434">
        <ele>442.5</ele>
      </trkpt>
      <trkpt lat="47.86359" lon="-123.46444">
        <ele>442.28</ele>
      </trkpt>
      <trkpt lat="47.86353" lon="-123.46455">
        <ele>441.74</ele>
      </trkpt>
      <trkpt lat="47.86347" lon="-123.46465">
        <ele>441.93</ele>
      </trkpt>
      <trkpt lat="47.86341" lon="-123.46475">
        <ele>442.29</ele>
      </trkpt>
      <trkpt lat="47.86335" lon="-123.46484">
        <ele>442.77</ele>
      </trkpt>
      <trkpt lat="47.86328" lon="-123.46493">
        <ele>443.91</ele>
      </trkpt>
      <trkpt lat="47.86321" lon="-123.46501">
        <ele>444.56</ele>
      </trkpt>
      <trkpt lat="47.86314" lon="-123.46509">
        <ele>445.2</ele>
      </trkpt>
      <trkpt lat="47.86306" lon="-123.46516">
        <ele>446.18</ele>
      </trkpt>
      <trkpt lat="47.86299" lon="-123.46523">
        <ele>446.22</ele>
      </trkpt>
      <trkpt lat="47.86291" lon="-123.4653">
        <ele>447.01</ele>
      </trkpt>
      <trkpt lat="47.86284" lon="-123.46538">
        <ele>447.22</ele>
      </trkpt>
      <trkpt lat="47.86276" lon="-123.46545">
        <ele>447.52</ele>
      </trkpt>
      <trkpt lat="47.86268" lon="-123.46551">
        <ele>448.07</ele>
      </trkpt>
      <trkpt lat="47.86259" lon="-123.46556">
        <ele>448.91</ele>
      </trkpt>
      <trkpt lat="47.8625" lon="-123.46559">
        <ele>448.63</ele>
      </trkpt>
      <trkpt lat="47.86241" lon="-123.46562">
        <ele>449.28</ele>
      </trkpt>
      <trkpt lat="47.86233" lon="-123.46565">
        <ele>449.8</ele>
      </trkpt>
      <trkpt lat="47.86224" lon="-123.46568">
        <ele>449.59</ele>
      </trkpt>
      <trkpt lat="47.86215" lon="-123.46572">
        <ele>449.22</ele>
      </trkpt>
      <trkpt lat="47.86207" lon="-123.46575">
        <ele>448.9</ele>
      </trkpt>
      <trkpt lat="47.86198" lon="-123.46579">
        <ele>448.47</ele>
      </trkpt>
      <trkpt lat="47.8619" lon="-123.46583">
        <ele>447.57</ele>
      </trkpt>
      <trkpt lat="47.86181" lon="-123.46587">
        <ele>446.6</ele>
      </trkpt>
      <trkpt lat="47.86172" lon="-123.4659">
        <ele>446.28</ele>
      </trkpt>
      <trkpt lat="47.86164" lon="-123.46594">
        <ele>446.29</ele>
      </trkpt>
      <trkpt lat="47.86155" lon="-123.46598">
        <ele>447.11</ele>
      </trkpt>
      <trkpt lat="47.86146" lon="-123.46602">
        <ele>447.23</ele>
      </trkpt>
      <trkpt lat="47.86138" lon="-123.46605">
        <ele>447.69</ele>
      </trkpt>
      <trkpt lat="47.86129" lon="-123.46608">
        <ele>448.02</ele>
      </trkpt>
      <trkpt lat="47.8612" lon="-123.46611">
        <ele>448.05</ele>
      </trkpt>
      <trkpt lat="47.86111" lon="-123.46614">
        <ele>449.01</ele>
      </trkpt>
      <trkpt lat="47.86103" lon="-123.46617">
        <ele>449.88</ele>
      </trkpt>
      <trkpt lat="47.86094" lon="-123.46621">
        <ele>450.78</ele>
      </trkpt>
      <trkpt lat="47.86085" lon="-123.46625">
        <ele>450.5</ele>
      </trkpt>
      <trkpt lat="47.86077" lon="-123.4663">
        <ele>450.66</ele>
      </trkpt>
      <trkpt lat="47.8607" lon="-123.46636">
        <ele>450.61</ele>
      </trkpt>
      <trkpt lat="47.86061" lon="-123.46643">
        <ele>450.56</ele>
      </trkpt>
      <trkpt lat="47.86054" lon="-123.46649">
        <ele>450.15</ele>
      </trkpt>
      <trkpt lat="47.86046" lon="-123.46656">
        <ele>450.15</ele>
      </trkpt>
      <trkpt lat="47.86038" lon="-123.46663">
        <ele>449.4</ele>
      </trkpt>
      <trkpt lat="47.8603" lon="-123.46669">
        <ele>449.57</ele>
      </trkpt>
      <trkpt lat="47.86023" lon="-123.46676">
        <ele>449.0</ele>
      </trkpt>
      <trkpt lat="47.86015" lon="-123.46683">
        <ele>449.0</ele>
      </trkpt>
      <trkpt lat="47.86007" lon="-123.4669">
        <ele>448.48</ele>
      </trkpt>
      <trkpt lat="47.85999" lon="-123.46697">
        <ele>448.11</ele>
      </trkpt>
      <trkpt lat="47.85992" lon="-123.46704">
        <ele>448.84</ele>
      </trkpt>
      <trkpt lat="47.85984" lon="-123.4671">
        <ele>448.82</ele>
      </trkpt>
      <trkpt lat="47.85976" lon="-123.46717">
        <ele>448.82</ele>
      </trkpt>
      <trkpt lat="47.85968" lon="-123.46724">
        <ele>449.46</ele>
      </trkpt>
      <trkpt lat="47.85961" lon="-123.46731">
        <ele>450.01</ele>
      </trkpt>
      <trkpt lat="47.85953" lon="-123.46737">
        <ele>450.08</ele>
      </trkpt>
      <trkpt lat="47.85945" lon="-123.46743">
        <ele>450.94</ele>
      </trkpt>
      <trkpt lat="47.85937" lon="-123.4675">
        <ele>451.8</ele>
      </trkpt>
      <trkpt lat="47.85929" lon="-123.46756">
        <ele>453.34</ele>
      </trkpt>
      <trkpt lat="47.85921" lon="-123.46762">
        <ele>455.06</ele>
      </trkpt>
      <trkpt lat="47.85912" lon="-123.46767">
        <ele>457.59</ele>
      </trkpt>
      <trkpt lat="47.85904" lon="-123.46772">
        <ele>460.1</ele>
      </trkpt>
      <trkpt lat="47.85895" lon="-123.46776">
        <ele>463.02</ele>
      </trkpt>
      <trkpt lat="47.85886" lon="-123.46778">
        <ele>465.91</ele>
      </trkpt>
      <trkpt lat="47.85877" lon="-123.46781">
        <ele>468.79</ele>
      </trkpt>
      <trkpt lat="47.85868" lon="-123.46783">
        <ele>472.35</ele>
      </trkpt>
      <trkpt lat="47.8586" lon="-123.46786">
        <ele>475.36</ele>
      </trkpt>
      <trkpt lat="47.85851" lon="-123.46789">
        <ele>478.09</ele>
      </trkpt>
      <trkpt lat="47.85842" lon="-123.46793">
        <ele>479.09</ele>
      </trkpt>
      <trkpt lat="47.85834" lon="-123.46797">
        <ele>479.93</ele>
      </trkpt>
      <trkpt lat="47.85825" lon="-123.46801">
        <ele>481.8</ele>
      </trkpt>
      <trkpt lat="47.85817" lon="-123.46805">
        <ele>482.76</ele>
      </trkpt>
      <trkpt lat="47.85808" lon="-123.46808">
        <ele>483.47</ele>
      </trkpt>
      <trkpt lat="47.85799" lon="-123.46812">
        <ele>484.01</ele>
      </trkpt>
      <trkpt lat="47.85791" lon="-123.46816">
        <ele>484.5</ele>
      </trkpt>
      <trkpt lat="47.85782" lon="-123.4682">
        <ele>484.74</ele>
      </trkpt>
      <trkpt lat="47.85773" lon="-123.46823">
        <ele>485.06</ele>
      </trkpt>
      <trkpt lat="47.85764" lon="-123.46825">
        <ele>484.41</ele>
      </trkpt>
      <trkpt lat="47.85755" lon="-123.46828">
        <ele>483.38</ele>
      </trkpt>
      <trkpt lat="47.85747" lon="-123.4683">
        <ele>482.07</ele>
      </trkpt>
      <trkpt lat="47.85738" lon="-123.46833">
        <ele>479.49</ele>
      </trkpt>
      <trkpt lat="47.85729" lon="-123.46835">
        <ele>477.1</ele>
      </trkpt>
      <trkpt lat="47.8572" lon="-123.46837">
        <ele>474.87</ele>
      </trkpt>
      <trkpt lat="47.85711" lon="-123.46839">
        <ele>472.95</ele>
      </trkpt>
      <trkpt lat="47.85702" lon="-123.4684">
        <ele>471.6</ele>
      </trkpt>
      <trkpt lat="47.85694" lon="-123.46839">
        <ele>470.73</ele>
      </trkpt>
      <trkpt lat="47.85686" lon="-123.46838">
        <ele>470.08</ele>
      </trkpt>
      <trkpt lat="47.85675" lon="-123.46834">
        <ele>469.76</ele>
      </trkpt>
      <trkpt lat="47.85664" lon="-123.46828">
        <ele>469.86</ele>
      </trkpt>
      <trkpt lat="47.85655" lon="-123.46823">
        <ele>469.71</ele>
      </trkpt>
      <trkpt lat="47.85647" lon="-123.46818">
        <ele>469.06</ele>
      </trkpt>
      <trkpt lat="47.85638" lon="-123.46814">
        <ele>467.98</ele>
      </trkpt>
      <trkpt lat="47.8563" lon="-123.46809">
        <ele>467.34</ele>
      </trkpt>
      <trkpt lat="47.85622" lon="-123.46804">
        <ele>466.69</ele>
      </trkpt>
      <trkpt lat="47.85614" lon="-123.46799">
        <ele>466.53</ele>
      </trkpt>
      <trkpt lat="47.85606" lon="-123.46793">
        <ele>466.8</ele>
      </trkpt>
      <trkpt lat="47.85598" lon="-123.46786">
        <ele>467.92</ele>
      </trkpt>
      <trkpt lat="47.8559" lon="-123.4678">
        <ele>469.0</ele>
      </trkpt>
      <trkpt lat="47.85582" lon="-123.46773">
        <ele>470.4</ele>
      </trkpt>
      <trkpt lat="47.85575" lon="-123.46765">
        <ele>472.24</ele>
      </trkpt>
      <trkpt lat="47.85567" lon="-123.46758">
        <ele>473.64</ele>
      </trkpt>
      <trkpt lat="47.8556" lon="-123.4675">
        <ele>475.48</ele>
      </trkpt>
      <trkpt lat="47.85553" lon="-123.46742">
        <ele>477.04</ele>
      </trkpt>
      <trkpt lat="47.85546" lon="-123.46734">
        <ele>478.82</ele>
      </trkpt>
      <trkpt lat="47.85538" lon="-123.46726">
        <ele>479.09</ele>
      </trkpt>
      <trkpt lat="47.85532" lon="-123.46717">
        <ele>480.32</ele>
      </trkpt>
      <trkpt lat="47.85525" lon="-123.46708">
        <ele>481.08</ele>
      </trkpt>
      <trkpt lat="47.85518" lon="-123.46699">
        <ele>481.86</ele>
      </trkpt>
      <trkpt lat="47.85512" lon="-123.46689">
        <ele>484.24</ele>
      </trkpt>
      <trkpt lat="47.85506" lon="-123.4668">
        <ele>486.54</ele>
      </trkpt>
      <trkpt lat="47.855" lon="-123.4667">
        <ele>488.92</ele>
      </trkpt>
      <trkpt lat="47.85493" lon="-123.4666">
        <ele>492.12</ele>
      </trkpt>
      <trkpt lat="47.85487" lon="-123.46651">
        <ele>494.55</ele>
      </trkpt>
      <trkpt lat="47.85481" lon="-123.46642">
        <ele>496.89</ele>
      </trkpt>
      <trkpt lat="47.85474" lon="-123.46632">
        <ele>499.22</ele>
      </trkpt>
      <trkpt lat="47.85468" lon="-123.46623">
        <ele>500.78</ele>
      </trkpt>
      <trkpt lat="47.85462" lon="-123.46613">
        <ele>502.18</ele>
      </trkpt>
      <trkpt lat="47.85455" lon="-123.46604">
        <ele>502.92</ele>
      </trkpt>
      <trkpt lat="47.85449" lon="-123.46595">
        <ele>503.32</ele>
      </trkpt>
      <trkpt lat="47.85442" lon="-123.46585">
        <ele>503.19</ele>
      </trkpt>
      <trkpt lat="47.85436" lon="-123.46576">
        <ele>502.02</ele>
      </trkpt>
      <trkpt lat="47.85429" lon="-123.46567">
        <ele>500.95</ele>
      </trkpt>
      <trkpt lat="47.85423" lon="-123.46558">
        <ele>501.03</ele>
      </trkpt>
      <trkpt lat="47.85416" lon="-123.46549">
        <ele>501.03</ele>
      </trkpt>
      <trkpt lat="47.8541" lon="-123.46539">
        <ele>503.86</ele>
      </trkpt>
      <trkpt lat="47.85403" lon="-123.46531">
        <ele>506.13</ele>
      </trkpt>
      <trkpt lat="47.85396" lon="-123.46522">
        <ele>509.26</ele>
      </trkpt>
      <trkpt lat="47.85389" lon="-123.46513">
        <ele>512.4</ele>
      </trkpt>
      <trkpt lat="47.85382" lon="-123.46505">
        <ele>515.1</ele>
      </trkpt>
      <trkpt lat="47.85375" lon="-123.46497">
        <ele>517.8</ele>
      </trkpt>
      <trkpt lat="47.85368" lon="-123.46488">
        <ele>520.93</ele>
      </trkpt>
      <trkpt lat="47.85361" lon="-123.4648">
        <ele>523.61</ele>
      </trkpt>
      <trkpt lat="47.85354" lon="-123.46471">
        <ele>525.19</ele>
      </trkpt>
      <trkpt lat="47.85347" lon="-123.46463">
        <ele>526.94</ele>
      </trkpt>
      <trkpt lat="47.8534" lon="-123.46454">
        <ele>529.04</ele>
      </trkpt>
      <trkpt lat="47.85333" lon="-123.46446">
        <ele>530.23</ele>
      </trkpt>
      <trkpt lat="47.85325" lon="-123.46438">
        <ele>530.39</ele>
      </trkpt>
      <trkpt lat="47.85319" lon="-123.46429">
        <ele>530.81</ele>
      </trkpt>
      <trkpt lat="47.85312" lon="-123.46421">
        <ele>529.85</ele>
      </trkpt>
      <trkpt lat="47.85304" lon="-123.46413">
        <ele>527.95</ele>
      </trkpt>
      <trkpt lat="47.85297" lon="-123.46405">
        <ele>525.9</ele>
      </trkpt>
      <trkpt lat="47.8529" lon="-123.46398">
        <ele>524.31</ele>
      </trkpt>
      <trkpt lat="47.85282" lon="-123.4639">
        <ele>524.69</ele>
      </trkpt>
      <trkpt lat="47.85275" lon="-123.46383">
        <ele>526.91</ele>
      </trkpt>
      <trkpt lat="47.85267" lon="-123.46376">
        <ele>529.18</ele>
      </trkpt>
      <trkpt lat="47.85259" lon="-123.4637">
        <ele>531.12</ele>
      </trkpt>
      <trkpt lat="47.8525" lon="-123.46366">
        <ele>532.42</ele>
      </trkpt>
      <trkpt lat="47.85242" lon="-123.46361">
        <ele>534.9</ele>
      </trkpt>
      <trkpt lat="47.85233" lon="-123.46357">
        <ele>536.33</ele>
      </trkpt>
      <trkpt lat="47.85225" lon="-123.46353">
        <ele>537.54</ele>
      </trkpt>
      <trkpt lat="47.85216" lon="-123.46348">
        <ele>538.86</ele>
      </trkpt>
      <trkpt lat="47.85208" lon="-123.46343">
        <ele>539.78</ele>
      </trkpt>
      <trkpt lat="47.85199" lon="-123.46338">
        <ele>540.22</ele>
      </trkpt>
      <trkpt lat="47.85191" lon="-123.46334">
        <ele>540.39</ele>
      </trkpt>
      <trkpt lat="47.85182" lon="-123.4633">
        <ele>540.17</ele>
      </trkpt>
      <trkpt lat="47.85173" lon="-123.46327">
        <ele>538.57</ele>
      </trkpt>
      <trkpt lat="47.85164" lon="-123.46325">
        <ele>535.81</ele>
      </trkpt>
      <trkpt lat="47.85155" lon="-123.46323">
        <ele>533.6</ele>
      </trkpt>
      <trkpt lat="47.85146" lon="-123.46323">
        <ele>531.21</ele>
      </trkpt>
      <trkpt lat="47.85137" lon="-123.46322">
        <ele>531.08</ele>
      </trkpt>
      <trkpt lat="47.85128" lon="-123.46321">
        <ele>533.52</ele>
      </trkpt>
      <trkpt lat="47.85119" lon="-123.46321">
        <ele>536.59</ele>
      </trkpt>
      <trkpt lat="47.8511" lon="-123.46321">
        <ele>540.36</ele>
      </trkpt>
      <trkpt lat="47.85101" lon="-123.46321">
        <ele>543.33</ele>
      </trkpt>
      <trkpt lat="47.85092" lon="-123.46321">
        <ele>546.86</ele>
      </trkpt>
      <trkpt lat="47.85083" lon="-123.46321">
        <ele>549.74</ele>
      </trkpt>
      <trkpt lat="47.85074" lon="-123.46322">
        <ele>551.46</ele>
      </trkpt>
      <trkpt lat="47.85065" lon="-123.46322">
        <ele>553.41</ele>
      </trkpt>
      <trkpt lat="47.85056" lon="-123.46323">
        <ele>555.14</ele>
      </trkpt>
      <trkpt lat="47.85047" lon="-123.46325">
        <ele>556.55</ele>
      </trkpt>
      <trkpt lat="47.85039" lon="-123.46326">
        <ele>557.33</ele>
      </trkpt>
      <trkpt lat="47.8503" lon="-123.46328">
        <ele>558.35</ele>
      </trkpt>
      <trkpt lat="47.85021" lon="-123.4633">
        <ele>558.81</ele>
      </trkpt>
      <trkpt lat="47.85012" lon="-123.46332">
        <ele>559.14</ele>
      </trkpt>
      <trkpt lat="47.85003" lon="-123.46333">
        <ele>559.76</ele>
      </trkpt>
      <trkpt lat="47.84994" lon="-123.46335">
        <ele>559.4</ele>
      </trkpt>
      <trkpt lat="47.84985" lon="-123.46336">
        <ele>559.76</ele>
      </trkpt>
      <trkpt lat="47.84976" lon="-123.46337">
        <ele>560.4</ele>
      </trkpt>
      <trkpt lat="47.84967" lon="-123.46338">
        <ele>561.62</ele>
      </trkpt>
      <trkpt lat="47.84958" lon="-123.46339">
        <ele>563.56</ele>
      </trkpt>
      <trkpt lat="47.84949" lon="-123.46339">
        <ele>565.79</ele>
      </trkpt>
      <trkpt lat="47.8494" lon="-123.4634">
        <ele>567.17</ele>
      </trkpt>
      <trkpt lat="47.84931" lon="-123.4634">
        <ele>568.62</ele>
      </trkpt>
      <trkpt lat="47.84922" lon="-123.46341">
        <ele>569.84</ele>
      </trkpt>
      <trkpt lat="47.84913" lon="-123.46342">
        <ele>570.96</ele>
      </trkpt>
      <trkpt lat="47.84904" lon="-123.46344">
        <ele>572.06</ele>
      </trkpt>
      <trkpt lat="47.84895" lon="-123.46345">
        <ele>572.82</ele>
      </trkpt>
      <trkpt lat="47.84886" lon="-123.46346">
        <ele>573.58</ele>
      </trkpt>
      <trkpt lat="47.84877" lon="-123.46346">
        <ele>574.44</ele>
      </trkpt>
      <trkpt lat="47.84869" lon="-123.46346">
        <ele>574.9</ele>
      </trkpt>
      <trkpt lat="47.8486" lon="-123.46343">
        <ele>575.87</ele>
      </trkpt>
      <trkpt lat="47.84852" lon="-123.46338">
        <ele>576.99</ele>
      </trkpt>
      <trkpt lat="47.84845" lon="-123.46332">
        <ele>577.55</ele>
      </trkpt>
      <trkpt lat="47.84838" lon="-123.46323">
        <ele>578.36</ele>
      </trkpt>
      <trkpt lat="47.84832" lon="-123.46312">
        <ele>580.44</ele>
      </trkpt>
      <trkpt lat="47.84826" lon="-123.46301">
        <ele>581.31</ele>
      </trkpt>
      <trkpt lat="47.84821" lon="-123.4629">
        <ele>582.38</ele>
      </trkpt>
      <trkpt lat="47.84814" lon="-123.46284">
        <ele>580.46</ele>
      </trkpt>
      <trkpt lat="47.84806" lon="-123.46289">
        <ele>573.65</ele>
      </trkpt>
      <trkpt lat="47.848" lon="-123.46295">
        <ele>569.02</ele>
      </trkpt>
      <trkpt lat="47.84795" lon="-123.46302">
        <ele>565.21</ele>
      </trkpt>
      <trkpt lat="47.8479" lon="-123.46311">
        <ele>562.24</ele>
      </trkpt>
      <trkpt lat="47.84785" lon="-123.46323">
        <ele>559.92</ele>
      </trkpt>
      <trkpt lat="47.84779" lon="-123.46333">
        <ele>558.71</ele>
      </trkpt>
      <trkpt lat="47.84772" lon="-123.46342">
        <ele>558.69</ele>
      </trkpt>
      <trkpt lat="47.84765" lon="-123.4635">
        <ele>560.0</ele>
      </trkpt>
      <trkpt lat="47.84757" lon="-123.46357">
        <ele>561.31</ele>
      </trkpt>
      <trkpt lat="47.84749" lon="-123.46361">
        <ele>563.47</ele>
      </trkpt>
      <trkpt lat="47.8474" lon="-123.46366">
        <ele>565.74</ele>
      </trkpt>
      <trkpt lat="47.84732" lon="-123.4637">
        <ele>567.9</ele>
      </trkpt>
      <trkpt lat="47.84723" lon="-123.46374">
        <ele>569.54</ele>
      </trkpt>
      <trkpt lat="47.84715" lon="-123.46379">
        <ele>571.32</ele>
      </trkpt>
      <trkpt lat="47.84706" lon="-123.46383">
        <ele>572.32</ele>
      </trkpt>
      <trkpt lat="47.84698" lon="-123.46387">
        <ele>573.46</ele>
      </trkpt>
      <trkpt lat="47.84689" lon="-123.46392">
        <ele>573.83</ele>
      </trkpt>
      <trkpt lat="47.8468" lon="-123.46396">
        <ele>573.92</ele>
      </trkpt>
      <trkpt lat="47.84672" lon="-123.46401">
        <ele>572.9</ele>
      </trkpt>
      <trkpt lat="47.84664" lon="-123.46405">
        <ele>571.78</ele>
      </trkpt>
      <trkpt lat="47.84655" lon="-123.4641">
        <ele>569.36</ele>
      </trkpt>
      <trkpt lat="47.84647" lon="-123.46415">
        <ele>565.35</ele>
      </trkpt>
      <trkpt lat="47.84638" lon="-123.4642">
        <ele>560.73</ele>
      </trkpt>
      <trkpt lat="47.8463" lon="-123.46424">
        <ele>557.7</ele>
      </trkpt>
      <trkpt lat="47.84621" lon="-123.46428">
        <ele>557.26</ele>
      </trkpt>
      <trkpt lat="47.84612" lon="-123.46431">
        <ele>558.16</ele>
      </trkpt>
      <trkpt lat="47.84603" lon="-123.46433">
        <ele>559.46</ele>
      </trkpt>
      <trkpt lat="47.84594" lon="-123.46435">
        <ele>560.76</ele>
      </trkpt>
      <trkpt lat="47.84585" lon="-123.46435">
        <ele>561.9</ele>
      </trkpt>
      <trkpt lat="47.84576" lon="-123.46436">
        <ele>563.25</ele>
      </trkpt>
      <trkpt lat="47.84567" lon="-123.46436">
        <ele>564.41</ele>
      </trkpt>
      <trkpt lat="47.84558" lon="-123.46436">
        <ele>565.38</ele>
      </trkpt>
      <trkpt lat="47.84549" lon="-123.46435">
        <ele>566.09</ele>
      </trkpt>
      <trkpt lat="47.8454" lon="-123.46435">
        <ele>566.77</ele>
      </trkpt>
      <trkpt lat="47.84531" lon="-123.46434">
        <ele>568.16</ele>
      </trkpt>
      <trkpt lat="47.84522" lon="-123.46433">
        <ele>569.57</ele>
      </trkpt>
      <trkpt lat="47.84513" lon="-123.46431">
        <ele>572.0</ele>
      </trkpt>
      <trkpt lat="47.84504" lon="-123.4643">
        <ele>574.38</ele>
      </trkpt>
      <trkpt lat="47.84495" lon="-123.46429">
        <ele>576.57</ele>
      </trkpt>
      <trkpt lat="47.84487" lon="-123.46427">
        <ele>578.87</ele>
      </trkpt>
      <trkpt lat="47.84478" lon="-123.46425">
        <ele>580.44</ele>
      </trkpt>
      <trkpt lat="47.84469" lon="-123.46424">
        <ele>581.04</ele>
      </trkpt>
      <trkpt lat="47.8446" lon="-123.46422">
        <ele>581.98</ele>
      </trkpt>
      <trkpt lat="47.84451" lon="-123.46421">
        <ele>581.7</ele>
      </trkpt>
      <trkpt lat="47.84442" lon="-123.46418">
        <ele>581.49</ele>
      </trkpt>
      <trkpt lat="47.84433" lon="-123.46416">
        <ele>579.5</ele>
      </trkpt>
      <trkpt lat="47.84425" lon="-123.46412">
        <ele>579.18</ele>
      </trkpt>
      <trkpt lat="47.84416" lon="-123.46409">
        <ele>577.68</ele>
      </trkpt>
      <trkpt lat="47.84407" lon="-123.46406">
        <ele>575.82</ele>
      </trkpt>
      <trkpt lat="47.84399" lon="-123.46402">
        <ele>576.69</ele>
      </trkpt>
      <trkpt lat="47.8439" lon="-123.464">
        <ele>578.68</ele>
      </trkpt>
      <trkpt lat="47.84381" lon="-123.46397">
        <ele>582.34</ele>
      </trkpt>
      <trkpt lat="47.84372" lon="-123.46395">
        <ele>584.8</ele>
      </trkpt>
      <trkpt lat="47.84363" lon="-123.46394">
        <ele>586.48</ele>
      </trkpt>
      <trkpt lat="47.84354" lon="-123.46393">
        <ele>587.76</ele>
      </trkpt>
      <trkpt lat="47.84345" lon="-123.46392">
        <ele>589.39</ele>
      </trkpt>
      <trkpt lat="47.84336" lon="-123.46391">
        <ele>590.4</ele>
      </trkpt>
      <trkpt lat="47.84327" lon="-123.46391">
        <ele>590.93</ele>
      </trkpt>
      <trkpt lat="47.84318" lon="-123.4639">
        <ele>591.54</ele>
      </trkpt>
      <trkpt lat="47.84309" lon="-123.4639">
        <ele>591.2</ele>
      </trkpt>
      <trkpt lat="47.843" lon="-123.4639">
        <ele>590.56</ele>
      </trkpt>
      <trkpt lat="47.84291" lon="-123.4639">
        <ele>589.59</ele>
      </trkpt>
      <trkpt lat="47.84282" lon="-123.46392">
        <ele>587.1</ele>
      </trkpt>
      <trkpt lat="47.84273" lon="-123.46393">
        <ele>584.63</ele>
      </trkpt>
      <trkpt lat="47.84264" lon="-123.46395">
        <ele>580.26</ele>
      </trkpt>
      <trkpt lat="47.84256" lon="-123.46398">
        <ele>574.72</ele>
      </trkpt>
      <trkpt lat="47.84247" lon="-123.464">
        <ele>568.78</ele>
      </trkpt>
      <trkpt lat="47.84238" lon="-123.46404">
        <ele>559.87</ele>
      </trkpt>
      <trkpt lat="47.84229" lon="-123.46407">
        <ele>550.48</ele>
      </trkpt>
      <trkpt lat="47.84221" lon="-123.4641">
        <ele>542.64</ele>
      </trkpt>
      <trkpt lat="47.84212" lon="-123.46413">
        <ele>537.94</ele>
      </trkpt>
      <trkpt lat="47.84203" lon="-123.46417">
        <ele>537.09</ele>
      </trkpt>
      <trkpt lat="47.84195" lon="-123.4642">
        <ele>538.6</ele>
      </trkpt>
      <trkpt lat="47.84186" lon="-123.46424">
        <ele>541.53</ele>
      </trkpt>
      <trkpt lat="47.84177" lon="-123.46427">
        <ele>543.94</ele>
      </trkpt>
      <trkpt lat="47.84168" lon="-123.46431">
        <ele>546.07</ele>
      </trkpt>
      <trkpt lat="47.8416" lon="-123.46435">
        <ele>547.72</ele>
      </trkpt>
      <trkpt lat="47.84152" lon="-123.4644">
        <ele>549.02</ele>
      </trkpt>
      <trkpt lat="47.84143" lon="-123.46445">
        <ele>549.92</ele>
      </trkpt>
      <trkpt lat="47.84135" lon="-123.4645">
        <ele>550.85</ele>
      </trkpt>
      <trkpt lat="47.84126" lon="-123.46455">
        <ele>552.21</ele>
      </trkpt>
      <trkpt lat="47.84118" lon="-123.4646">
        <ele>552.77</ele>
      </trkpt>
      <trkpt lat="47.8411" lon="-123.46465">
        <ele>552.38</ele>
      </trkpt>
      <trkpt lat="47.84102" lon="-123.4647">
        <ele>553.14</ele>
      </trkpt>
      <trkpt lat="47.84093" lon="-123.46474">
        <ele>553.91</ele>
      </trkpt>
      <trkpt lat="47.84085" lon="-123.46478">
        <ele>554.34</ele>
      </trkpt>
      <trkpt lat="47.84076" lon="-123.46481">
        <ele>554.89</ele>
      </trkpt>
      <trkpt lat="47.84067" lon="-123.46484">
        <ele>555.72</ele>
      </trkpt>
      <trkpt lat="47.84058" lon="-123.46488">
        <ele>555.25</ele>
      </trkpt>
      <trkpt lat="47.84049" lon="-123.46491">
        <ele>555.28</ele>
      </trkpt>
      <trkpt lat="47.84041" lon="-123.46496">
        <ele>553.16</ele>
      </trkpt>
      <trkpt lat="47.84033" lon="-123.46501">
        <ele>550.07</ele>
      </trkpt>
      <trkpt lat="47.84025" lon="-123.46506">
        <ele>547.11</ele>
      </trkpt>
      <trkpt lat="47.84017" lon="-123.46512">
        <ele>543.68</ele>
      </trkpt>
      <trkpt lat="47.84009" lon="-123.46518">
        <ele>541.36</ele>
      </trkpt>
      <trkpt lat="47.84001" lon="-123.46524">
        <ele>541.37</ele>
      </trkpt>
      <trkpt lat="47.83992" lon="-123.46529">
        <ele>542.2</ele>
      </trkpt>
      <trkpt lat="47.83984" lon="-123.46533">
        <ele>543.08</ele>
      </trkpt>
      <trkpt lat="47.83975" lon="-123.46537">
        <ele>544.12</ele>
      </trkpt>
      <trkpt lat="47.83966" lon="-123.46541">
        <ele>544.63</ele>
      </trkpt>
      <trkpt lat="47.83957" lon="-123.46544">
        <ele>545.12</ele>
      </trkpt>
      <trkpt lat="47.83949" lon="-123.46548">
        <ele>544.87</ele>
      </trkpt>
      <trkpt lat="47.8394" lon="-123.46551">
        <ele>544.96</ele>
      </trkpt>
      <trkpt lat="47.83932" lon="-123.46555">
        <ele>544.18</ele>
      </trkpt>
      <trkpt lat="47.83923" lon="-123.46559">
        <ele>543.0</ele>
      </trkpt>
      <trkpt lat="47.83914" lon="-123.46563">
        <ele>542.39</ele>
      </trkpt>
      <trkpt lat="47.83906" lon="-123.46567">
        <ele>541.18</ele>
      </trkpt>
      <trkpt lat="47.83897" lon="-123.46571">
        <ele>539.54</ele>
      </trkpt>
      <trkpt lat="47.83888" lon="-123.46575">
        <ele>537.51</ele>
      </trkpt>
      <trkpt lat="47.83879" lon="-123.46578">
        <ele>533.81</ele>
      </trkpt>
      <trkpt lat="47.83871" lon="-123.4658">
        <ele>529.06</ele>
      </trkpt>
      <trkpt lat="47.83862" lon="-123.46583">
        <ele>526.26</ele>
      </trkpt>
      <trkpt lat="47.83853" lon="-123.46585">
        <ele>526.67</ele>
      </trkpt>
      <trkpt lat="47.83844" lon="-123.46586">
        <ele>527.32</ele>
      </trkpt>
      <trkpt lat="47.83835" lon="-123.46587">
        <ele>527.7</ele>
      </trkpt>
      <trkpt lat="47.83825" lon="-123.46587">
        <ele>527.81</ele>
      </trkpt>
      <trkpt lat="47.83816" lon="-123.46587">
        <ele>526.94</ele>
      </trkpt>
      <trkpt lat="47.83808" lon="-123.46587">
        <ele>525.63</ele>
      </trkpt>
      <trkpt lat="47.83799" lon="-123.46586">
        <ele>525.63</ele>
      </trkpt>
      <trkpt lat="47.8379" lon="-123.46584">
        <ele>525.98</ele>
      </trkpt>
      <trkpt lat="47.83782" lon="-123.4658">
        <ele>527.96</ele>
      </trkpt>
      <trkpt lat="47.83774" lon="-123.46575">
        <ele>530.22</ele>
      </trkpt>
      <trkpt lat="47.83765" lon="-123.4657">
        <ele>532.7</ele>
      </trkpt>
      <trkpt lat="47.83757" lon="-123.46566">
        <ele>534.86</ele>
      </trkpt>
      <trkpt lat="47.83748" lon="-123.46562">
        <ele>537.8</ele>
      </trkpt>
      <trkpt lat="47.83739" lon="-123.46558">
        <ele>541.02</ele>
      </trkpt>
      <trkpt lat="47.83731" lon="-123.46555">
        <ele>544.21</ele>
      </trkpt>
      <trkpt lat="47.83722" lon="-123.46551">
        <ele>548.08</ele>
      </trkpt>
      <trkpt lat="47.83713" lon="-123.46548">
        <ele>551.17</ele>
      </trkpt>
      <trkpt lat="47.83704" lon="-123.46545">
        <ele>553.9</ele>
      </trkpt>
      <trkpt lat="47.83696" lon="-123.46542">
        <ele>556.94</ele>
      </trkpt>
      <trkpt lat="47.83687" lon="-123.4654">
        <ele>560.28</ele>
      </trkpt>
      <trkpt lat="47.83678" lon="-123.46538">
        <ele>563.33</ele>
      </trkpt>
      <trkpt lat="47.83669" lon="-123.46536">
        <ele>566.24</ele>
      </trkpt>
      <trkpt lat="47.8366" lon="-123.46534">
        <ele>569.16</ele>
      </trkpt>
      <trkpt lat="47.83651" lon="-123.46533">
        <ele>572.08</ele>
      </trkpt>
      <trkpt lat="47.83642" lon="-123.46531">
        <ele>574.76</ele>
      </trkpt>
      <trkpt lat="47.83633" lon="-123.46529">
        <ele>577.78</ele>
      </trkpt>
      <trkpt lat="47.83624" lon="-123.46528">
        <ele>580.19</ele>
      </trkpt>
      <trkpt lat="47.83615" lon="-123.46525">
        <ele>582.63</ele>
      </trkpt>
      <trkpt lat="47.83607" lon="-123.46523">
        <ele>585.13</ele>
      </trkpt>
      <trkpt lat="47.83598" lon="-123.4652">
        <ele>587.61</ele>
      </trkpt>
      <trkpt lat="47.83589" lon="-123.46517">
        <ele>589.72</ele>
      </trkpt>
      <trkpt lat="47.8358" lon="-123.46514">
        <ele>591.51</ele>
      </trkpt>
      <trkpt lat="47.83572" lon="-123.46511">
        <ele>593.44</ele>
      </trkpt>
      <trkpt lat="47.83563" lon="-123.46508">
        <ele>594.41</ele>
      </trkpt>
      <trkpt lat="47.83554" lon="-123.46504">
        <ele>595.73</ele>
      </trkpt>
      <trkpt lat="47.83545" lon="-123.46501">
        <ele>597.44</ele>
      </trkpt>
      <trkpt lat="47.83537" lon="-123.46498">
        <ele>598.64</ele>
      </trkpt>
      <trkpt lat="47.83528" lon="-123.46495">
        <ele>599.17</ele>
      </trkpt>
      <trkpt lat="47.83519" lon="-123.46491">
        <ele>600.89</ele>
      </trkpt>
      <trkpt lat="47.8351" lon="-123.46488">
        <ele>601.24</ele>
      </trkpt>
      <trkpt lat="47.83502" lon="-123.46485">
        <ele>601.99</ele>
      </trkpt>
      <trkpt lat="47.83493" lon="-123.46482">
        <ele>602.08</ele>
      </trkpt>
      <trkpt lat="47.83484" lon="-123.46478">
        <ele>602.78</ele>
      </trkpt>
      <trkpt lat="47.83475" lon="-123.46475">
        <ele>602.89</ele>
      </trkpt>
      <trkpt lat="47.83467" lon="-123.46471">
        <ele>603.47</ele>
      </trkpt>
      <trkpt lat="47.83459" lon="-123.46466">
        <ele>604.64</ele>
      </trkpt>
      <trkpt lat="47.8345" lon="-123.46461">
        <ele>605.13</ele>
      </trkpt>
      <trkpt lat="47.83442" lon="-123.46456">
        <ele>606.23</ele>
      </trkpt>
      <trkpt lat="47.83434" lon="-123.46451">
        <ele>606.53</ele>
      </trkpt>
      <trkpt lat="47.83426" lon="-123.46446">
        <ele>606.35</ele>
      </trkpt>
      <trkpt lat="47.83418" lon="-123.4644">
        <ele>607.21</ele>
      </trkpt>
      <trkpt lat="47.83409" lon="-123.46435">
        <ele>606.59</ele>
      </trkpt>
      <trkpt lat="47.83401" lon="-123.46429">
        <ele>606.6</ele>
      </trkpt>
      <trkpt lat="47.83393" lon="-123.46423">
        <ele>605.9</ele>
      </trkpt>
      <trkpt lat="47.83385" lon="-123.46417">
        <ele>605.18</ele>
      </trkpt>
      <trkpt lat="47.83377" lon="-123.46411">
        <ele>603.31</ele>
      </trkpt>
      <trkpt lat="47.83369" lon="-123.46404">
        <ele>601.73</ele>
      </trkpt>
      <trkpt lat="47.83361" lon="-123.46398">
        <ele>599.98</ele>
      </trkpt>
      <trkpt lat="47.83353" lon="-123.46391">
        <ele>597.74</ele>
      </trkpt>
      <trkpt lat="47.83346" lon="-123.46384">
        <ele>595.79</ele>
      </trkpt>
      <trkpt lat="47.83338" lon="-123.46377">
        <ele>592.38</ele>
      </trkpt>
      <trkpt lat="47.83331" lon="-123.4637">
        <ele>589.4</ele>
      </trkpt>
      <trkpt lat="47.83323" lon="-123.46363">
        <ele>586.49</ele>
      </trkpt>
      <trkpt lat="47.83315" lon="-123.46356">
        <ele>584.87</ele>
      </trkpt>
      <trkpt lat="47.83308" lon="-123.46348">
        <ele>587.18</ele>
      </trkpt>
      <trkpt lat="47.833" lon="-123.46341">
        <ele>590.26</ele>
      </trkpt>
      <trkpt lat="47.83289" lon="-123.46335">
        <ele>592.31</ele>
      </trkpt>
      <trkpt lat="47.83279" lon="-123.4633">
        <ele>593.93</ele>
      </trkpt>
      <trkpt lat="47.83271" lon="-123.46326">
        <ele>594.65</ele>
      </trkpt>
      <trkpt lat="47.83262" lon="-123.46322">
        <ele>594.71</ele>
      </trkpt>
      <trkpt lat="47.83254" lon="-123.46317">
        <ele>595.82</ele>
      </trkpt>
      <trkpt lat="47.83245" lon="-123.46313">
        <ele>595.7</ele>
      </trkpt>
      <trkpt lat="47.83237" lon="-123.46308">
        <ele>596.14</ele>
      </trkpt>
      <trkpt lat="47.83229" lon="-123.46303">
        <ele>596.57</ele>
      </trkpt>
      <trkpt lat="47.83221" lon="-123.46298">
        <ele>597.0</ele>
      </trkpt>
      <trkpt lat="47.83212" lon="-123.46293">
        <ele>597.18</ele>
      </trkpt>
      <trkpt lat="47.83204" lon="-123.46287">
        <ele>597.11</ele>
      </trkpt>
      <trkpt lat="47.83196" lon="-123.46281">
        <ele>597.11</ele>
      </trkpt>
      <trkpt lat="47.83188" lon="-123.46276">
        <ele>596.49</ele>
      </trkpt>
      <trkpt lat="47.8318" lon="-123.4627">
        <ele>595.37</ele>
      </trkpt>
      <trkpt lat="47.83172" lon="-123.46264">
        <ele>594.19</ele>
      </trkpt>
      <trkpt lat="47.83164" lon="-123.46258">
        <ele>593.16</ele>
      </trkpt>
      <trkpt lat="47.83156" lon="-123.46252">
        <ele>591.74</ele>
      </trkpt>
      <trkpt lat="47.83148" lon="-123.46247">
        <ele>589.57</ele>
      </trkpt>
      <trkpt lat="47.83139" lon="-123.46241">
        <ele>586.96</ele>
      </trkpt>
      <trkpt lat="47.83131" lon="-123.46235">
        <ele>584.51</ele>
      </trkpt>
      <trkpt lat="47.83123" lon="-123.46229">
        <ele>582.15</ele>
      </trkpt>
      <trkpt lat="47.83115" lon="-123.46223">
        <ele>579.85</ele>
      </trkpt>
      <trkpt lat="47.83107" lon="-123.46217">
        <ele>578.36</ele>
      </trkpt>
      <trkpt lat="47.83099" lon="-123.46211">
        <ele>578.02</ele>
      </trkpt>
      <trkpt lat="47.83091" lon="-123.46205">
        <ele>578.24</ele>
      </trkpt>
      <trkpt lat="47.83083" lon="-123.46199">
        <ele>578.42</ele>
      </trkpt>
      <trkpt lat="47.83074" lon="-123.46194">
        <ele>577.12</ele>
      </trkpt>
      <trkpt lat="47.83066" lon="-123.46189">
        <ele>576.15</ele>
      </trkpt>
      <trkpt lat="47.83058" lon="-123.46184">
        <ele>574.41</ele>
      </trkpt>
      <trkpt lat="47.83049" lon="-123.4618">
        <ele>572.16</ele>
      </trkpt>
      <trkpt lat="47.83041" lon="-123.46175">
        <ele>569.95</ele>
      </trkpt>
      <trkpt lat="47.83032" lon="-123.46171">
        <ele>566.63</ele>
      </trkpt>
      <trkpt lat="47.83024" lon="-123.46167">
        <ele>563.87</ele>
      </trkpt>
      <trkpt lat="47.83015" lon="-123.46163">
        <ele>560.67</ele>
      </trkpt>
      <trkpt lat="47.83006" lon="-123.46159">
        <ele>558.08</ele>
      </trkpt>
      <trkpt lat="47.82998" lon="-123.46155">
        <ele>556.35</ele>
      </trkpt>
      <trkpt lat="47.82989" lon="-123.46151">
        <ele>555.7</ele>
      </trkpt>
      <trkpt lat="47.82981" lon="-123.46147">
        <ele>555.44</ele>
      </trkpt>
      <trkpt lat="47.82972" lon="-123.46143">
        <ele>555.6</ele>
      </trkpt>
      <trkpt lat="47.82964" lon="-123.46139">
        <ele>554.3</ele>
      </trkpt>
      <trkpt lat="47.82955" lon="-123.46135">
        <ele>552.68</ele>
      </trkpt>
      <trkpt lat="47.82946" lon="-123.46131">
        <ele>551.06</ele>
      </trkpt>
      <trkpt lat="47.82937" lon="-123.46127">
        <ele>549.44</ele>
      </trkpt>
      <trkpt lat="47.82929" lon="-123.46123">
        <ele>547.48</ele>
      </trkpt>
      <trkpt lat="47.82921" lon="-123.46118">
        <ele>545.64</ele>
      </trkpt>
      <trkpt lat="47.82912" lon="-123.46113">
        <ele>542.87</ele>
      </trkpt>
      <trkpt lat="47.82904" lon="-123.46108">
        <ele>540.17</ele>
      </trkpt>
      <trkpt lat="47.82896" lon="-123.46102">
        <ele>537.79</ele>
      </trkpt>
      <trkpt lat="47.82889" lon="-123.46095">
        <ele>536.28</ele>
      </trkpt>
      <trkpt lat="47.8288" lon="-123.46089">
        <ele>532.4</ele>
      </trkpt>
      <trkpt lat="47.82872" lon="-123.46083">
        <ele>527.52</ele>
      </trkpt>
      <trkpt lat="47.82864" lon="-123.46076">
        <ele>523.7</ele>
      </trkpt>
      <trkpt lat="47.82856" lon="-123.4607">
        <ele>519.57</ele>
      </trkpt>
      <trkpt lat="47.82848" lon="-123.46065">
        <ele>516.29</ele>
      </trkpt>
      <trkpt lat="47.8284" lon="-123.46059">
        <ele>515.6</ele>
      </trkpt>
      <trkpt lat="47.82832" lon="-123.46055">
        <ele>516.24</ele>
      </trkpt>
      <trkpt lat="47.82823" lon="-123.46051">
        <ele>517.97</ele>
      </trkpt>
      <trkpt lat="47.82814" lon="-123.46047">
        <ele>519.7</ele>
      </trkpt>
      <trkpt lat="47.82805" lon="-123.46044">
        <ele>520.68</ele>
      </trkpt>
      <trkpt lat="47.82796" lon="-123.46042">
        <ele>520.36</ele>
      </trkpt>
      <trkpt lat="47.82788" lon="-123.46039">
        <ele>520.47</ele>
      </trkpt>
      <trkpt lat="47.82779" lon="-123.46037">
        <ele>519.28</ele>
      </trkpt>
      <trkpt lat="47.8277" lon="-123.46036">
        <ele>518.51</ele>
      </trkpt>
      <trkpt lat="47.8276" lon="-123.46036">
        <ele>516.5</ele>
      </trkpt>
      <trkpt lat="47.82751" lon="-123.46036">
        <ele>514.55</ele>
      </trkpt>
      <trkpt lat="47.82742" lon="-123.46035">
        <ele>512.26</ele>
      </trkpt>
      <trkpt lat="47.82734" lon="-123.46034">
        <ele>510.62</ele>
      </trkpt>
      <trkpt lat="47.82725" lon="-123.46033">
        <ele>508.21</ele>
      </trkpt>
      <trkpt lat="47.82716" lon="-123.46031">
        <ele>506.38</ele>
      </trkpt>
      <trkpt lat="47.82708" lon="-123.46028">
        <ele>505.3</ele>
      </trkpt>
      <trkpt lat="47.82699" lon="-123.46025">
        <ele>503.38</ele>
      </trkpt>
      <trkpt lat="47.8269" lon="-123.4602">
        <ele>502.08</ele>
      </trkpt>
      <trkpt lat="47.82682" lon="-123.46016">
        <ele>500.96</ele>
      </trkpt>
      <trkpt lat="47.82673" lon="-123.46011">
        <ele>499.17</ele>
      </trkpt>
      <trkpt lat="47.82665" lon="-123.46006">
        <ele>497.34</ele>
      </trkpt>
      <trkpt lat="47.82657" lon="-123.46002">
        <ele>495.15</ele>
      </trkpt>
      <trkpt lat="47.82648" lon="-123.45997">
        <ele>491.59</ele>
      </trkpt>
      <trkpt lat="47.8264" lon="-123.45992">
        <ele>489.33</ele>
      </trkpt>
      <trkpt lat="47.82631" lon="-123.45987">
        <ele>488.61</ele>
      </trkpt>
      <trkpt lat="47.82623" lon="-123.45982">
        <ele>488.94</ele>
      </trkpt>
      <trkpt lat="47.82615" lon="-123.45977">
        <ele>490.17</ele>
      </trkpt>
      <trkpt lat="47.82606" lon="-123.45973">
        <ele>489.77</ele>
      </trkpt>
      <trkpt lat="47.82598" lon="-123.45968">
        <ele>489.99</ele>
      </trkpt>
      <trkpt lat="47.82589" lon="-123.45963">
        <ele>489.61</ele>
      </trkpt>
      <trkpt lat="47.82581" lon="-123.45958">
        <ele>489.82</ele>
      </trkpt>
      <trkpt lat="47.82572" lon="-123.45953">
        <ele>489.7</ele>
      </trkpt>
      <trkpt lat="47.82564" lon="-123.45949">
        <ele>488.97</ele>
      </trkpt>
      <trkpt lat="47.82556" lon="-123.45944">
        <ele>489.1</ele>
      </trkpt>
      <trkpt lat="47.82547" lon="-123.45939">
        <ele>488.66</ele>
      </trkpt>
      <trkpt lat="47.82539" lon="-123.45934">
        <ele>488.34</ele>
      </trkpt>
      <trkpt lat="47.82531" lon="-123.45929">
        <ele>488.02</ele>
      </trkpt>
      <trkpt lat="47.82522" lon="-123.45924">
        <ele>487.58</ele>
      </trkpt>
      <trkpt lat="47.82514" lon="-123.45919">
        <ele>487.38</ele>
      </trkpt>
      <trkpt lat="47.82506" lon="-123.45914">
        <ele>487.54</ele>
      </trkpt>
      <trkpt lat="47.82497" lon="-123.45909">
        <ele>488.0</ele>
      </trkpt>
      <trkpt lat="47.82489" lon="-123.45904">
        <ele>488.0</ele>
      </trkpt>
      <trkpt lat="47.82481" lon="-123.45899">
        <ele>488.0</ele>
      </trkpt>
      <trkpt lat="47.82472" lon="-123.45894">
        <ele>488.0</ele>
      </trkpt>
      <trkpt lat="47.82464" lon="-123.45888">
        <ele>488.0</ele>
      </trkpt>
      <trkpt lat="47.82456" lon="-123.45883">
        <ele>488.0</ele>
      </trkpt>
      <trkpt lat="47.82448" lon="-123.45878">
        <ele>488.0</ele>
      </trkpt>
      <trkpt lat="47.8244" lon="-123.45872">
        <ele>488.0</ele>
      </trkpt>
      <trkpt lat="47.82431" lon="-123.45867">
        <ele>488.36</ele>
      </trkpt>
      <trkpt lat="47.82423" lon="-123.45861">
        <ele>489.0</ele>
      </trkpt>
      <trkpt lat="47.82415" lon="-123.45856">
        <ele>488.92</ele>
      </trkpt>
      <trkpt lat="47.82407" lon="-123.4585">
        <ele>489.2</ele>
      </trkpt>
      <trkpt lat="47.82399" lon="-123.45844">
        <ele>489.85</ele>
      </trkpt>
      <trkpt lat="47.82391" lon="-123.45839">
        <ele>490.39</ele>
      </trkpt>
      <trkpt lat="47.82383" lon="-123.45833">
        <ele>490.4</ele>
      </trkpt>
      <trkpt lat="47.82375" lon="-123.45827">
        <ele>490.18</ele>
      </trkpt>
      <trkpt lat="47.82366" lon="-123.45821">
        <ele>489.53</ele>
      </trkpt>
      <trkpt lat="47.82358" lon="-123.45815">
        <ele>488.99</ele>
      </trkpt>
      <trkpt lat="47.8235" lon="-123.45809">
        <ele>489.0</ele>
      </trkpt>
      <trkpt lat="47.82342" lon="-123.45803">
        <ele>489.34</ele>
      </trkpt>
      <trkpt lat="47.82334" lon="-123.45797">
        <ele>490.85</ele>
      </trkpt>
      <trkpt lat="47.82326" lon="-123.45791">
        <ele>491.57</ele>
      </trkpt>
      <trkpt lat="47.82318" lon="-123.45785">
        <ele>492.44</ele>
      </trkpt>
      <trkpt lat="47.8231" lon="-123.45779">
        <ele>493.74</ele>
      </trkpt>
      <trkpt lat="47.82302" lon="-123.45773">
        <ele>494.33</ele>
      </trkpt>
      <trkpt lat="47.82294" lon="-123.45768">
        <ele>494.82</ele>
      </trkpt>
      <trkpt lat="47.82286" lon="-123.45762">
        <ele>495.33</ele>
      </trkpt>
      <trkpt lat="47.82278" lon="-123.45756">
        <ele>495.38</ele>
      </trkpt>
      <trkpt lat="47.82269" lon="-123.45751">
        <ele>494.94</ele>
      </trkpt>
      <trkpt lat="47.82261" lon="-123.45745">
        <ele>494.73</ele>
      </trkpt>
      <trkpt lat="47.82253" lon="-123.4574">
        <ele>493.78</ele>
      </trkpt>
      <trkpt lat="47.82244" lon="-123.45734">
        <ele>493.16</ele>
      </trkpt>
      <trkpt lat="47.82236" lon="-123.45729">
        <ele>492.38</ele>
      </trkpt>
      <trkpt lat="47.82228" lon="-123.45725">
        <ele>492.51</ele>
      </trkpt>
      <trkpt lat="47.82219" lon="-123.4572">
        <ele>493.24</ele>
      </trkpt>
      <trkpt lat="47.82211" lon="-123.45716">
        <ele>493.81</ele>
      </trkpt>
      <trkpt lat="47.82202" lon="-123.45712">
        <ele>495.1</ele>
      </trkpt>
      <trkpt lat="47.82193" lon="-123.45708">
        <ele>495.54</ele>
      </trkpt>
      <trkpt lat="47.82185" lon="-123.45704">
        <ele>495.97</ele>
      </trkpt>
      <trkpt lat="47.82176" lon="-123.45701">
        <ele>496.29</ele>
      </trkpt>
      <trkpt lat="47.82167" lon="-123.45698">
        <ele>496.62</ele>
      </trkpt>
      <trkpt lat="47.82158" lon="-123.45695">
        <ele>496.94</ele>
      </trkpt>
      <trkpt lat="47.82149" lon="-123.45693">
        <ele>497.16</ele>
      </trkpt>
      <trkpt lat="47.8214" lon="-123.45691">
        <ele>496.49</ele>
      </trkpt>
      <trkpt lat="47.82131" lon="-123.4569">
        <ele>495.63</ele>
      </trkpt>
      <trkpt lat="47.82123" lon="-123.45689">
        <ele>495.59</ele>
      </trkpt>
      <trkpt lat="47.82114" lon="-123.45689">
        <ele>494.9</ele>
      </trkpt>
      <trkpt lat="47.82105" lon="-123.4569">
        <ele>493.82</ele>
      </trkpt>
      <trkpt lat="47.82096" lon="-123.45691">
        <ele>493.37</ele>
      </trkpt>
      <trkpt lat="47.82087" lon="-123.45692">
        <ele>493.26</ele>
      </trkpt>
      <trkpt lat="47.82078" lon="-123.45693">
        <ele>493.16</ele>
      </trkpt>
      <trkpt lat="47.82069" lon="-123.45695">
        <ele>492.94</ele>
      </trkpt>
      <trkpt lat="47.8206" lon="-123.45697">
        <ele>492.72</ele>
      </trkpt>
      <trkpt lat="47.82051" lon="-123.45699">
        <ele>492.75</ele>
      </trkpt>
      <trkpt lat="47.82042" lon="-123.45701">
        <ele>493.14</ele>
      </trkpt>
      <trkpt lat="47.82033" lon="-123.45703">
        <ele>493.08</ele>
      </trkpt>
      <trkpt lat="47.82024" lon="-123.45705">
        <ele>493.0</ele>
      </trkpt>
      <trkpt lat="47.82015" lon="-123.45706">
        <ele>493.29</ele>
      </trkpt>
      <trkpt lat="47.82006" lon="-123.45708">
        <ele>493.54</ele>
      </trkpt>
      <trkpt lat="47.81997" lon="-123.45709">
        <ele>493.43</ele>
      </trkpt>
      <trkpt lat="47.81988" lon="-123.4571">
        <ele>493.32</ele>
      </trkpt>
      <trkpt lat="47.81979" lon="-123.4571">
        <ele>493.23</ele>
      </trkpt>
      <trkpt lat="47.8197" lon="-123.45711">
        <ele>493.0</ele>
      </trkpt>
      <trkpt lat="47.81961" lon="-123.45711">
        <ele>492.83</ele>
      </trkpt>
      <trkpt lat="47.81952" lon="-123.45711">
        <ele>492.17</ele>
      </trkpt>
      <trkpt lat="47.81943" lon="-123.4571">
        <ele>491.89</ele>
      </trkpt>
      <trkpt lat="47.81934" lon="-123.4571">
        <ele>491.28</ele>
      </trkpt>
      <trkpt lat="47.81925" lon="-123.45709">
        <ele>490.94</ele>
      </trkpt>
      <trkpt lat="47.81917" lon="-123.45707">
        <ele>490.66</ele>
      </trkpt>
      <trkpt lat="47.81908" lon="-123.45704">
        <ele>490.06</ele>
      </trkpt>
      <trkpt lat="47.819" lon="-123.457">
        <ele>489.2</ele>
      </trkpt>
      <trkpt lat="47.81891" lon="-123.45695">
        <ele>489.0</ele>
      </trkpt>
      <trkpt lat="47.81883" lon="-123.45689">
        <ele>489.0</ele>
      </trkpt>
      <trkpt lat="47.81875" lon="-123.45683">
        <ele>489.0</ele>
      </trkpt>
      <trkpt lat="47.81868" lon="-123.45676">
        <ele>489.0</ele>
      </trkpt>
      <trkpt lat="47.8186" lon="-123.45668">
        <ele>489.12</ele>
      </trkpt>
      <trkpt lat="47.81852" lon="-123.45661">
        <ele>489.98</ele>
      </trkpt>
      <trkpt lat="47.81845" lon="-123.45653">
        <ele>492.96</ele>
      </trkpt>
      <trkpt lat="47.81838" lon="-123.45645">
        <ele>496.82</ele>
      </trkpt>
      <trkpt lat="47.81832" lon="-123.45635">
        <ele>500.43</ele>
      </trkpt>
      <trkpt lat="47.81826" lon="-123.45625">
        <ele>502.48</ele>
      </trkpt>
      <trkpt lat="47.8182" lon="-123.45615">
        <ele>504.02</ele>
      </trkpt>
      <trkpt lat="47.81814" lon="-123.45604">
        <ele>505.86</ele>
      </trkpt>
      <trkpt lat="47.81809" lon="-123.45593">
        <ele>506.63</ele>
      </trkpt>
      <trkpt lat="47.81803" lon="-123.45583">
        <ele>508.31</ele>
      </trkpt>
      <trkpt lat="47.81798" lon="-123.45571">
        <ele>510.15</ele>
      </trkpt>
      <trkpt lat="47.81793" lon="-123.4556">
        <ele>511.52</ele>
      </trkpt>
      <trkpt lat="47.81788" lon="-123.45549">
        <ele>512.71</ele>
      </trkpt>
      <trkpt lat="47.81783" lon="-123.45538">
        <ele>513.0</ele>
      </trkpt>
      <trkpt lat="47.81778" lon="-123.45528">
        <ele>513.98</ele>
      </trkpt>
      <trkpt lat="47.81772" lon="-123.45517">
        <ele>513.54</ele>
      </trkpt>
      <trkpt lat="47.81767" lon="-123.45506">
        <ele>513.89</ele>
      </trkpt>
      <trkpt lat="47.81762" lon="-123.45495">
        <ele>514.16</ele>
      </trkpt>
      <trkpt lat="47.81757" lon="-123.45483">
        <ele>514.59</ele>
      </trkpt>
      <trkpt lat="47.81753" lon="-123.45472">
        <ele>514.35</ele>
      </trkpt>
      <trkpt lat="47.81748" lon="-123.4546">
        <ele>514.64</ele>
      </trkpt>
      <trkpt lat="47.81744" lon="-123.45448">
        <ele>514.57</ele>
      </trkpt>
      <trkpt lat="47.8174" lon="-123.45436">
        <ele>514.76</ele>
      </trkpt>
      <trkpt lat="47.81736" lon="-123.45424">
        <ele>514.18</ele>
      </trkpt>
      <trkpt lat="47.81732" lon="-123.45412">
        <ele>514.62</ele>
      </trkpt>
      <trkpt lat="47.81728" lon="-123.454">
        <ele>514.25</ele>
      </trkpt>
      <trkpt lat="47.81724" lon="-123.45388">
        <ele>514.4</ele>
      </trkpt>
      <trkpt lat="47.8172" lon="-123.45376">
        <ele>514.06</ele>
      </trkpt>
      <trkpt lat="47.81716" lon="-123.45364">
        <ele>514.34</ele>
      </trkpt>
      <trkpt lat="47.81711" lon="-123.45353">
        <ele>515.57</ele>
      </trkpt>
      <trkpt lat="47.81706" lon="-123.45342">
        <ele>516.38</ele>
      </trkpt>
      <trkpt lat="47.81701" lon="-123.45333">
        <ele>517.75</ele>
      </trkpt>
      <trkpt lat="47.81694" lon="-123.45324">
        <ele>518.96</ele>
      </trkpt>
      <trkpt lat="47.81686" lon="-123.45316">
        <ele>518.96</ele>
      </trkpt>
      <trkpt lat="47.81679" lon="-123.45308">
        <ele>519.74</ele>
      </trkpt>
      <trkpt lat="47.81672" lon="-123.45301">
        <ele>520.98</ele>
      </trkpt>
      <trkpt lat="47.81664" lon="-123.45294">
        <ele>522.03</ele>
      </trkpt>
      <trkpt lat="47.81656" lon="-123.45286">
        <ele>522.98</ele>
      </trkpt>
      <trkpt lat="47.81649" lon="-123.45279">
        <ele>523.75</ele>
      </trkpt>
      <trkpt lat="47.81642" lon="-123.45271">
        <ele>524.55</ele>
      </trkpt>
      <trkpt lat="47.81634" lon="-123.45262">
        <ele>525.18</ele>
      </trkpt>
      <trkpt lat="47.81627" lon="-123.45254">
        <ele>525.28</ele>
      </trkpt>
      <trkpt lat="47.8162" lon="-123.45247">
        <ele>525.61</ele>
      </trkpt>
      <trkpt lat="47.81612" lon="-123.4524">
        <ele>526.18</ele>
      </trkpt>
      <trkpt lat="47.81604" lon="-123.45234">
        <ele>525.75</ele>
      </trkpt>
      <trkpt lat="47.81596" lon="-123.45229">
        <ele>525.64</ele>
      </trkpt>
      <trkpt lat="47.81587" lon="-123.45224">
        <ele>524.6</ele>
      </trkpt>
      <trkpt lat="47.81579" lon="-123.4522">
        <ele>523.9</ele>
      </trkpt>
      <trkpt lat="47.8157" lon="-123.45215">
        <ele>523.34</ele>
      </trkpt>
      <trkpt lat="47.81561" lon="-123.45211">
        <ele>523.21</ele>
      </trkpt>
      <trkpt lat="47.81553" lon="-123.45207">
        <ele>523.64</ele>
      </trkpt>
      <trkpt lat="47.81544" lon="-123.45205">
        <ele>524.32</ele>
      </trkpt>
      <trkpt lat="47.81535" lon="-123.45204">
        <ele>526.16</ele>
      </trkpt>
      <trkpt lat="47.81526" lon="-123.45203">
        <ele>527.27</ele>
      </trkpt>
      <trkpt lat="47.81517" lon="-123.45203">
        <ele>528.25</ele>
      </trkpt>
      <trkpt lat="47.81508" lon="-123.45204">
        <ele>529.24</ele>
      </trkpt>
      <trkpt lat="47.81499" lon="-123.45206">
        <ele>530.61</ele>
      </trkpt>
      <trkpt lat="47.81491" lon="-123.45209">
        <ele>530.83</ele>
      </trkpt>
      <trkpt lat="47.81482" lon="-123.45212">
        <ele>531.15</ele>
      </trkpt>
      <trkpt lat="47.81474" lon="-123.45216">
        <ele>531.21</ele>
      </trkpt>
      <trkpt lat="47.81465" lon="-123.4522">
        <ele>531.26</ele>
      </trkpt>
      <trkpt lat="47.81456" lon="-123.45224">
        <ele>530.76</ele>
      </trkpt>
      <trkpt lat="47.81447" lon="-123.45227">
        <ele>530.83</ele>
      </trkpt>
      <trkpt lat="47.81439" lon="-123.45231">
        <ele>530.07</ele>
      </trkpt>
      <trkpt lat="47.8143" lon="-123.45234">
        <ele>529.73</ele>
      </trkpt>
      <trkpt lat="47.81421" lon="-123.45237">
        <ele>528.87</ele>
      </trkpt>
      <trkpt lat="47.81412" lon="-123.4524">
        <ele>527.07</ele>
      </trkpt>
      <trkpt lat="47.81404" lon="-123.45243">
        <ele>525.54</ele>
      </trkpt>
      <trkpt lat="47.81395" lon="-123.45245">
        <ele>524.02</ele>
      </trkpt>
      <trkpt lat="47.81386" lon="-123.45247">
        <ele>523.1</ele>
      </trkpt>
      <trkpt lat="47.81377" lon="-123.45249">
        <ele>523.36</ele>
      </trkpt>
      <trkpt lat="47.81368" lon="-123.45251">
        <ele>523.89</ele>
      </trkpt>
      <trkpt lat="47.81359" lon="-123.45252">
        <ele>524.01</ele>
      </trkpt>
      <trkpt lat="47.8135" lon="-123.45253">
        <ele>524.81</ele>
      </trkpt>
      <trkpt lat="47.81341" lon="-123.45255">
        <ele>525.01</ele>
      </trkpt>
      <trkpt lat="47.81333" lon="-123.45258">
        <ele>525.14</ele>
      </trkpt>
      <trkpt lat="47.81324" lon="-123.45262">
        <ele>524.71</ele>
      </trkpt>
      <trkpt lat="47.81315" lon="-123.45266">
        <ele>525.25</ele>
      </trkpt>
      <trkpt lat="47.81307" lon="-123.45269">
        <ele>526.64</ele>
      </trkpt>
      <trkpt lat="47.81298" lon="-123.45272">
        <ele>528.26</ele>
      </trkpt>
      <trkpt lat="47.81289" lon="-123.45273">
        <ele>529.3</ele>
      </trkpt>
      <trkpt lat="47.8128" lon="-123.45275">
        <ele>530.82</ele>
      </trkpt>
      <trkpt lat="47.81271" lon="-123.45276">
        <ele>532.66</ele>
      </trkpt>
      <trkpt lat="47.81262" lon="-123.45277">
        <ele>533.85</ele>
      </trkpt>
      <trkpt lat="47.81253" lon="-123.45278">
        <ele>535.33</ele>
      </trkpt>
      <trkpt lat="47.81244" lon="-123.45278">
        <ele>537.26</ele>
      </trkpt>
      <trkpt lat="47.81235" lon="-123.45279">
        <ele>538.44</ele>
      </trkpt>
      <trkpt lat="47.81226" lon="-123.45279">
        <ele>540.05</ele>
      </trkpt>
      <trkpt lat="47.81217" lon="-123.45279">
        <ele>541.92</ele>
      </trkpt>
      <trkpt lat="47.81208" lon="-123.4528">
        <ele>543.59</ele>
      </trkpt>
      <trkpt lat="47.81199" lon="-123.45281">
        <ele>545.32</ele>
      </trkpt>
      <trkpt lat="47.8119" lon="-123.45281">
        <ele>546.78</ele>
      </trkpt>
      <trkpt lat="47.81181" lon="-123.4528">
        <ele>548.32</ele>
      </trkpt>
      <trkpt lat="47.81172" lon="-123.45279">
        <ele>550.03</ele>
      </trkpt>
      <trkpt lat="47.81164" lon="-123.45277">
        <ele>551.28</ele>
      </trkpt>
      <trkpt lat="47.81155" lon="-123.45274">
        <ele>552.79</ele>
      </trkpt>
      <trkpt lat="47.81146" lon="-123.45272">
        <ele>553.64</ele>
      </trkpt>
      <trkpt lat="47.81137" lon="-123.4527">
        <ele>553.32</ele>
      </trkpt>
      <trkpt lat="47.81128" lon="-123.45269">
        <ele>552.67</ele>
      </trkpt>
      <trkpt lat="47.81119" lon="-123.45267">
        <ele>551.88</ele>
      </trkpt>
      <trkpt lat="47.8111" lon="-123.45266">
        <ele>549.3</ele>
      </trkpt>
      <trkpt lat="47.81101" lon="-123.45265">
        <ele>547.58</ele>
      </trkpt>
      <trkpt lat="47.81092" lon="-123.45263">
        <ele>546.06</ele>
      </trkpt>
      <trkpt lat="47.81083" lon="-123.45262">
        <ele>544.31</ele>
      </trkpt>
      <trkpt lat="47.81074" lon="-123.45261">
        <ele>541.8</ele>
      </trkpt>
      <trkpt lat="47.81065" lon="-123.4526">
        <ele>539.96</ele>
      </trkpt>
      <trkpt lat="47.8106" lon="-123.45239">
        <ele>541.15</ele>
      </trkpt>
      <trkpt lat="47.81059" lon="-123.45225">
        <ele>542.44</ele>
      </trkpt>
      <trkpt lat="47.81058" lon="-123.45211">
        <ele>543.0</ele>
      </trkpt>
      <trkpt lat="47.81057" lon="-123.45198">
        <ele>543.47</ele>
      </trkpt>
      <trkpt lat="47.81055" lon="-123.45185">
        <ele>543.82</ele>
      </trkpt>
      <trkpt lat="47.81054" lon="-123.45172">
        <ele>544.02</ele>
      </trkpt>
      <trkpt lat="47.81051" lon="-123.45159">
        <ele>543.52</ele>
      </trkpt>
      <trkpt lat="47.81049" lon="-123.45146">
        <ele>543.58</ele>
      </trkpt>
      <trkpt lat="47.81047" lon="-123.45133">
        <ele>543.15</ele>
      </trkpt>
      <trkpt lat="47.81045" lon="-123.4512">
        <ele>542.72</ele>
      </trkpt>
      <trkpt lat="47.81043" lon="-123.45107">
        <ele>542.29</ele>
      </trkpt>
      <trkpt lat="47.81041" lon="-123.45094">
        <ele>541.86</ele>
      </trkpt>
      <trkpt lat="47.8104" lon="-123.45081">
        <ele>541.39</ele>
      </trkpt>
      <trkpt lat="47.81038" lon="-123.45067">
        <ele>540.21</ele>
      </trkpt>
      <trkpt lat="47.81037" lon="-123.45054">
        <ele>539.99</ele>
      </trkpt>
      <trkpt lat="47.81036" lon="-123.45041">
        <ele>539.78</ele>
      </trkpt>
      <trkpt lat="47.81034" lon="-123.45028">
        <ele>538.37</ele>
      </trkpt>
      <trkpt lat="47.81033" lon="-123.45014">
        <ele>537.85</ele>
      </trkpt>
      <trkpt lat="47.81032" lon="-123.45001">
        <ele>537.46</ele>
      </trkpt>
      <trkpt lat="47.81031" lon="-123.44988">
        <ele>536.89</ele>
      </trkpt>
      <trkpt lat="47.81031" lon="-123.44974">
        <ele>537.35</ele>
      </trkpt>
      <trkpt lat="47.81031" lon="-123.44961">
        <ele>537.83</ele>
      </trkpt>
      <trkpt lat="47.8103" lon="-123.44948">
        <ele>538.39</ele>
      </trkpt>
      <trkpt lat="47.81031" lon="-123.44934">
        <ele>538.35</ele>
      </trkpt>
      <trkpt lat="47.81031" lon="-123.44921">
        <ele>538.35</ele>
      </trkpt>
      <trkpt lat="47.81033" lon="-123.44908">
        <ele>538.97</ele>
      </trkpt>
      <trkpt lat="47.81034" lon="-123.44895">
        <ele>540.23</ele>
      </trkpt>
      <trkpt lat="47.81037" lon="-123.44883">
        <ele>541.0</ele>
      </trkpt>
      <trkpt lat="47.8104" lon="-123.4487">
        <ele>542.0</ele>
      </trkpt>
      <trkpt lat="47.81043" lon="-123.44858">
        <ele>542.34</ele>
      </trkpt>
      <trkpt lat="47.81046" lon="-123.44846">
        <ele>543.63</ele>
      </trkpt>
      <trkpt lat="47.8105" lon="-123.44834">
        <ele>545.88</ele>
      </trkpt>
      <trkpt lat="47.81055" lon="-123.44822">
        <ele>547.49</ele>
      </trkpt>
      <trkpt lat="47.81059" lon="-123.44811">
        <ele>549.04</ele>
      </trkpt>
      <trkpt lat="47.81063" lon="-123.44799">
        <ele>549.9</ele>
      </trkpt>
      <trkpt lat="47.81064" lon="-123.44787">
        <ele>551.0</ele>
      </trkpt>
      <trkpt lat="47.81063" lon="-123.44775">
        <ele>551.3</ele>
      </trkpt>
      <trkpt lat="47.81062" lon="-123.44763">
        <ele>552.0</ele>
      </trkpt>
      <trkpt lat="47.81059" lon="-123.4475">
        <ele>552.0</ele>
      </trkpt>
      <trkpt lat="47.81055" lon="-123.44738">
        <ele>551.66</ele>
      </trkpt>
      <trkpt lat="47.81052" lon="-123.44726">
        <ele>551.0</ele>
      </trkpt>
      <trkpt lat="47.81048" lon="-123.44714">
        <ele>550.28</ele>
      </trkpt>
      <trkpt lat="47.81045" lon="-123.44701">
        <ele>548.39</ele>
      </trkpt>
      <trkpt lat="47.81042" lon="-123.44688">
        <ele>545.91</ele>
      </trkpt>
      <trkpt lat="47.81039" lon="-123.44676">
        <ele>542.65</ele>
      </trkpt>
      <trkpt lat="47.81036" lon="-123.44663">
        <ele>540.31</ele>
      </trkpt>
      <trkpt lat="47.81033" lon="-123.4465">
        <ele>539.03</ele>
      </trkpt>
      <trkpt lat="47.8103" lon="-123.44638">
        <ele>539.76</ele>
      </trkpt>
      <trkpt lat="47.81026" lon="-123.44627">
        <ele>540.48</ele>
      </trkpt>
      <trkpt lat="47.81022" lon="-123.44615">
        <ele>542.2</ele>
      </trkpt>
      <trkpt lat="47.81017" lon="-123.44603">
        <ele>544.35</ele>
      </trkpt>
      <trkpt lat="47.81012" lon="-123.44593">
        <ele>547.35</ele>
      </trkpt>
      <trkpt lat="47.81006" lon="-123.44583">
        <ele>549.77</ele>
      </trkpt>
      <trkpt lat="47.80999" lon="-123.44575">
        <ele>554.02</ele>
      </trkpt>
      <trkpt lat="47.80991" lon="-123.44568">
        <ele>558.87</ele>
      </trkpt>
      <trkpt lat="47.80983" lon="-123.44562">
        <ele>563.12</ele>
      </trkpt>
      <trkpt lat="47.80975" lon="-123.44558">
        <ele>565.87</ele>
      </trkpt>
      <trkpt lat="47.80966" lon="-123.44555">
        <ele>567.77</ele>
      </trkpt>
      <trkpt lat="47.80957" lon="-123.44554">
        <ele>569.62</ele>
      </trkpt>
      <trkpt lat="47.80948" lon="-123.44554">
        <ele>570.95</ele>
      </trkpt>
      <trkpt lat="47.80939" lon="-123.44554">
        <ele>571.92</ele>
      </trkpt>
      <trkpt lat="47.8093" lon="-123.44555">
        <ele>572.68</ele>
      </trkpt>
      <trkpt lat="47.80921" lon="-123.44557">
        <ele>572.69</ele>
      </trkpt>
      <trkpt lat="47.80914" lon="-123.44564">
        <ele>571.18</ele>
      </trkpt>
      <trkpt lat="47.80908" lon="-123.44573">
        <ele>568.4</ele>
      </trkpt>
      <trkpt lat="47.80902" lon="-123.44584">
        <ele>565.86</ele>
      </trkpt>
      <trkpt lat="47.80896" lon="-123.44595">
        <ele>562.99</ele>
      </trkpt>
      <trkpt lat="47.80891" lon="-123.44606">
        <ele>559.23</ele>
      </trkpt>
      <trkpt lat="47.80886" lon="-123.44617">
        <ele>556.09</ele>
      </trkpt>
      <trkpt lat="47.80881" lon="-123.44629">
        <ele>553.0</ele>
      </trkpt>
      <trkpt lat="47.80876" lon="-123.4464">
        <ele>551.54</ele>
      </trkpt>
      <trkpt lat="47.80872" lon="-123.44652">
        <ele>550.23</ele>
      </trkpt>
      <trkpt lat="47.80869" lon="-123.44665">
        <ele>549.48</ele>
      </trkpt>
      <trkpt lat="47.80865" lon="-123.44677">
        <ele>549.09</ele>
      </trkpt>
      <trkpt lat="47.80862" lon="-123.44689">
        <ele>548.86</ele>
      </trkpt>
      <trkpt lat="47.80858" lon="-123.44702">
        <ele>548.86</ele>
      </trkpt>
      <trkpt lat="47.80855" lon="-123.44715">
        <ele>548.32</ele>
      </trkpt>
      <trkpt lat="47.80852" lon="-123.44727">
        <ele>548.45</ele>
      </trkpt>
      <trkpt lat="47.80849" lon="-123.4474">
        <ele>547.98</ele>
      </trkpt>
      <trkpt lat="47.80846" lon="-123.44753">
        <ele>548.14</ele>
      </trkpt>
      <trkpt lat="47.80843" lon="-123.44765">
        <ele>548.28</ele>
      </trkpt>
      <trkpt lat="47.8084" lon="-123.44778">
        <ele>547.83</ele>
      </trkpt>
      <trkpt lat="47.80837" lon="-123.4479">
        <ele>547.89</ele>
      </trkpt>
      <trkpt lat="47.80833" lon="-123.44802">
        <ele>548.09</ele>
      </trkpt>
      <trkpt lat="47.8083" lon="-123.44814">
        <ele>548.14</ele>
      </trkpt>
      <trkpt lat="47.80826" lon="-123.44826">
        <ele>548.21</ele>
      </trkpt>
      <trkpt lat="47.80821" lon="-123.44837">
        <ele>548.86</ele>
      </trkpt>
      <trkpt lat="47.80817" lon="-123.44849">
        <ele>549.36</ele>
      </trkpt>
      <trkpt lat="47.80812" lon="-123.44861">
        <ele>549.62</ele>
      </trkpt>
      <trkpt lat="47.80808" lon="-123.44873">
        <ele>549.47</ele>
      </trkpt>
      <trkpt lat="47.80804" lon="-123.44885">
        <ele>549.76</ele>
      </trkpt>
      <trkpt lat="47.80799" lon="-123.44896">
        <ele>550.42</ele>
      </trkpt>
      <trkpt lat="47.80794" lon="-123.44907">
        <ele>550.53</ele>
      </trkpt>
      <trkpt lat="47.80789" lon="-123.44916">
        <ele>550.84</ele>
      </trkpt>
      <trkpt lat="47.80781" lon="-123.44925">
        <ele>551.65</ele>
      </trkpt>
      <trkpt lat="47.80773" lon="-123.44933">
        <ele>551.75</ele>
      </trkpt>
      <trkpt lat="47.80765" lon="-123.4494">
        <ele>552.38</ele>
      </trkpt>
      <trkpt lat="47.80756" lon="-123.44946">
        <ele>552.89</ele>
      </trkpt>
      <trkpt lat="47.80748" lon="-123.44949">
        <ele>553.0</ele>
      </trkpt>
      <trkpt lat="47.8074" lon="-123.4495">
        <ele>553.0</ele>
      </trkpt>
      <trkpt lat="47.80732" lon="-123.44948">
        <ele>553.0</ele>
      </trkpt>
      <trkpt lat="47.80725" lon="-123.44944">
        <ele>553.0</ele>
      </trkpt>
      <trkpt lat="47.80717" lon="-123.44938">
        <ele>553.0</ele>
      </trkpt>
      <trkpt lat="47.80709" lon="-123.44929">
        <ele>552.86</ele>
      </trkpt>
      <trkpt lat="47.80703" lon="-123.4492">
        <ele>552.92</ele>
      </trkpt>
      <trkpt lat="47.80697" lon="-123.44911">
        <ele>552.89</ele>
      </trkpt>
      <trkpt lat="47.8069" lon="-123.44901">
        <ele>552.88</ele>
      </trkpt>
      <trkpt lat="47.80684" lon="-123.44891">
        <ele>552.64</ele>
      </trkpt>
      <trkpt lat="47.80678" lon="-123.44882">
        <ele>552.39</ele>
      </trkpt>
      <trkpt lat="47.80671" lon="-123.44873">
        <ele>552.18</ele>
      </trkpt>
      <trkpt lat="47.80664" lon="-123.44864">
        <ele>551.62</ele>
      </trkpt>
      <trkpt lat="47.80658" lon="-123.44855">
        <ele>551.11</ele>
      </trkpt>
      <trkpt lat="47.80651" lon="-123.44846">
        <ele>550.5</ele>
      </trkpt>
      <trkpt lat="47.80645" lon="-123.44836">
        <ele>550.13</ele>
      </trkpt>
      <trkpt lat="47.80638" lon="-123.44827">
        <ele>548.87</ele>
      </trkpt>
      <trkpt lat="47.80632" lon="-123.44818">
        <ele>548.42</ele>
      </trkpt>
      <trkpt lat="47.80625" lon="-123.44809">
        <ele>547.5</ele>
      </trkpt>
      <trkpt lat="47.80618" lon="-123.44801">
        <ele>547.37</ele>
      </trkpt>
      <trkpt lat="47.80611" lon="-123.44792">
        <ele>547.46</ele>
      </trkpt>
      <trkpt lat="47.80604" lon="-123.44784">
        <ele>548.33</ele>
      </trkpt>
      <trkpt lat="47.80597" lon="-123.44776">
        <ele>549.19</ele>
      </trkpt>
      <trkpt lat="47.80589" lon="-123.44769">
        <ele>549.56</ele>
      </trkpt>
      <trkpt lat="47.80581" lon="-123.44763">
        <ele>549.34</ele>
      </trkpt>
      <trkpt lat="47.80572" lon="-123.44757">
        <ele>549.02</ele>
      </trkpt>
      <trkpt lat="47.80564" lon="-123.44753">
        <ele>548.59</ele>
      </trkpt>
      <trkpt lat="47.80556" lon="-123.44748">
        <ele>548.26</ele>
      </trkpt>
      <trkpt lat="47.80548" lon="-123.44742">
        <ele>548.05</ele>
      </trkpt>
      <trkpt lat="47.8054" lon="-123.44734">
        <ele>548.05</ele>
      </trkpt>
      <trkpt lat="47.80533" lon="-123.44726">
        <ele>548.16</ele>
      </trkpt>
      <trkpt lat="47.80527" lon="-123.44716">
        <ele>548.59</ele>
      </trkpt>
      <trkpt lat="47.80521" lon="-123.44705">
        <ele>549.13</ele>
      </trkpt>
      <trkpt lat="47.80518" lon="-123.44693">
        <ele>550.1</ele>
      </trkpt>
      <trkpt lat="47.80515" lon="-123.4468">
        <ele>551.18</ele>
      </trkpt>
      <trkpt lat="47.80513" lon="-123.44666">
        <ele>552.48</ele>
      </trkpt>
      <trkpt lat="47.80511" lon="-123.44653">
        <ele>553.66</ele>
      </trkpt>
      <trkpt lat="47.80509" lon="-123.44639">
        <ele>554.96</ele>
      </trkpt>
      <trkpt lat="47.80508" lon="-123.44626">
        <ele>556.2</ele>
      </trkpt>
      <trkpt lat="47.80506" lon="-123.44613">
        <ele>557.37</ele>
      </trkpt>
      <trkpt lat="47.80504" lon="-123.446">
        <ele>558.63</ele>
      </trkpt>
      <trkpt lat="47.80501" lon="-123.44587">
        <ele>559.71</ele>
      </trkpt>
      <trkpt lat="47.80498" lon="-123.44575">
        <ele>560.47</ele>
      </trkpt>
      <trkpt lat="47.80494" lon="-123.44564">
        <ele>560.85</ele>
      </trkpt>
      <trkpt lat="47.80487" lon="-123.44557">
        <ele>560.94</ele>
      </trkpt>
      <trkpt lat="47.80479" lon="-123.44551">
        <ele>560.22</ele>
      </trkpt>
      <trkpt lat="47.8047" lon="-123.44547">
        <ele>559.67</ele>
      </trkpt>
      <trkpt lat="47.80461" lon="-123.44544">
        <ele>558.82</ele>
      </trkpt>
      <trkpt lat="47.80452" lon="-123.44543">
        <ele>556.99</ele>
      </trkpt>
      <trkpt lat="47.80443" lon="-123.44543">
        <ele>554.94</ele>
      </trkpt>
      <trkpt lat="47.80435" lon="-123.44544">
        <ele>552.46</ele>
      </trkpt>
      <trkpt lat="47.80426" lon="-123.44545">
        <ele>550.3</ele>
      </trkpt>
      <trkpt lat="47.80417" lon="-123.44548">
        <ele>549.82</ele>
      </trkpt>
      <trkpt lat="47.80408" lon="-123.4455">
        <ele>549.97</ele>
      </trkpt>
      <trkpt lat="47.80399" lon="-123.44553">
        <ele>551.82</ele>
      </trkpt>
      <trkpt lat="47.8039" lon="-123.44555">
        <ele>552.93</ele>
      </trkpt>
      <trkpt lat="47.80382" lon="-123.44557">
        <ele>554.49</ele>
      </trkpt>
      <trkpt lat="47.80373" lon="-123.44559">
        <ele>556.17</ele>
      </trkpt>
      <trkpt lat="47.80364" lon="-123.4456">
        <ele>557.54</ele>
      </trkpt>
      <trkpt lat="47.80355" lon="-123.44561">
        <ele>558.93</ele>
      </trkpt>
      <trkpt lat="47.80346" lon="-123.44562">
        <ele>559.94</ele>
      </trkpt>
      <trkpt lat="47.80337" lon="-123.44564">
        <ele>560.09</ele>
      </trkpt>
      <trkpt lat="47.80328" lon="-123.44565">
        <ele>559.98</ele>
      </trkpt>
      <trkpt lat="47.80319" lon="-123.44566">
        <ele>559.87</ele>
      </trkpt>
      <trkpt lat="47.8031" lon="-123.44567">
        <ele>560.16</ele>
      </trkpt>
      <trkpt lat="47.80301" lon="-123.44568">
        <ele>559.99</ele>
      </trkpt>
      <trkpt lat="47.80292" lon="-123.44569">
        <ele>559.55</ele>
      </trkpt>
      <trkpt lat="47.80283" lon="-123.4457">
        <ele>559.44</ele>
      </trkpt>
      <trkpt lat="47.80274" lon="-123.44571">
        <ele>559.33</ele>
      </trkpt>
      <trkpt lat="47.80265" lon="-123.44572">
        <ele>558.84</ele>
      </trkpt>
      <trkpt lat="47.80256" lon="-123.44572">
        <ele>557.95</ele>
      </trkpt>
      <trkpt lat="47.80247" lon="-123.44571">
        <ele>557.56</ele>
      </trkpt>
      <trkpt lat="47.80238" lon="-123.4457">
        <ele>557.27</ele>
      </trkpt>
      <trkpt lat="47.80229" lon="-123.44568">
        <ele>557.14</ele>
      </trkpt>
      <trkpt lat="47.8022" lon="-123.44566">
        <ele>556.87</ele>
      </trkpt>
      <trkpt lat="47.80212" lon="-123.44564">
        <ele>557.09</ele>
      </trkpt>
      <trkpt lat="47.80203" lon="-123.44562">
        <ele>557.3</ele>
      </trkpt>
      <trkpt lat="47.80194" lon="-123.44559">
        <ele>557.68</ele>
      </trkpt>
      <trkpt lat="47.80185" lon="-123.44556">
        <ele>558.95</ele>
      </trkpt>
      <trkpt lat="47.80176" lon="-123.44554">
        <ele>559.17</ele>
      </trkpt>
      <trkpt lat="47.80167" lon="-123.44551">
        <ele>559.97</ele>
      </trkpt>
      <trkpt lat="47.80159" lon="-123.44548">
        <ele>560.63</ele>
      </trkpt>
      <trkpt lat="47.8015" lon="-123.44545">
        <ele>561.14</ele>
      </trkpt>
      <trkpt lat="47.80141" lon="-123.44542">
        <ele>561.46</ele>
      </trkpt>
      <trkpt lat="47.80132" lon="-123.4454">
        <ele>561.68</ele>
      </trkpt>
      <trkpt lat="47.80123" lon="-123.44537">
        <ele>562.0</ele>
      </trkpt>
      <trkpt lat="47.80114" lon="-123.44534">
        <ele>562.33</ele>
      </trkpt>
      <trkpt lat="47.80106" lon="-123.44531">
        <ele>562.65</ele>
      </trkpt>
      <trkpt lat="47.80097" lon="-123.44529">
        <ele>562.87</ele>
      </trkpt>
      <trkpt lat="47.80088" lon="-123.44527">
        <ele>563.08</ele>
      </trkpt>
      <trkpt lat="47.80079" lon="-123.44525">
        <ele>562.83</ele>
      </trkpt>
      <trkpt lat="47.8007" lon="-123.44524">
        <ele>562.41</ele>
      </trkpt>
      <trkpt lat="47.80061" lon="-123.44523">
        <ele>562.1</ele>
      </trkpt>
      <trkpt lat="47.80052" lon="-123.44523">
        <ele>561.13</ele>
      </trkpt>
      <trkpt lat="47.80043" lon="-123.44523">
        <ele>560.16</ele>
      </trkpt>
      <trkpt lat="47.80034" lon="-123.44523">
        <ele>559.52</ele>
      </trkpt>
      <trkpt lat="47.80026" lon="-123.44526">
        <ele>559.38</ele>
      </trkpt>
      <trkpt lat="47.80017" lon="-123.4453">
        <ele>560.09</ele>
      </trkpt>
      <trkpt lat="47.80009" lon="-123.44535">
        <ele>561.28</ele>
      </trkpt>
      <trkpt lat="47.8" lon="-123.44538">
        <ele>562.9</ele>
      </trkpt>
      <trkpt lat="47.79992" lon="-123.44542">
        <ele>563.33</ele>
      </trkpt>
      <trkpt lat="47.79983" lon="-123.44544">
        <ele>564.92</ele>
      </trkpt>
      <trkpt lat="47.79974" lon="-123.44547">
        <ele>566.54</ele>
      </trkpt>
      <trkpt lat="47.79965" lon="-123.44549">
        <ele>567.49</ele>
      </trkpt>
      <trkpt lat="47.79956" lon="-123.44551">
        <ele>569.0</ele>
      </trkpt>
      <trkpt lat="47.79947" lon="-123.44554">
        <ele>570.62</ele>
      </trkpt>
      <trkpt lat="47.79938" lon="-123.44557">
        <ele>571.54</ele>
      </trkpt>
      <trkpt lat="47.7993" lon="-123.44561">
        <ele>572.53</ele>
      </trkpt>
      <trkpt lat="47.79921" lon="-123.44564">
        <ele>573.67</ele>
      </trkpt>
      <trkpt lat="47.79912" lon="-123.44567">
        <ele>574.77</ele>
      </trkpt>
      <trkpt lat="47.79904" lon="-123.44571">
        <ele>575.7</ele>
      </trkpt>
      <trkpt lat="47.79895" lon="-123.44575">
        <ele>576.24</ele>
      </trkpt>
      <trkpt lat="47.79887" lon="-123.44579">
        <ele>576.47</ele>
      </trkpt>
      <trkpt lat="47.79878" lon="-123.44584">
        <ele>575.93</ele>
      </trkpt>
      <trkpt lat="47.7987" lon="-123.44588">
        <ele>575.48</ele>
      </trkpt>
      <trkpt lat="47.79861" lon="-123.44593">
        <ele>573.94</ele>
      </trkpt>
      <trkpt lat="47.79853" lon="-123.44597">
        <ele>572.65</ele>
      </trkpt>
      <trkpt lat="47.79844" lon="-123.44602">
        <ele>571.13</ele>
      </trkpt>
      <trkpt lat="47.79836" lon="-123.44607">
        <ele>570.44</ele>
      </trkpt>
      <trkpt lat="47.79828" lon="-123.44612">
        <ele>571.06</ele>
      </trkpt>
      <trkpt lat="47.79819" lon="-123.44617">
        <ele>572.26</ele>
      </trkpt>
      <trkpt lat="47.79811" lon="-123.44622">
        <ele>574.13</ele>
      </trkpt>
      <trkpt lat="47.79803" lon="-123.44628">
        <ele>576.55</ele>
      </trkpt>
      <trkpt lat="47.79795" lon="-123.44634">
        <ele>577.95</ele>
      </trkpt>
      <trkpt lat="47.79787" lon="-123.44641">
        <ele>579.78</ele>
      </trkpt>
      <trkpt lat="47.7978" lon="-123.44648">
        <ele>581.3</ele>
      </trkpt>
      <trkpt lat="47.79771" lon="-123.44652">
        <ele>583.78</ele>
      </trkpt>
      <trkpt lat="47.79762" lon="-123.44654">
        <ele>585.78</ele>
      </trkpt>
      <trkpt lat="47.79753" lon="-123.44655">
        <ele>588.29</ele>
      </trkpt>
      <trkpt lat="47.79745" lon="-123.44657">
        <ele>590.66</ele>
      </trkpt>
      <trkpt lat="47.79739" lon="-123.44664">
        <ele>591.09</ele>
      </trkpt>
      <trkpt lat="47.79732" lon="-123.44673">
        <ele>591.5</ele>
      </trkpt>
      <trkpt lat="47.79726" lon="-123.44683">
        <ele>590.97</ele>
      </trkpt>
      <trkpt lat="47.79719" lon="-123.44693">
        <ele>590.21</ele>
      </trkpt>
      <trkpt lat="47.79712" lon="-123.44701">
        <ele>589.22</ele>
      </trkpt>
      <trkpt lat="47.79705" lon="-123.4471">
        <ele>586.78</ele>
      </trkpt>
      <trkpt lat="47.79698" lon="-123.44717">
        <ele>585.22</ele>
      </trkpt>
      <trkpt lat="47.7969" lon="-123.44723">
        <ele>585.4</ele>
      </trkpt>
      <trkpt lat="47.79681" lon="-123.44729">
        <ele>586.17</ele>
      </trkpt>
      <trkpt lat="47.79673" lon="-123.44734">
        <ele>587.68</ele>
      </trkpt>
      <trkpt lat="47.79665" lon="-123.44739">
        <ele>589.55</ele>
      </trkpt>
      <trkpt lat="47.79656" lon="-123.44743">
        <ele>591.06</ele>
      </trkpt>
      <trkpt lat="47.79648" lon="-123.44748">
        <ele>592.25</ele>
      </trkpt>
      <trkpt lat="47.79639" lon="-123.44752">
        <ele>593.76</ele>
      </trkpt>
      <trkpt lat="47.7963" lon="-123.44756">
        <ele>594.65</ele>
      </trkpt>
      <trkpt lat="47.79622" lon="-123.44761">
        <ele>595.46</ele>
      </trkpt>
      <trkpt lat="47.79616" lon="-123.44769">
        <ele>595.39</ele>
      </trkpt>
      <trkpt lat="47.79612" lon="-123.44781">
        <ele>594.15</ele>
      </trkpt>
      <trkpt lat="47.79608" lon="-123.44793">
        <ele>592.05</ele>
      </trkpt>
      <trkpt lat="47.79605" lon="-123.44806">
        <ele>590.58</ele>
      </trkpt>
      <trkpt lat="47.79601" lon="-123.44818">
        <ele>588.66</ele>
      </trkpt>
      <trkpt lat="47.79596" lon="-123.44829">
        <ele>586.94</ele>
      </trkpt>
      <trkpt lat="47.79591" lon="-123.44839">
        <ele>585.28</ele>
      </trkpt>
      <trkpt lat="47.79585" lon="-123.44849">
        <ele>582.8</ele>
      </trkpt>
      <trkpt lat="47.79578" lon="-123.44858">
        <ele>581.34</ele>
      </trkpt>
      <trkpt lat="47.7957" lon="-123.44865">
        <ele>581.2</ele>
      </trkpt>
      <trkpt lat="47.79562" lon="-123.44872">
        <ele>582.91</ele>
      </trkpt>
      <trkpt lat="47.79554" lon="-123.44878">
        <ele>585.34</ele>
      </trkpt>
      <trkpt lat="47.79546" lon="-123.44883">
        <ele>587.06</ele>
      </trkpt>
      <trkpt lat="47.79538" lon="-123.44888">
        <ele>588.79</ele>
      </trkpt>
      <trkpt lat="47.7953" lon="-123.44893">
        <ele>589.76</ele>
      </trkpt>
      <trkpt lat="47.79521" lon="-123.44898">
        <ele>591.46</ele>
      </trkpt>
      <trkpt lat="47.79513" lon="-123.44904">
        <ele>592.82</ele>
      </trkpt>
      <trkpt lat="47.79505" lon="-123.44909">
        <ele>593.84</ele>
      </trkpt>
      <trkpt lat="47.79497" lon="-123.44915">
        <ele>594.83</ele>
      </trkpt>
      <trkpt lat="47.79489" lon="-123.44922">
        <ele>595.72</ele>
      </trkpt>
      <trkpt lat="47.79481" lon="-123.44928">
        <ele>596.83</ele>
      </trkpt>
      <trkpt lat="47.79473" lon="-123.44935">
        <ele>596.94</ele>
      </trkpt>
      <trkpt lat="47.79465" lon="-123.44941">
        <ele>597.15</ele>
      </trkpt>
      <trkpt lat="47.79457" lon="-123.44948">
        <ele>597.26</ele>
      </trkpt>
      <trkpt lat="47.7945" lon="-123.44955">
        <ele>597.26</ele>
      </trkpt>
      <trkpt lat="47.79442" lon="-123.44962">
        <ele>597.4</ele>
      </trkpt>
      <trkpt lat="47.79434" lon="-123.44969">
        <ele>597.52</ele>
      </trkpt>
      <trkpt lat="47.79427" lon="-123.44975">
        <ele>597.58</ele>
      </trkpt>
      <trkpt lat="47.79419" lon="-123.44982">
        <ele>597.64</ele>
      </trkpt>
      <trkpt lat="47.79411" lon="-123.44989">
        <ele>596.99</ele>
      </trkpt>
      <trkpt lat="47.79403" lon="-123.44995">
        <ele>597.02</ele>
      </trkpt>
      <trkpt lat="47.79395" lon="-123.45001">
        <ele>597.12</ele>
      </trkpt>
      <trkpt lat="47.79387" lon="-123.45007">
        <ele>596.64</ele>
      </trkpt>
      <trkpt lat="47.79379" lon="-123.45013">
        <ele>596.26</ele>
      </trkpt>
      <trkpt lat="47.79371" lon="-123.45019">
        <ele>595.88</ele>
      </trkpt>
      <trkpt lat="47.79363" lon="-123.45025">
        <ele>596.1</ele>
      </trkpt>
      <trkpt lat="47.79354" lon="-123.4503">
        <ele>596.53</ele>
      </trkpt>
      <trkpt lat="47.79346" lon="-123.45035">
        <ele>596.85</ele>
      </trkpt>
      <trkpt lat="47.79337" lon="-123.4504">
        <ele>597.89</ele>
      </trkpt>
      <trkpt lat="47.79329" lon="-123.45044">
        <ele>598.72</ele>
      </trkpt>
      <trkpt lat="47.79321" lon="-123.45049">
        <ele>599.37</ele>
      </trkpt>
      <trkpt lat="47.79313" lon="-123.45054">
        <ele>600.36</ele>
      </trkpt>
      <trkpt lat="47.79304" lon="-123.4506">
        <ele>600.69</ele>
      </trkpt>
      <trkpt lat="47.79297" lon="-123.45066">
        <ele>600.8</ele>
      </trkpt>
      <trkpt lat="47.79289" lon="-123.45073">
        <ele>600.9</ele>
      </trkpt>
      <trkpt lat="47.79281" lon="-123.4508">
        <ele>601.01</ele>
      </trkpt>
      <trkpt lat="47.79273" lon="-123.45086">
        <ele>601.23</ele>
      </trkpt>
      <trkpt lat="47.79266" lon="-123.45093">
        <ele>601.22</ele>
      </trkpt>
      <trkpt lat="47.79258" lon="-123.451">
        <ele>600.51</ele>
      </trkpt>
      <trkpt lat="47.7925" lon="-123.45108">
        <ele>600.34</ele>
      </trkpt>
      <trkpt lat="47.79243" lon="-123.45115">
        <ele>599.58</ele>
      </trkpt>
      <trkpt lat="47.79235" lon="-123.45123">
        <ele>598.61</ele>
      </trkpt>
      <trkpt lat="47.79227" lon="-123.45129">
        <ele>598.07</ele>
      </trkpt>
      <trkpt lat="47.7922" lon="-123.45136">
        <ele>597.31</ele>
      </trkpt>
      <trkpt lat="47.79211" lon="-123.45142">
        <ele>596.33</ele>
      </trkpt>
      <trkpt lat="47.79203" lon="-123.45147">
        <ele>595.25</ele>
      </trkpt>
      <trkpt lat="47.79194" lon="-123.45151">
        <ele>594.69</ele>
      </trkpt>
      <trkpt lat="47.79186" lon="-123.45155">
        <ele>594.26</ele>
      </trkpt>
      <trkpt lat="47.79177" lon="-123.45158">
        <ele>594.82</ele>
      </trkpt>
      <trkpt lat="47.79168" lon="-123.45161">
        <ele>594.61</ele>
      </trkpt>
      <trkpt lat="47.79159" lon="-123.45164">
        <ele>594.88</ele>
      </trkpt>
      <trkpt lat="47.7915" lon="-123.45166">
        <ele>595.06</ele>
      </trkpt>
      <trkpt lat="47.79141" lon="-123.45168">
        <ele>596.43</ele>
      </trkpt>
      <trkpt lat="47.79132" lon="-123.45169">
        <ele>597.49</ele>
      </trkpt>
      <trkpt lat="47.79123" lon="-123.4517">
        <ele>598.36</ele>
      </trkpt>
      <trkpt lat="47.79114" lon="-123.45171">
        <ele>599.91</ele>
      </trkpt>
      <trkpt lat="47.79105" lon="-123.45171">
        <ele>601.19</ele>
      </trkpt>
      <trkpt lat="47.79096" lon="-123.45171">
        <ele>602.16</ele>
      </trkpt>
      <trkpt lat="47.79087" lon="-123.45171">
        <ele>603.14</ele>
      </trkpt>
      <trkpt lat="47.79078" lon="-123.45171">
        <ele>604.11</ele>
      </trkpt>
      <trkpt lat="47.79069" lon="-123.45171">
        <ele>605.08</ele>
      </trkpt>
      <trkpt lat="47.7906" lon="-123.45171">
        <ele>605.81</ele>
      </trkpt>
      <trkpt lat="47.79051" lon="-123.45171">
        <ele>606.29</ele>
      </trkpt>
      <trkpt lat="47.79042" lon="-123.45171">
        <ele>606.53</ele>
      </trkpt>
      <trkpt lat="47.79033" lon="-123.45171">
        <ele>606.76</ele>
      </trkpt>
      <trkpt lat="47.79024" lon="-123.45172">
        <ele>606.85</ele>
      </trkpt>
      <trkpt lat="47.79015" lon="-123.45172">
        <ele>606.85</ele>
      </trkpt>
      <trkpt lat="47.79006" lon="-123.45173">
        <ele>606.63</ele>
      </trkpt>
      <trkpt lat="47.78997" lon="-123.45173">
        <ele>606.31</ele>
      </trkpt>
      <trkpt lat="47.78988" lon="-123.45173">
        <ele>605.63</ele>
      </trkpt>
      <trkpt lat="47.78979" lon="-123.45173">
        <ele>605.63</ele>
      </trkpt>
      <trkpt lat="47.7897" lon="-123.45173">
        <ele>605.56</ele>
      </trkpt>
      <trkpt lat="47.78961" lon="-123.45173">
        <ele>605.17</ele>
      </trkpt>
      <trkpt lat="47.78952" lon="-123.45172">
        <ele>604.85</ele>
      </trkpt>
      <trkpt lat="47.78943" lon="-123.45172">
        <ele>604.85</ele>
      </trkpt>
      <trkpt lat="47.78934" lon="-123.45172">
        <ele>604.85</ele>
      </trkpt>
      <trkpt lat="47.78925" lon="-123.45171">
        <ele>605.06</ele>
      </trkpt>
      <trkpt lat="47.78917" lon="-123.45168">
        <ele>605.71</ele>
      </trkpt>
      <trkpt lat="47.78909" lon="-123.45165">
        <ele>606.36</ele>
      </trkpt>
      <trkpt lat="47.789" lon="-123.4516">
        <ele>607.44</ele>
      </trkpt>
      <trkpt lat="47.78892" lon="-123.45155">
        <ele>608.03</ele>
      </trkpt>
      <trkpt lat="47.78883" lon="-123.4515">
        <ele>608.89</ele>
      </trkpt>
      <trkpt lat="47.78875" lon="-123.45144">
        <ele>609.84</ele>
      </trkpt>
      <trkpt lat="47.78867" lon="-123.45139">
        <ele>610.6</ele>
      </trkpt>
      <trkpt lat="47.78859" lon="-123.45134">
        <ele>611.36</ele>
      </trkpt>
      <trkpt lat="47.7885" lon="-123.45128">
        <ele>612.13</ele>
      </trkpt>
      <trkpt lat="47.78842" lon="-123.45123">
        <ele>612.08</ele>
      </trkpt>
      <trkpt lat="47.78834" lon="-123.45117">
        <ele>613.19</ele>
      </trkpt>
      <trkpt lat="47.78826" lon="-123.45112">
        <ele>613.92</ele>
      </trkpt>
      <trkpt lat="47.78817" lon="-123.45106">
        <ele>613.58</ele>
      </trkpt>
      <trkpt lat="47.78809" lon="-123.45101">
        <ele>613.02</ele>
      </trkpt>
      <trkpt lat="47.78801" lon="-123.45095">
        <ele>613.24</ele>
      </trkpt>
      <trkpt lat="47.78793" lon="-123.4509">
        <ele>613.13</ele>
      </trkpt>
      <trkpt lat="47.78785" lon="-123.45084">
        <ele>613.14</ele>
      </trkpt>
      <trkpt lat="47.78776" lon="-123.4508">
        <ele>611.63</ele>
      </trkpt>
      <trkpt lat="47.78768" lon="-123.45076">
        <ele>610.47</ele>
      </trkpt>
      <trkpt lat="47.78759" lon="-123.45072">
        <ele>609.42</ele>
      </trkpt>
      <trkpt lat="47.78751" lon="-123.45068">
        <ele>609.42</ele>
      </trkpt>
      <trkpt lat="47.78742" lon="-123.45064">
        <ele>610.26</ele>
      </trkpt>
      <trkpt lat="47.78733" lon="-123.4506">
        <ele>612.4</ele>
      </trkpt>
      <trkpt lat="47.78725" lon="-123.45056">
        <ele>615.22</ele>
      </trkpt>
      <trkpt lat="47.78716" lon="-123.45053">
        <ele>617.69</ele>
      </trkpt>
      <trkpt lat="47.78707" lon="-123.4505">
        <ele>620.04</ele>
      </trkpt>
      <trkpt lat="47.78698" lon="-123.45047">
        <ele>622.31</ele>
      </trkpt>
      <trkpt lat="47.78689" lon="-123.45044">
        <ele>624.58</ele>
      </trkpt>
      <trkpt lat="47.78681" lon="-123.45041">
        <ele>626.74</ele>
      </trkpt>
      <trkpt lat="47.78672" lon="-123.45039">
        <ele>628.15</ele>
      </trkpt>
      <trkpt lat="47.78663" lon="-123.45037">
        <ele>629.02</ele>
      </trkpt>
      <trkpt lat="47.78654" lon="-123.45036">
        <ele>629.45</ele>
      </trkpt>
      <trkpt lat="47.78645" lon="-123.45034">
        <ele>630.31</ele>
      </trkpt>
      <trkpt lat="47.78636" lon="-123.45033">
        <ele>630.61</ele>
      </trkpt>
      <trkpt lat="47.78627" lon="-123.45032">
        <ele>630.5</ele>
      </trkpt>
      <trkpt lat="47.78618" lon="-123.4503">
        <ele>630.98</ele>
      </trkpt>
      <trkpt lat="47.78609" lon="-123.45029">
        <ele>630.91</ele>
      </trkpt>
      <trkpt lat="47.786" lon="-123.45028">
        <ele>629.7</ele>
      </trkpt>
      <trkpt lat="47.78591" lon="-123.45027">
        <ele>628.99</ele>
      </trkpt>
      <trkpt lat="47.78582" lon="-123.45025">
        <ele>628.01</ele>
      </trkpt>
      <trkpt lat="47.78573" lon="-123.45024">
        <ele>626.99</ele>
      </trkpt>
      <trkpt lat="47.78564" lon="-123.45022">
        <ele>625.7</ele>
      </trkpt>
      <trkpt lat="47.78555" lon="-123.45021">
        <ele>624.08</ele>
      </trkpt>
      <trkpt lat="47.78546" lon="-123.45019">
        <ele>622.78</ele>
      </trkpt>
      <trkpt lat="47.78537" lon="-123.45018">
        <ele>621.17</ele>
      </trkpt>
      <trkpt lat="47.78528" lon="-123.45017">
        <ele>621.49</ele>
      </trkpt>
      <trkpt lat="47.78519" lon="-123.45017">
        <ele>623.39</ele>
      </trkpt>
      <trkpt lat="47.7851" lon="-123.45017">
        <ele>624.41</ele>
      </trkpt>
      <trkpt lat="47.78502" lon="-123.45018">
        <ele>624.95</ele>
      </trkpt>
      <trkpt lat="47.78493" lon="-123.4502">
        <ele>625.28</ele>
      </trkpt>
      <trkpt lat="47.78484" lon="-123.45022">
        <ele>625.6</ele>
      </trkpt>
      <trkpt lat="47.78475" lon="-123.45025">
        <ele>625.6</ele>
      </trkpt>
      <trkpt lat="47.78466" lon="-123.45028">
        <ele>624.92</ele>
      </trkpt>
      <trkpt lat="47.78457" lon="-123.4503">
        <ele>624.77</ele>
      </trkpt>
      <trkpt lat="47.78448" lon="-123.45033">
        <ele>623.74</ele>
      </trkpt>
      <trkpt lat="47.78439" lon="-123.45035">
        <ele>622.88</ele>
      </trkpt>
      <trkpt lat="47.78431" lon="-123.45037">
        <ele>622.02</ele>
      </trkpt>
      <trkpt lat="47.78422" lon="-123.4504">
        <ele>620.9</ele>
      </trkpt>
      <trkpt lat="47.78413" lon="-123.45042">
        <ele>619.46</ele>
      </trkpt>
      <trkpt lat="47.78404" lon="-123.45044">
        <ele>617.53</ele>
      </trkpt>
      <trkpt lat="47.78395" lon="-123.45045">
        <ele>615.74</ele>
      </trkpt>
      <trkpt lat="47.78386" lon="-123.45047">
        <ele>612.55</ele>
      </trkpt>
      <trkpt lat="47.78377" lon="-123.45048">
        <ele>608.78</ele>
      </trkpt>
      <trkpt lat="47.78368" lon="-123.45049">
        <ele>605.21</ele>
      </trkpt>
      <trkpt lat="47.78359" lon="-123.4505">
        <ele>600.78</ele>
      </trkpt>
      <trkpt lat="47.7835" lon="-123.45051">
        <ele>597.7</ele>
      </trkpt>
      <trkpt lat="47.78341" lon="-123.45052">
        <ele>596.38</ele>
      </trkpt>
      <trkpt lat="47.78332" lon="-123.45053">
        <ele>596.36</ele>
      </trkpt>
      <trkpt lat="47.78323" lon="-123.45054">
        <ele>596.74</ele>
      </trkpt>
      <trkpt lat="47.78314" lon="-123.45056">
        <ele>597.98</ele>
      </trkpt>
      <trkpt lat="47.78305" lon="-123.45057">
        <ele>599.5</ele>
      </trkpt>
      <trkpt lat="47.78297" lon="-123.45059">
        <ele>600.36</ele>
      </trkpt>
      <trkpt lat="47.78288" lon="-123.4506">
        <ele>601.44</ele>
      </trkpt>
      <trkpt lat="47.78278" lon="-123.4506">
        <ele>603.04</ele>
      </trkpt>
      <trkpt lat="47.7827" lon="-123.45061">
        <ele>603.49</ele>
      </trkpt>
      <trkpt lat="47.78261" lon="-123.45062">
        <ele>603.22</ele>
      </trkpt>
      <trkpt lat="47.78253" lon="-123.45065">
        <ele>601.94</ele>
      </trkpt>
      <trkpt lat="47.78244" lon="-123.4507">
        <ele>599.96</ele>
      </trkpt>
      <trkpt lat="47.78237" lon="-123.45076">
        <ele>596.97</ele>
      </trkpt>
      <trkpt lat="47.7823" lon="-123.45084">
        <ele>593.77</ele>
      </trkpt>
      <trkpt lat="47.78222" lon="-123.45092">
        <ele>590.26</ele>
      </trkpt>
      <trkpt lat="47.78215" lon="-123.451">
        <ele>586.98</ele>
      </trkpt>
      <trkpt lat="47.78208" lon="-123.45108">
        <ele>584.85</ele>
      </trkpt>
      <trkpt lat="47.78201" lon="-123.45116">
        <ele>583.29</ele>
      </trkpt>
      <trkpt lat="47.78193" lon="-123.45124">
        <ele>582.96</ele>
      </trkpt>
      <trkpt lat="47.78186" lon="-123.45131">
        <ele>583.19</ele>
      </trkpt>
      <trkpt lat="47.78178" lon="-123.45139">
        <ele>584.84</ele>
      </trkpt>
      <trkpt lat="47.78171" lon="-123.45146">
        <ele>585.29</ele>
      </trkpt>
      <trkpt lat="47.78163" lon="-123.45154">
        <ele>585.92</ele>
      </trkpt>
      <trkpt lat="47.78155" lon="-123.45161">
        <ele>586.46</ele>
      </trkpt>
      <trkpt lat="47.78148" lon="-123.45168">
        <ele>586.74</ele>
      </trkpt>
      <trkpt lat="47.7814" lon="-123.45174">
        <ele>587.18</ele>
      </trkpt>
      <trkpt lat="47.78132" lon="-123.4518">
        <ele>587.61</ele>
      </trkpt>
      <trkpt lat="47.78124" lon="-123.45186">
        <ele>587.49</ele>
      </trkpt>
      <trkpt lat="47.78115" lon="-123.4519">
        <ele>588.34</ele>
      </trkpt>
      <trkpt lat="47.78107" lon="-123.45194">
        <ele>588.54</ele>
      </trkpt>
      <trkpt lat="47.78098" lon="-123.45198">
        <ele>588.87</ele>
      </trkpt>
      <trkpt lat="47.78089" lon="-123.45202">
        <ele>588.76</ele>
      </trkpt>
      <trkpt lat="47.7808" lon="-123.45205">
        <ele>589.17</ele>
      </trkpt>
      <trkpt lat="47.78071" lon="-123.45208">
        <ele>589.23</ele>
      </trkpt>
      <trkpt lat="47.78063" lon="-123.45211">
        <ele>589.25</ele>
      </trkpt>
      <trkpt lat="47.78054" lon="-123.45213">
        <ele>589.16</ele>
      </trkpt>
      <trkpt lat="47.78045" lon="-123.45215">
        <ele>589.59</ele>
      </trkpt>
      <trkpt lat="47.78036" lon="-123.45216">
        <ele>589.67</ele>
      </trkpt>
      <trkpt lat="47.78027" lon="-123.45217">
        <ele>589.56</ele>
      </trkpt>
      <trkpt lat="47.78018" lon="-123.45217">
        <ele>589.56</ele>
      </trkpt>
      <trkpt lat="47.78009" lon="-123.45217">
        <ele>589.55</ele>
      </trkpt>
      <trkpt lat="47.78" lon="-123.45217">
        <ele>589.13</ele>
      </trkpt>
      <trkpt lat="47.77991" lon="-123.45217">
        <ele>588.58</ele>
      </trkpt>
      <trkpt lat="47.77982" lon="-123.45217">
        <ele>587.62</ele>
      </trkpt>
      <trkpt lat="47.77973" lon="-123.45217">
        <ele>586.65</ele>
      </trkpt>
      <trkpt lat="47.77964" lon="-123.45217">
        <ele>585.68</ele>
      </trkpt>
      <trkpt lat="47.77955" lon="-123.45217">
        <ele>585.08</ele>
      </trkpt>
      <trkpt lat="47.77946" lon="-123.45218">
        <ele>584.17</ele>
      </trkpt>
      <trkpt lat="47.77937" lon="-123.45219">
        <ele>583.48</ele>
      </trkpt>
      <trkpt lat="47.77928" lon="-123.4522">
        <ele>583.24</ele>
      </trkpt>
      <trkpt lat="47.77919" lon="-123.45222">
        <ele>583.02</ele>
      </trkpt>
      <trkpt lat="47.7791" lon="-123.45223">
        <ele>583.64</ele>
      </trkpt>
      <trkpt lat="47.77901" lon="-123.45224">
        <ele>583.94</ele>
      </trkpt>
      <trkpt lat="47.77892" lon="-123.45225">
        <ele>584.46</ele>
      </trkpt>
      <trkpt lat="47.77883" lon="-123.45227">
        <ele>585.12</ele>
      </trkpt>
      <trkpt lat="47.77874" lon="-123.45228">
        <ele>585.98</ele>
      </trkpt>
      <trkpt lat="47.77865" lon="-123.45229">
        <ele>586.42</ele>
      </trkpt>
      <trkpt lat="47.77856" lon="-123.4523">
        <ele>586.78</ele>
      </trkpt>
      <trkpt lat="47.77847" lon="-123.45231">
        <ele>587.58</ele>
      </trkpt>
      <trkpt lat="47.77838" lon="-123.45232">
        <ele>587.92</ele>
      </trkpt>
      <trkpt lat="47.77829" lon="-123.45233">
        <ele>588.23</ele>
      </trkpt>
      <trkpt lat="47.7782" lon="-123.45233">
        <ele>588.74</ele>
      </trkpt>
      <trkpt lat="47.77811" lon="-123.45233">
        <ele>589.18</ele>
      </trkpt>
      <trkpt lat="47.77802" lon="-123.45233">
        <ele>589.73</ele>
      </trkpt>
      <trkpt lat="47.77793" lon="-123.45232">
        <ele>589.94</ele>
      </trkpt>
      <trkpt lat="47.77784" lon="-123.45232">
        <ele>589.94</ele>
      </trkpt>
      <trkpt lat="47.77775" lon="-123.45231">
        <ele>590.1</ele>
      </trkpt>
      <trkpt lat="47.77766" lon="-123.4523">
        <ele>590.55</ele>
      </trkpt>
      <trkpt lat="47.77757" lon="-123.4523">
        <ele>591.16</ele>
      </trkpt>
      <trkpt lat="47.77748" lon="-123.45229">
        <ele>591.27</ele>
      </trkpt>
      <trkpt lat="47.77739" lon="-123.45229">
        <ele>591.13</ele>
      </trkpt>
      <trkpt lat="47.7773" lon="-123.45228">
        <ele>590.75</ele>
      </trkpt>
      <trkpt lat="47.77722" lon="-123.45226">
        <ele>591.17</ele>
      </trkpt>
      <trkpt lat="47.77714" lon="-123.45221">
        <ele>591.36</ele>
      </trkpt>
      <trkpt lat="47.77706" lon="-123.45215">
        <ele>591.97</ele>
      </trkpt>
      <trkpt lat="47.77699" lon="-123.45208">
        <ele>592.56</ele>
      </trkpt>
      <trkpt lat="47.77691" lon="-123.45202">
        <ele>593.0</ele>
      </trkpt>
      <trkpt lat="47.77682" lon="-123.45196">
        <ele>592.98</ele>
      </trkpt>
      <trkpt lat="47.77674" lon="-123.45193">
        <ele>591.9</ele>
      </trkpt>
      <trkpt lat="47.77665" lon="-123.45195">
        <ele>589.57</ele>
      </trkpt>
      <trkpt lat="47.77657" lon="-123.45198">
        <ele>587.12</ele>
      </trkpt>
      <trkpt lat="47.77649" lon="-123.45201">
        <ele>584.5</ele>
      </trkpt>
      <trkpt lat="47.77641" lon="-123.45206">
        <ele>584.72</ele>
      </trkpt>
      <trkpt lat="47.77633" lon="-123.45212">
        <ele>586.91</ele>
      </trkpt>
      <trkpt lat="47.77625" lon="-123.45218">
        <ele>588.46</ele>
      </trkpt>
      <trkpt lat="47.77617" lon="-123.45225">
        <ele>589.73</ele>
      </trkpt>
      <trkpt lat="47.77609" lon="-123.45231">
        <ele>591.47</ele>
      </trkpt>
      <trkpt lat="47.77601" lon="-123.45237">
        <ele>592.5</ele>
      </trkpt>
      <trkpt lat="47.77593" lon="-123.45243">
        <ele>592.95</ele>
      </trkpt>
      <trkpt lat="47.77585" lon="-123.45249">
        <ele>593.91</ele>
      </trkpt>
      <trkpt lat="47.77577" lon="-123.45256">
        <ele>594.72</ele>
      </trkpt>
      <trkpt lat="47.77569" lon="-123.45262">
        <ele>595.25</ele>
      </trkpt>
      <trkpt lat="47.77561" lon="-123.45268">
        <ele>595.47</ele>
      </trkpt>
      <trkpt lat="47.77553" lon="-123.45274">
        <ele>595.68</ele>
      </trkpt>
      <trkpt lat="47.77545" lon="-123.4528">
        <ele>595.9</ele>
      </trkpt>
      <trkpt lat="47.77537" lon="-123.45286">
        <ele>596.12</ele>
      </trkpt>
      <trkpt lat="47.77529" lon="-123.45292">
        <ele>596.33</ele>
      </trkpt>
      <trkpt lat="47.77521" lon="-123.45298">
        <ele>596.55</ele>
      </trkpt>
      <trkpt lat="47.77513" lon="-123.45304">
        <ele>596.76</ele>
      </trkpt>
      <trkpt lat="47.77505" lon="-123.4531">
        <ele>596.76</ele>
      </trkpt>
      <trkpt lat="47.77497" lon="-123.45316">
        <ele>596.15</ele>
      </trkpt>
      <trkpt lat="47.77489" lon="-123.45322">
        <ele>595.59</ele>
      </trkpt>
      <trkpt lat="47.77481" lon="-123.45328">
        <ele>595.1</ele>
      </trkpt>
      <trkpt lat="47.77473" lon="-123.45334">
        <ele>593.01</ele>
      </trkpt>
      <trkpt lat="47.77465" lon="-123.4534">
        <ele>591.72</ele>
      </trkpt>
      <trkpt lat="47.77457" lon="-123.45346">
        <ele>589.75</ele>
      </trkpt>
      <trkpt lat="47.77448" lon="-123.45351">
        <ele>587.57</ele>
      </trkpt>
      <trkpt lat="47.7744" lon="-123.45356">
        <ele>586.55</ele>
      </trkpt>
      <trkpt lat="47.77431" lon="-123.45361">
        <ele>586.46</ele>
      </trkpt>
      <trkpt lat="47.77423" lon="-123.45366">
        <ele>587.47</ele>
      </trkpt>
      <trkpt lat="47.77415" lon="-123.45371">
        <ele>588.18</ele>
      </trkpt>
      <trkpt lat="47.77407" lon="-123.45377">
        <ele>589.04</ele>
      </trkpt>
      <trkpt lat="47.77399" lon="-123.45383">
        <ele>589.54</ele>
      </trkpt>
      <trkpt lat="47.77392" lon="-123.4539">
        <ele>589.66</ele>
      </trkpt>
      <trkpt lat="47.77384" lon="-123.45398">
        <ele>590.53</ele>
      </trkpt>
      <trkpt lat="47.77377" lon="-123.45407">
        <ele>590.33</ele>
      </trkpt>
      <trkpt lat="47.77369" lon="-123.45415">
        <ele>590.33</ele>
      </trkpt>
      <trkpt lat="47.77362" lon="-123.45423">
        <ele>590.9</ele>
      </trkpt>
      <trkpt lat="47.77355" lon="-123.4543">
        <ele>591.22</ele>
      </trkpt>
      <trkpt lat="47.77347" lon="-123.45436">
        <ele>591.44</ele>
      </trkpt>
      <trkpt lat="47.77339" lon="-123.45442">
        <ele>591.65</ele>
      </trkpt>
      <trkpt lat="47.7733" lon="-123.45446">
        <ele>592.19</ele>
      </trkpt>
      <trkpt lat="47.77322" lon="-123.4545">
        <ele>592.62</ele>
      </trkpt>
      <trkpt lat="47.77313" lon="-123.45452">
        <ele>593.38</ele>
      </trkpt>
      <trkpt lat="47.77304" lon="-123.45454">
        <ele>594.14</ele>
      </trkpt>
      <trkpt lat="47.77295" lon="-123.45456">
        <ele>594.75</ele>
      </trkpt>
      <trkpt lat="47.77285" lon="-123.45457">
        <ele>594.86</ele>
      </trkpt>
      <trkpt lat="47.77276" lon="-123.45459">
        <ele>595.62</ele>
      </trkpt>
      <trkpt lat="47.77268" lon="-123.4546">
        <ele>596.38</ele>
      </trkpt>
      <trkpt lat="47.77259" lon="-123.45462">
        <ele>597.1</ele>
      </trkpt>
      <trkpt lat="47.7725" lon="-123.45464">
        <ele>596.89</ele>
      </trkpt>
      <trkpt lat="47.77241" lon="-123.45466">
        <ele>597.64</ele>
      </trkpt>
      <trkpt lat="47.77232" lon="-123.45468">
        <ele>597.89</ele>
      </trkpt>
      <trkpt lat="47.77223" lon="-123.4547">
        <ele>598.18</ele>
      </trkpt>
      <trkpt lat="47.77214" lon="-123.45472">
        <ele>598.02</ele>
      </trkpt>
      <trkpt lat="47.77205" lon="-123.45475">
        <ele>597.7</ele>
      </trkpt>
      <trkpt lat="47.77196" lon="-123.45477">
        <ele>597.48</ele>
      </trkpt>
      <trkpt lat="47.77187" lon="-123.45479">
        <ele>597.27</ele>
      </trkpt>
      <trkpt lat="47.77178" lon="-123.45481">
        <ele>596.28</ele>
      </trkpt>
      <trkpt lat="47.77169" lon="-123.45482">
        <ele>595.94</ele>
      </trkpt>
      <trkpt lat="47.7716" lon="-123.45484">
        <ele>595.01</ele>
      </trkpt>
      <trkpt lat="47.77151" lon="-123.45485">
        <ele>594.62</ele>
      </trkpt>
      <trkpt lat="47.77142" lon="-123.45485">
        <ele>593.96</ele>
      </trkpt>
      <trkpt lat="47.77133" lon="-123.45485">
        <ele>593.23</ele>
      </trkpt>
      <trkpt lat="47.77124" lon="-123.45485">
        <ele>592.77</ele>
      </trkpt>
      <trkpt lat="47.77115" lon="-123.45485">
        <ele>592.4</ele>
      </trkpt>
      <trkpt lat="47.77106" lon="-123.45486">
        <ele>592.02</ele>
      </trkpt>
      <trkpt lat="47.77098" lon="-123.45486">
        <ele>592.02</ele>
      </trkpt>
      <trkpt lat="47.77089" lon="-123.45488">
        <ele>591.98</ele>
      </trkpt>
      <trkpt lat="47.77081" lon="-123.45491">
        <ele>592.2</ele>
      </trkpt>
      <trkpt lat="47.77072" lon="-123.45494">
        <ele>592.6</ele>
      </trkpt>
      <trkpt lat="47.77064" lon="-123.45499">
        <ele>593.21</ele>
      </trkpt>
      <trkpt lat="47.77055" lon="-123.45503">
        <ele>593.43</ele>
      </trkpt>
      <trkpt lat="47.77046" lon="-123.45507">
        <ele>594.28</ele>
      </trkpt>
      <trkpt lat="47.77038" lon="-123.45511">
        <ele>594.52</ele>
      </trkpt>
      <trkpt lat="47.77029" lon="-123.45515">
        <ele>594.63</ele>
      </trkpt>
      <trkpt lat="47.77021" lon="-123.4552">
        <ele>594.45</ele>
      </trkpt>
      <trkpt lat="47.77012" lon="-123.45524">
        <ele>594.23</ele>
      </trkpt>
      <trkpt lat="47.77004" lon="-123.45528">
        <ele>593.97</ele>
      </trkpt>
      <trkpt lat="47.76995" lon="-123.45533">
        <ele>593.67</ele>
      </trkpt>
      <trkpt lat="47.76987" lon="-123.45537">
        <ele>593.41</ele>
      </trkpt>
      <trkpt lat="47.76978" lon="-123.45541">
        <ele>593.3</ele>
      </trkpt>
      <trkpt lat="47.76969" lon="-123.45545">
        <ele>593.14</ele>
      </trkpt>
      <trkpt lat="47.76961" lon="-123.45549">
        <ele>592.71</ele>
      </trkpt>
      <trkpt lat="47.76953" lon="-123.45554">
        <ele>592.17</ele>
      </trkpt>
      <trkpt lat="47.76944" lon="-123.45558">
        <ele>591.74</ele>
      </trkpt>
      <trkpt lat="47.76936" lon="-123.45563">
        <ele>591.2</ele>
      </trkpt>
      <trkpt lat="47.76927" lon="-123.45568">
        <ele>590.66</ele>
      </trkpt>
      <trkpt lat="47.76919" lon="-123.45573">
        <ele>590.12</ele>
      </trkpt>
      <trkpt lat="47.7691" lon="-123.45577">
        <ele>589.68</ele>
      </trkpt>
      <trkpt lat="47.76902" lon="-123.45582">
        <ele>589.14</ele>
      </trkpt>
      <trkpt lat="47.76894" lon="-123.45587">
        <ele>588.6</ele>
      </trkpt>
      <trkpt lat="47.76885" lon="-123.45592">
        <ele>588.06</ele>
      </trkpt>
      <trkpt lat="47.76877" lon="-123.45596">
        <ele>587.63</ele>
      </trkpt>
      <trkpt lat="47.76868" lon="-123.456">
        <ele>587.2</ele>
      </trkpt>
      <trkpt lat="47.7686" lon="-123.45605">
        <ele>586.66</ele>
      </trkpt>
      <trkpt lat="47.76851" lon="-123.45609">
        <ele>586.21</ele>
      </trkpt>
      <trkpt lat="47.76843" lon="-123.45613">
        <ele>586.0</ele>
      </trkpt>
      <trkpt lat="47.76834" lon="-123.45617">
        <ele>586.0</ele>
      </trkpt>
      <trkpt lat="47.76825" lon="-123.45621">
        <ele>586.0</ele>
      </trkpt>
      <trkpt lat="47.76817" lon="-123.45624">
        <ele>586.76</ele>
      </trkpt>
      <trkpt lat="47.76808" lon="-123.45628">
        <ele>587.13</ele>
      </trkpt>
      <trkpt lat="47.76799" lon="-123.45632">
        <ele>587.71</ele>
      </trkpt>
      <trkpt lat="47.7679" lon="-123.45635">
        <ele>588.68</ele>
      </trkpt>
      <trkpt lat="47.76781" lon="-123.45639">
        <ele>589.65</ele>
      </trkpt>
      <trkpt lat="47.76773" lon="-123.45641">
        <ele>590.52</ele>
      </trkpt>
      <trkpt lat="47.76764" lon="-123.45644">
        <ele>591.71</ele>
      </trkpt>
      <trkpt lat="47.76755" lon="-123.45645">
        <ele>592.8</ele>
      </trkpt>
      <trkpt lat="47.76746" lon="-123.45646">
        <ele>593.56</ele>
      </trkpt>
      <trkpt lat="47.76737" lon="-123.45646">
        <ele>594.4</ele>
      </trkpt>
      <trkpt lat="47.76728" lon="-123.45646">
        <ele>595.38</ele>
      </trkpt>
      <trkpt lat="47.76719" lon="-123.45645">
        <ele>596.12</ele>
      </trkpt>
      <trkpt lat="47.7671" lon="-123.45644">
        <ele>596.62</ele>
      </trkpt>
      <trkpt lat="47.76701" lon="-123.45643">
        <ele>597.16</ele>
      </trkpt>
      <trkpt lat="47.76692" lon="-123.45642">
        <ele>597.66</ele>
      </trkpt>
      <trkpt lat="47.76683" lon="-123.45641">
        <ele>597.83</ele>
      </trkpt>
      <trkpt lat="47.76674" lon="-123.4564">
        <ele>598.0</ele>
      </trkpt>
      <trkpt lat="47.76665" lon="-123.45639">
        <ele>598.0</ele>
      </trkpt>
      <trkpt lat="47.76656" lon="-123.45638">
        <ele>598.1</ele>
      </trkpt>
      <trkpt lat="47.76647" lon="-123.45637">
        <ele>598.18</ele>
      </trkpt>
      <trkpt lat="47.76638" lon="-123.45636">
        <ele>598.0</ele>
      </trkpt>
      <trkpt lat="47.76629" lon="-123.45634">
        <ele>598.0</ele>
      </trkpt>
      <trkpt lat="47.76621" lon="-123.45633">
        <ele>598.0</ele>
      </trkpt>
      <trkpt lat="47.76612" lon="-123.45631">
        <ele>597.87</ele>
      </trkpt>
      <trkpt lat="47.76603" lon="-123.45629">
        <ele>597.18</ele>
      </trkpt>
      <trkpt lat="47.76594" lon="-123.45626">
        <ele>597.39</ele>
      </trkpt>
      <trkpt lat="47.76585" lon="-123.45624">
        <ele>597.11</ele>
      </trkpt>
      <trkpt lat="47.76576" lon="-123.45622">
        <ele>597.0</ele>
      </trkpt>
      <trkpt lat="47.76567" lon="-123.45619">
        <ele>597.15</ele>
      </trkpt>
      <trkpt lat="47.76559" lon="-123.45617">
        <ele>597.36</ele>
      </trkpt>
      <trkpt lat="47.7655" lon="-123.45615">
        <ele>597.58</ele>
      </trkpt>
      <trkpt lat="47.76541" lon="-123.45613">
        <ele>597.34</ele>
      </trkpt>
      <trkpt lat="47.76532" lon="-123.45612">
        <ele>597.0</ele>
      </trkpt>
      <trkpt lat="47.76523" lon="-123.45611">
        <ele>597.01</ele>
      </trkpt>
      <trkpt lat="47.76514" lon="-123.4561">
        <ele>597.0</ele>
      </trkpt>
      <trkpt lat="47.76505" lon="-123.45608">
        <ele>597.0</ele>
      </trkpt>
      <trkpt lat="47.76496" lon="-123.45608">
        <ele>597.0</ele>
      </trkpt>
      <trkpt lat="47.76487" lon="-123.45607">
        <ele>597.0</ele>
      </trkpt>
      <trkpt lat="47.76478" lon="-123.45606">
        <ele>597.0</ele>
      </trkpt>
      <trkpt lat="47.76469" lon="-123.45606">
        <ele>597.0</ele>
      </trkpt>
      <trkpt lat="47.7646" lon="-123.45605">
        <ele>597.0</ele>
      </trkpt>
      <trkpt lat="47.76451" lon="-123.45604">
        <ele>597.22</ele>
      </trkpt>
      <trkpt lat="47.76442" lon="-123.45603">
        <ele>597.88</ele>
      </trkpt>
      <trkpt lat="47.76433" lon="-123.45602">
        <ele>597.98</ele>
      </trkpt>
      <trkpt lat="47.76424" lon="-123.45599">
        <ele>598.0</ele>
      </trkpt>
      <trkpt lat="47.76416" lon="-123.45594">
        <ele>598.0</ele>
      </trkpt>
      <trkpt lat="47.76409" lon="-123.45587">
        <ele>598.6</ele>
      </trkpt>
      <trkpt lat="47.76402" lon="-123.45578">
        <ele>599.0</ele>
      </trkpt>
      <trkpt lat="47.76396" lon="-123.45568">
        <ele>599.66</ele>
      </trkpt>
      <trkpt lat="47.76391" lon="-123.45557">
        <ele>600.0</ele>
      </trkpt>
      <trkpt lat="47.76385" lon="-123.45546">
        <ele>601.02</ele>
      </trkpt>
      <trkpt lat="47.76381" lon="-123.45535">
        <ele>601.34</ele>
      </trkpt>
      <trkpt lat="47.76376" lon="-123.45523">
        <ele>602.31</ele>
      </trkpt>
      <trkpt lat="47.76371" lon="-123.45512">
        <ele>602.72</ele>
      </trkpt>
      <trkpt lat="47.76366" lon="-123.45501">
        <ele>603.89</ele>
      </trkpt>
      <trkpt lat="47.7636" lon="-123.45491">
        <ele>604.85</ele>
      </trkpt>
      <trkpt lat="47.76355" lon="-123.4548">
        <ele>605.16</ele>
      </trkpt>
      <trkpt lat="47.76349" lon="-123.4547">
        <ele>606.24</ele>
      </trkpt>
      <trkpt lat="47.76343" lon="-123.4546">
        <ele>607.32</ele>
      </trkpt>
      <trkpt lat="47.76337" lon="-123.4545">
        <ele>607.8</ele>
      </trkpt>
      <trkpt lat="47.76331" lon="-123.4544">
        <ele>608.48</ele>
      </trkpt>
      <trkpt lat="47.76325" lon="-123.4543">
        <ele>609.56</ele>
      </trkpt>
      <trkpt lat="47.76319" lon="-123.4542">
        <ele>610.64</ele>
      </trkpt>
      <trkpt lat="47.76313" lon="-123.4541">
        <ele>611.52</ele>
      </trkpt>
      <trkpt lat="47.76306" lon="-123.45403">
        <ele>612.0</ele>
      </trkpt>
      <trkpt lat="47.76297" lon="-123.45398">
        <ele>612.11</ele>
      </trkpt>
      <trkpt lat="47.76288" lon="-123.45395">
        <ele>611.78</ele>
      </trkpt>
      <trkpt lat="47.76281" lon="-123.45396">
        <ele>610.66</ele>
      </trkpt>
      <trkpt lat="47.76275" lon="-123.45403">
        <ele>609.18</ele>
      </trkpt>
      <trkpt lat="47.76269" lon="-123.4541">
        <ele>607.77</ele>
      </trkpt>
      <trkpt lat="47.76262" lon="-123.45418">
        <ele>606.15</ele>
      </trkpt>
      <trkpt lat="47.76253" lon="-123.45423">
        <ele>604.64</ele>
      </trkpt>
      <trkpt lat="47.76247" lon="-123.4542">
        <ele>604.64</ele>
      </trkpt>
      <trkpt lat="47.76241" lon="-123.45413">
        <ele>605.4</ele>
      </trkpt>
      <trkpt lat="47.76237" lon="-123.45404">
        <ele>607.43</ele>
      </trkpt>
      <trkpt lat="47.76233" lon="-123.45393">
        <ele>608.76</ele>
      </trkpt>
      <trkpt lat="47.76231" lon="-123.45378">
        <ele>610.16</ele>
      </trkpt>
      <trkpt lat="47.76228" lon="-123.45366">
        <ele>611.6</ele>
      </trkpt>
      <trkpt lat="47.76222" lon="-123.45359">
        <ele>614.08</ele>
      </trkpt>
      <trkpt lat="47.76218" lon="-123.45365">
        <ele>614.95</ele>
      </trkpt>
      <trkpt lat="47.76217" lon="-123.45378">
        <ele>614.23</ele>
      </trkpt>
      <trkpt lat="47.76216" lon="-123.45387">
        <ele>614.34</ele>
      </trkpt>
      <trkpt lat="47.76215" lon="-123.45399">
        <ele>613.69</ele>
      </trkpt>
      <trkpt lat="47.76213" lon="-123.4541">
        <ele>612.72</ele>
      </trkpt>
      <trkpt lat="47.76208" lon="-123.45418">
        <ele>611.78</ele>
      </trkpt>
      <trkpt lat="47.762" lon="-123.45423">
        <ele>610.51</ele>
      </trkpt>
      <trkpt lat="47.76191" lon="-123.45426">
        <ele>610.74</ele>
      </trkpt>
      <trkpt lat="47.76182" lon="-123.45428">
        <ele>613.38</ele>
      </trkpt>
      <trkpt lat="47.76173" lon="-123.4543">
        <ele>617.26</ele>
      </trkpt>
      <trkpt lat="47.76164" lon="-123.45432">
        <ele>620.96</ele>
      </trkpt>
      <trkpt lat="47.76155" lon="-123.45434">
        <ele>623.91</ele>
      </trkpt>
      <trkpt lat="47.76146" lon="-123.45436">
        <ele>626.46</ele>
      </trkpt>
      <trkpt lat="47.76137" lon="-123.45438">
        <ele>628.35</ele>
      </trkpt>
      <trkpt lat="47.76129" lon="-123.4544">
        <ele>629.62</ele>
      </trkpt>
      <trkpt lat="47.7612" lon="-123.45443">
        <ele>631.24</ele>
      </trkpt>
      <trkpt lat="47.76111" lon="-123.45445">
        <ele>632.89</ele>
      </trkpt>
      <trkpt lat="47.76102" lon="-123.45447">
        <ele>633.7</ele>
      </trkpt>
      <trkpt lat="47.76093" lon="-123.4545">
        <ele>634.36</ele>
      </trkpt>
      <trkpt lat="47.76085" lon="-123.45454">
        <ele>634.79</ele>
      </trkpt>
      <trkpt lat="47.76076" lon="-123.45459">
        <ele>635.22</ele>
      </trkpt>
      <trkpt lat="47.76068" lon="-123.45464">
        <ele>635.47</ele>
      </trkpt>
      <trkpt lat="47.7606" lon="-123.4547">
        <ele>634.88</ele>
      </trkpt>
      <trkpt lat="47.76051" lon="-123.45473">
        <ele>635.37</ele>
      </trkpt>
      <trkpt lat="47.76042" lon="-123.45476">
        <ele>635.65</ele>
      </trkpt>
      <trkpt lat="47.76033" lon="-123.45478">
        <ele>636.02</ele>
      </trkpt>
      <trkpt lat="47.76025" lon="-123.45482">
        <ele>635.9</ele>
      </trkpt>
      <trkpt lat="47.76017" lon="-123.45487">
        <ele>635.47</ele>
      </trkpt>
      <trkpt lat="47.76009" lon="-123.45493">
        <ele>634.78</ele>
      </trkpt>
      <trkpt lat="47.76001" lon="-123.455">
        <ele>634.0</ele>
      </trkpt>
      <trkpt lat="47.75994" lon="-123.45507">
        <ele>633.4</ele>
      </trkpt>
      <trkpt lat="47.75987" lon="-123.45516">
        <ele>632.38</ele>
      </trkpt>
      <trkpt lat="47.7598" lon="-123.45525">
        <ele>631.3</ele>
      </trkpt>
      <trkpt lat="47.75974" lon="-123.45535">
        <ele>629.59</ele>
      </trkpt>
      <trkpt lat="47.75968" lon="-123.45545">
        <ele>628.14</ele>
      </trkpt>
      <trkpt lat="47.75963" lon="-123.45556">
        <ele>626.95</ele>
      </trkpt>
      <trkpt lat="47.75957" lon="-123.45567">
        <ele>625.76</ele>
      </trkpt>
      <trkpt lat="47.75952" lon="-123.45578">
        <ele>624.39</ele>
      </trkpt>
      <trkpt lat="47.75947" lon="-123.45589">
        <ele>623.11</ele>
      </trkpt>
      <trkpt lat="47.75942" lon="-123.45599">
        <ele>622.23</ele>
      </trkpt>
      <trkpt lat="47.75936" lon="-123.4561">
        <ele>621.12</ele>
      </trkpt>
      <trkpt lat="47.75931" lon="-123.45621">
        <ele>620.0</ele>
      </trkpt>
      <trkpt lat="47.75926" lon="-123.45632">
        <ele>619.74</ele>
      </trkpt>
      <trkpt lat="47.75921" lon="-123.45643">
        <ele>619.3</ele>
      </trkpt>
      <trkpt lat="47.75915" lon="-123.45654">
        <ele>619.07</ele>
      </trkpt>
      <trkpt lat="47.7591" lon="-123.45665">
        <ele>618.77</ele>
      </trkpt>
      <trkpt lat="47.75905" lon="-123.45676">
        <ele>619.26</ele>
      </trkpt>
      <trkpt lat="47.759" lon="-123.45687">
        <ele>619.96</ele>
      </trkpt>
      <trkpt lat="47.75895" lon="-123.45698">
        <ele>621.34</ele>
      </trkpt>
      <trkpt lat="47.7589" lon="-123.45709">
        <ele>621.88</ele>
      </trkpt>
      <trkpt lat="47.75884" lon="-123.4572">
        <ele>622.93</ele>
      </trkpt>
      <trkpt lat="47.75879" lon="-123.45731">
        <ele>624.13</ele>
      </trkpt>
      <trkpt lat="47.75874" lon="-123.45742">
        <ele>625.35</ele>
      </trkpt>
      <trkpt lat="47.75869" lon="-123.45752">
        <ele>627.3</ele>
      </trkpt>
      <trkpt lat="47.75864" lon="-123.45763">
        <ele>628.38</ele>
      </trkpt>
      <trkpt lat="47.75859" lon="-123.45774">
        <ele>629.46</ele>
      </trkpt>
      <trkpt lat="47.75853" lon="-123.45784">
        <ele>630.75</ele>
      </trkpt>
      <trkpt lat="47.75847" lon="-123.45794">
        <ele>632.05</ele>
      </trkpt>
      <trkpt lat="47.75842" lon="-123.45805">
        <ele>632.18</ele>
      </trkpt>
      <trkpt lat="47.75836" lon="-123.45815">
        <ele>632.71</ele>
      </trkpt>
      <trkpt lat="47.7583" lon="-123.45825">
        <ele>633.68</ele>
      </trkpt>
      <trkpt lat="47.75824" lon="-123.45835">
        <ele>634.01</ele>
      </trkpt>
      <trkpt lat="47.75818" lon="-123.45844">
        <ele>634.5</ele>
      </trkpt>
      <trkpt lat="47.75812" lon="-123.45854">
        <ele>634.14</ele>
      </trkpt>
      <trkpt lat="47.75806" lon="-123.45864">
        <ele>634.61</ele>
      </trkpt>
      <trkpt lat="47.75799" lon="-123.45874">
        <ele>634.32</ele>
      </trkpt>
      <trkpt lat="47.75793" lon="-123.45884">
        <ele>633.88</ele>
      </trkpt>
      <trkpt lat="47.75787" lon="-123.45893">
        <ele>633.56</ele>
      </trkpt>
      <trkpt lat="47.75781" lon="-123.45903">
        <ele>633.96</ele>
      </trkpt>
      <trkpt lat="47.75774" lon="-123.45912">
        <ele>633.91</ele>
      </trkpt>
      <trkpt lat="47.75768" lon="-123.45922">
        <ele>633.45</ele>
      </trkpt>
      <trkpt lat="47.75762" lon="-123.45931">
        <ele>632.29</ele>
      </trkpt>
      <trkpt lat="47.75755" lon="-123.45941">
        <ele>631.54</ele>
      </trkpt>
      <trkpt lat="47.75749" lon="-123.4595">
        <ele>629.91</ele>
      </trkpt>
      <trkpt lat="47.75744" lon="-123.4596">
        <ele>628.29</ele>
      </trkpt>
      <trkpt lat="47.75738" lon="-123.45971">
        <ele>626.56</ele>
      </trkpt>
      <trkpt lat="47.75732" lon="-123.45981">
        <ele>625.05</ele>
      </trkpt>
      <trkpt lat="47.75726" lon="-123.45991">
        <ele>624.58</ele>
      </trkpt>
      <trkpt lat="47.7572" lon="-123.46001">
        <ele>625.45</ele>
      </trkpt>
      <trkpt lat="47.75715" lon="-123.46012">
        <ele>625.71</ele>
      </trkpt>
      <trkpt lat="47.75709" lon="-123.46022">
        <ele>626.05</ele>
      </trkpt>
      <trkpt lat="47.75703" lon="-123.46032">
        <ele>626.12</ele>
      </trkpt>
      <trkpt lat="47.75697" lon="-123.46043">
        <ele>626.72</ele>
      </trkpt>
      <trkpt lat="47.75691" lon="-123.46052">
        <ele>626.76</ele>
      </trkpt>
      <trkpt lat="47.75685" lon="-123.46062">
        <ele>627.02</ele>
      </trkpt>
      <trkpt lat="47.75679" lon="-123.46072">
        <ele>626.89</ele>
      </trkpt>
      <trkpt lat="47.75673" lon="-123.46082">
        <ele>626.46</ele>
      </trkpt>
      <trkpt lat="47.75667" lon="-123.46093">
        <ele>626.92</ele>
      </trkpt>
      <trkpt lat="47.75662" lon="-123.46103">
        <ele>626.38</ele>
      </trkpt>
      <trkpt lat="47.75657" lon="-123.46114">
        <ele>626.04</ele>
      </trkpt>
      <trkpt lat="47.75652" lon="-123.46126">
        <ele>625.98</ele>
      </trkpt>
      <trkpt lat="47.75647" lon="-123.46137">
        <ele>625.33</ele>
      </trkpt>
      <trkpt lat="47.75642" lon="-123.46149">
        <ele>624.6</ele>
      </trkpt>
      <trkpt lat="47.75638" lon="-123.46161">
        <ele>624.06</ele>
      </trkpt>
      <trkpt lat="47.75634" lon="-123.46173">
        <ele>623.32</ele>
      </trkpt>
      <trkpt lat="47.7563" lon="-123.46184">
        <ele>622.97</ele>
      </trkpt>
      <trkpt lat="47.75626" lon="-123.46196">
        <ele>622.0</ele>
      </trkpt>
      <trkpt lat="47.75622" lon="-123.46208">
        <ele>621.92</ele>
      </trkpt>
      <trkpt lat="47.75618" lon="-123.4622">
        <ele>621.43</ele>
      </trkpt>
      <trkpt lat="47.75614" lon="-123.46232">
        <ele>621.0</ele>
      </trkpt>
      <trkpt lat="47.7561" lon="-123.46244">
        <ele>621.12</ele>
      </trkpt>
      <trkpt lat="47.75606" lon="-123.46257">
        <ele>621.13</ele>
      </trkpt>
      <trkpt lat="47.75602" lon="-123.46269">
        <ele>621.0</ele>
      </trkpt>
      <trkpt lat="47.75599" lon="-123.46281">
        <ele>621.0</ele>
      </trkpt>
      <trkpt lat="47.75595" lon="-123.46293">
        <ele>621.0</ele>
      </trkpt>
      <trkpt lat="47.75592" lon="-123.46305">
        <ele>621.0</ele>
      </trkpt>
      <trkpt lat="47.75588" lon="-123.46317">
        <ele>620.88</ele>
      </trkpt>
      <trkpt lat="47.75584" lon="-123.4633">
        <ele>620.93</ele>
      </trkpt>
      <trkpt lat="47.7558" lon="-123.46342">
        <ele>620.4</ele>
      </trkpt>
      <trkpt lat="47.75576" lon="-123.46354">
        <ele>620.0</ele>
      </trkpt>
      <trkpt lat="47.75573" lon="-123.46366">
        <ele>620.05</ele>
      </trkpt>
      <trkpt lat="47.75569" lon="-123.46378">
        <ele>620.0</ele>
      </trkpt>
      <trkpt lat="47.75565" lon="-123.4639">
        <ele>620.0</ele>
      </trkpt>
      <trkpt lat="47.75561" lon="-123.46402">
        <ele>620.0</ele>
      </trkpt>
      <trkpt lat="47.75557" lon="-123.46413">
        <ele>620.0</ele>
      </trkpt>
      <trkpt lat="47.75553" lon="-123.46425">
        <ele>620.0</ele>
      </trkpt>
      <trkpt lat="47.75549" lon="-123.46437">
        <ele>620.0</ele>
      </trkpt>
      <trkpt lat="47.75545" lon="-123.46449">
        <ele>620.0</ele>
      </trkpt>
      <trkpt lat="47.7554" lon="-123.46461">
        <ele>620.0</ele>
      </trkpt>
      <trkpt lat="47.75536" lon="-123.46473">
        <ele>620.0</ele>
      </trkpt>
      <trkpt lat="47.75532" lon="-123.46485">
        <ele>619.83</ele>
      </trkpt>
      <trkpt lat="47.75528" lon="-123.46497">
        <ele>619.32</ele>
      </trkpt>
      <trkpt lat="47.75524" lon="-123.46509">
        <ele>619.01</ele>
      </trkpt>
      <trkpt lat="47.7552" lon="-123.46521">
        <ele>618.96</ele>
      </trkpt>
      <trkpt lat="47.75516" lon="-123.46533">
        <ele>618.59</ele>
      </trkpt>
      <trkpt lat="47.75512" lon="-123.46544">
        <ele>618.17</ele>
      </trkpt>
      <trkpt lat="47.75507" lon="-123.46556">
        <ele>617.95</ele>
      </trkpt>
      <trkpt lat="47.75502" lon="-123.46567">
        <ele>617.0</ele>
      </trkpt>
      <trkpt lat="47.75498" lon="-123.46578">
        <ele>616.67</ele>
      </trkpt>
      <trkpt lat="47.75493" lon="-123.46589">
        <ele>616.29</ele>
      </trkpt>
      <trkpt lat="47.75488" lon="-123.466">
        <ele>616.0</ele>
      </trkpt>
      <trkpt lat="47.75482" lon="-123.46611">
        <ele>615.01</ele>
      </trkpt>
      <trkpt lat="47.75477" lon="-123.46622">
        <ele>614.82</ele>
      </trkpt>
      <trkpt lat="47.75472" lon="-123.46633">
        <ele>614.0</ele>
      </trkpt>
      <trkpt lat="47.75467" lon="-123.46644">
        <ele>613.45</ele>
      </trkpt>
      <trkpt lat="47.75462" lon="-123.46655">
        <ele>612.92</ele>
      </trkpt>
      <trkpt lat="47.75457" lon="-123.46666">
        <ele>612.03</ele>
      </trkpt>
      <trkpt lat="47.75452" lon="-123.46676">
        <ele>611.0</ele>
      </trkpt>
      <trkpt lat="47.75446" lon="-123.46686">
        <ele>610.91</ele>
      </trkpt>
      <trkpt lat="47.7544" lon="-123.46696">
        <ele>610.0</ele>
      </trkpt>
      <trkpt lat="47.75433" lon="-123.46705">
        <ele>609.86</ele>
      </trkpt>
      <trkpt lat="47.75427" lon="-123.46715">
        <ele>609.0</ele>
      </trkpt>
      <trkpt lat="47.7542" lon="-123.46724">
        <ele>609.64</ele>
      </trkpt>
      <trkpt lat="47.75414" lon="-123.46733">
        <ele>609.88</ele>
      </trkpt>
      <trkpt lat="47.75407" lon="-123.46742">
        <ele>610.0</ele>
      </trkpt>
      <trkpt lat="47.754" lon="-123.4675">
        <ele>610.0</ele>
      </trkpt>
      <trkpt lat="47.75393" lon="-123.46758">
        <ele>610.0</ele>
      </trkpt>
      <trkpt lat="47.75385" lon="-123.46765">
        <ele>610.0</ele>
      </trkpt>
      <trkpt lat="47.75377" lon="-123.46772">
        <ele>610.0</ele>
      </trkpt>
      <trkpt lat="47.75368" lon="-123.46779">
        <ele>610.0</ele>
      </trkpt>
      <trkpt lat="47.75362" lon="-123.4679">
        <ele>609.97</ele>
      </trkpt>
      <trkpt lat="47.75356" lon="-123.468">
        <ele>609.82</ele>
      </trkpt>
      <trkpt lat="47.7535" lon="-123.4681">
        <ele>609.52</ele>
      </trkpt>
      <trkpt lat="47.75344" lon="-123.4682">
        <ele>609.0</ele>
      </trkpt>
      <trkpt lat="47.75338" lon="-123.4683">
        <ele>609.0</ele>
      </trkpt>
      <trkpt lat="47.75332" lon="-123.4684">
        <ele>609.0</ele>
      </trkpt>
      <trkpt lat="47.75326" lon="-123.4685">
        <ele>608.83</ele>
      </trkpt>
      <trkpt lat="47.75321" lon="-123.4686">
        <ele>609.0</ele>
      </trkpt>
      <trkpt lat="47.75315" lon="-123.4687">
        <ele>608.98</ele>
      </trkpt>
      <trkpt lat="47.75309" lon="-123.4688">
        <ele>608.63</ele>
      </trkpt>
      <trkpt lat="47.75303" lon="-123.4689">
        <ele>609.0</ele>
      </trkpt>
      <trkpt lat="47.75297" lon="-123.46901">
        <ele>608.98</ele>
      </trkpt>
      <trkpt lat="47.75292" lon="-123.46911">
        <ele>609.28</ele>
      </trkpt>
      <trkpt lat="47.75286" lon="-123.46921">
        <ele>609.11</ele>
      </trkpt>
      <trkpt lat="47.7528" lon="-123.46931">
        <ele>609.76</ele>
      </trkpt>
      <trkpt lat="47.75274" lon="-123.46942">
        <ele>610.41</ele>
      </trkpt>
      <trkpt lat="47.75268" lon="-123.46952">
        <ele>610.29</ele>
      </trkpt>
      <trkpt lat="47.75263" lon="-123.46963">
        <ele>610.6</ele>
      </trkpt>
      <trkpt lat="47.75258" lon="-123.46975">
        <ele>611.23</ele>
      </trkpt>
      <trkpt lat="47.75254" lon="-123.46987">
        <ele>611.31</ele>
      </trkpt>
      <trkpt lat="47.75249" lon="-123.46998">
        <ele>611.32</ele>
      </trkpt>
      <trkpt lat="47.75244" lon="-123.4701">
        <ele>610.65</ele>
      </trkpt>
      <trkpt lat="47.75239" lon="-123.4702">
        <ele>610.84</ele>
      </trkpt>
      <trkpt lat="47.75234" lon="-123.47029">
        <ele>609.96</ele>
      </trkpt>
      <trkpt lat="47.75227" lon="-123.47038">
        <ele>609.9</ele>
      </trkpt>
      <trkpt lat="47.7522" lon="-123.47046">
        <ele>609.03</ele>
      </trkpt>
      <trkpt lat="47.75212" lon="-123.47054">
        <ele>609.0</ele>
      </trkpt>
      <trkpt lat="47.75205" lon="-123.47061">
        <ele>608.92</ele>
      </trkpt>
      <trkpt lat="47.75197" lon="-123.47069">
        <ele>608.88</ele>
      </trkpt>
      <trkpt lat="47.7519" lon="-123.47076">
        <ele>609.48</ele>
      </trkpt>
      <trkpt lat="47.75182" lon="-123.47084">
        <ele>610.27</ele>
      </trkpt>
      <trkpt lat="47.75175" lon="-123.47091">
        <ele>610.45</ele>
      </trkpt>
      <trkpt lat="47.75167" lon="-123.47098">
        <ele>612.33</ele>
      </trkpt>
      <trkpt lat="47.7516" lon="-123.47105">
        <ele>613.82</ele>
      </trkpt>
      <trkpt lat="47.75152" lon="-123.47112">
        <ele>616.14</ele>
      </trkpt>
      <trkpt lat="47.75144" lon="-123.47119">
        <ele>618.47</ele>
      </trkpt>
      <trkpt lat="47.75136" lon="-123.47125">
        <ele>621.56</ele>
      </trkpt>
      <trkpt lat="47.75128" lon="-123.47131">
        <ele>624.71</ele>
      </trkpt>
      <trkpt lat="47.7512" lon="-123.47137">
        <ele>627.6</ele>
      </trkpt>
      <trkpt lat="47.75112" lon="-123.47143">
        <ele>630.67</ele>
      </trkpt>
      <trkpt lat="47.75104" lon="-123.47149">
        <ele>633.68</ele>
      </trkpt>
      <trkpt lat="47.75096" lon="-123.47155">
        <ele>636.68</ele>
      </trkpt>
      <trkpt lat="47.75088" lon="-123.47161">
        <ele>639.7</ele>
      </trkpt>
      <trkpt lat="47.7508" lon="-123.47167">
        <ele>642.73</ele>
      </trkpt>
      <trkpt lat="47.75071" lon="-123.47172">
        <ele>646.32</ele>
      </trkpt>
      <trkpt lat="47.75063" lon="-123.47176">
        <ele>649.16</ele>
      </trkpt>
      <trkpt lat="47.75054" lon="-123.47181">
        <ele>653.2</ele>
      </trkpt>
      <trkpt lat="47.75046" lon="-123.47186">
        <ele>655.9</ele>
      </trkpt>
      <trkpt lat="47.75038" lon="-123.47192">
        <ele>658.27</ele>
      </trkpt>
      <trkpt lat="47.75031" lon="-123.472">
        <ele>660.11</ele>
      </trkpt>
      <trkpt lat="47.75024" lon="-123.47208">
        <ele>661.18</ele>
      </trkpt>
      <trkpt lat="47.75017" lon="-123.47217">
        <ele>661.51</ele>
      </trkpt>
      <trkpt lat="47.75013" lon="-123.47303">
        <ele>635.21</ele>
      </trkpt>
      <trkpt lat="47.75007" lon="-123.47308">
        <ele>635.68</ele>
      </trkpt>
      <trkpt lat="47.74976" lon="-123.47357">
        <ele>631.11</ele>
      </trkpt>
      <trkpt lat="47.74945" lon="-123.47405">
        <ele>628.1</ele>
      </trkpt>
      <trkpt lat="47.74896" lon="-123.47444">
        <ele>630.55</ele>
      </trkpt>
      <trkpt lat="47.74847" lon="-123.47483">
        <ele>634.05</ele>
      </trkpt>
      <trkpt lat="47.74775" lon="-123.47513">
        <ele>650.09</ele>
      </trkpt>
      <trkpt lat="47.74735" lon="-123.47562">
        <ele>635.04</ele>
      </trkpt>
      <trkpt lat="47.74694" lon="-123.47611">
        <ele>633.11</ele>
      </trkpt>
      <trkpt lat="47.74634" lon="-123.47689">
        <ele>647.79</ele>
      </trkpt>
      <trkpt lat="47.74613" lon="-123.47777">
        <ele>625.98</ele>
      </trkpt>
      <trkpt lat="47.74593" lon="-123.47865">
        <ele>621.1</ele>
      </trkpt>
      <trkpt lat="47.74585" lon="-123.47886">
        <ele>626.82</ele>
      </trkpt>
      <trkpt lat="47.74573" lon="-123.47952">
        <ele>632.23</ele>
      </trkpt>
      <trkpt lat="47.74562" lon="-123.48018">
        <ele>631.3</ele>
      </trkpt>
      <trkpt lat="47.7455" lon="-123.48083">
        <ele>629.6</ele>
      </trkpt>
      <trkpt lat="47.74539" lon="-123.48149">
        <ele>628.5</ele>
      </trkpt>
      <trkpt lat="47.74527" lon="-123.48215">
        <ele>628.88</ele>
      </trkpt>
      <trkpt lat="47.74516" lon="-123.48281">
        <ele>627.92</ele>
      </trkpt>
      <trkpt lat="47.74504" lon="-123.48346">
        <ele>625.57</ele>
      </trkpt>
      <trkpt lat="47.74493" lon="-123.48412">
        <ele>626.88</ele>
      </trkpt>
      <trkpt lat="47.74481" lon="-123.48478">
        <ele>628.0</ele>
      </trkpt>
      <trkpt lat="47.74461" lon="-123.48541">
        <ele>629.0</ele>
      </trkpt>
      <trkpt lat="47.74441" lon="-123.48604">
        <ele>630.09</ele>
      </trkpt>
      <trkpt lat="47.74421" lon="-123.48667">
        <ele>632.0</ele>
      </trkpt>
      <trkpt lat="47.74401" lon="-123.4873">
        <ele>633.0</ele>
      </trkpt>
      <trkpt lat="47.74382" lon="-123.48793">
        <ele>633.0</ele>
      </trkpt>
      <trkpt lat="47.74362" lon="-123.48856">
        <ele>633.0</ele>
      </trkpt>
      <trkpt lat="47.74342" lon="-123.48919">
        <ele>633.0</ele>
      </trkpt>
      <trkpt lat="47.74322" lon="-123.48982">
        <ele>633.0</ele>
      </trkpt>
      <trkpt lat="47.74302" lon="-123.49045">
        <ele>634.0</ele>
      </trkpt>
      <trkpt lat="47.74292" lon="-123.49118">
        <ele>634.35</ele>
      </trkpt>
      <trkpt lat="47.74283" lon="-123.49191">
        <ele>636.27</ele>
      </trkpt>
      <trkpt lat="47.74273" lon="-123.49264">
        <ele>638.0</ele>
      </trkpt>
      <trkpt lat="47.74263" lon="-123.49337">
        <ele>640.6</ele>
      </trkpt>
      <trkpt lat="47.74254" lon="-123.4941">
        <ele>644.16</ele>
      </trkpt>
      <trkpt lat="47.74244" lon="-123.49483">
        <ele>646.71</ele>
      </trkpt>
      <trkpt lat="47.74242" lon="-123.49558">
        <ele>648.26</ele>
      </trkpt>
      <trkpt lat="47.74239" lon="-123.49632">
        <ele>650.0</ele>
      </trkpt>
      <trkpt lat="47.74237" lon="-123.49707">
        <ele>652.0</ele>
      </trkpt>
      <trkpt lat="47.74234" lon="-123.49782">
        <ele>653.27</ele>
      </trkpt>
      <trkpt lat="47.74232" lon="-123.49857">
        <ele>654.58</ele>
      </trkpt>
      <trkpt lat="47.74229" lon="-123.49931">
        <ele>655.73</ele>
      </trkpt>
      <trkpt lat="47.74227" lon="-123.50006">
        <ele>656.52</ele>
      </trkpt>
      <trkpt lat="47.74195" lon="-123.50075">
        <ele>653.06</ele>
      </trkpt>
      <trkpt lat="47.74163" lon="-123.50143">
        <ele>650.21</ele>
      </trkpt>
      <trkpt lat="47.74152" lon="-123.50208">
        <ele>650.88</ele>
      </trkpt>
      <trkpt lat="47.7414" lon="-123.50272">
        <ele>651.12</ele>
      </trkpt>
      <trkpt lat="47.74129" lon="-123.50337">
        <ele>650.93</ele>
      </trkpt>
      <trkpt lat="47.74117" lon="-123.50401">
        <ele>650.64</ele>
      </trkpt>
      <trkpt lat="47.74106" lon="-123.50466">
        <ele>651.15</ele>
      </trkpt>
      <trkpt lat="47.74094" lon="-123.5053">
        <ele>651.36</ele>
      </trkpt>
      <trkpt lat="47.74083" lon="-123.50596">
        <ele>651.96</ele>
      </trkpt>
      <trkpt lat="47.74073" lon="-123.50661">
        <ele>652.0</ele>
      </trkpt>
      <trkpt lat="47.74062" lon="-123.50727">
        <ele>651.7</ele>
      </trkpt>
      <trkpt lat="47.74051" lon="-123.50793">
        <ele>651.51</ele>
      </trkpt>
      <trkpt lat="47.74041" lon="-123.50858">
        <ele>651.0</ele>
      </trkpt>
      <trkpt lat="47.7403" lon="-123.50924">
        <ele>651.24</ele>
      </trkpt>
      <trkpt lat="47.74005" lon="-123.51001">
        <ele>652.0</ele>
      </trkpt>
      <trkpt lat="47.7398" lon="-123.51079">
        <ele>652.0</ele>
      </trkpt>
      <trkpt lat="47.73955" lon="-123.51156">
        <ele>652.0</ele>
      </trkpt>
      <trkpt lat="47.73941" lon="-123.51223">
        <ele>653.0</ele>
      </trkpt>
      <trkpt lat="47.73926" lon="-123.51291">
        <ele>653.43</ele>
      </trkpt>
      <trkpt lat="47.73912" lon="-123.51358">
        <ele>654.0</ele>
      </trkpt>
      <trkpt lat="47.73898" lon="-123.51425">
        <ele>655.0</ele>
      </trkpt>
      <trkpt lat="47.73883" lon="-123.51493">
        <ele>655.36</ele>
      </trkpt>
      <trkpt lat="47.73869" lon="-123.5156">
        <ele>656.0</ele>
      </trkpt>
      <trkpt lat="47.73857" lon="-123.51632">
        <ele>657.0</ele>
      </trkpt>
      <trkpt lat="47.73846" lon="-123.51705">
        <ele>657.0</ele>
      </trkpt>
      <trkpt lat="47.73834" lon="-123.51777">
        <ele>658.0</ele>
      </trkpt>
      <trkpt lat="47.73823" lon="-123.51849">
        <ele>658.0</ele>
      </trkpt>
      <trkpt lat="47.73811" lon="-123.51921">
        <ele>660.0</ele>
      </trkpt>
      <trkpt lat="47.738" lon="-123.51994">
        <ele>661.0</ele>
      </trkpt>
      <trkpt lat="47.73788" lon="-123.52066">
        <ele>662.0</ele>
      </trkpt>
      <trkpt lat="47.73776" lon="-123.52131">
        <ele>663.0</ele>
      </trkpt>
      <trkpt lat="47.73763" lon="-123.52196">
        <ele>663.4</ele>
      </trkpt>
      <trkpt lat="47.73751" lon="-123.52261">
        <ele>664.0</ele>
      </trkpt>
      <trkpt lat="47.73738" lon="-123.52326">
        <ele>664.77</ele>
      </trkpt>
      <trkpt lat="47.73726" lon="-123.52391">
        <ele>665.0</ele>
      </trkpt>
      <trkpt lat="47.73713" lon="-123.52456">
        <ele>666.0</ele>
      </trkpt>
      <trkpt lat="47.73701" lon="-123.52521">
        <ele>666.0</ele>
      </trkpt>
      <trkpt lat="47.73693" lon="-123.52601">
        <ele>667.0</ele>
      </trkpt>
      <trkpt lat="47.73686" lon="-123.52681">
        <ele>667.59</ele>
      </trkpt>
      <trkpt lat="47.73678" lon="-123.52761">
        <ele>668.0</ele>
      </trkpt>
      <trkpt lat="47.73684" lon="-123.52773">
        <ele>668.0</ele>
      </trkpt>
      <trkpt lat="47.73673" lon="-123.52796">
        <ele>668.0</ele>
      </trkpt>
      <trkpt lat="47.73677" lon="-123.52786">
        <ele>668.1</ele>
      </trkpt>
      <trkpt lat="47.73676" lon="-123.52796">
        <ele>668.01</ele>
      </trkpt>
      <trkpt lat="47.73673" lon="-123.52805">
        <ele>668.64</ele>
      </trkpt>
      <trkpt lat="47.73667" lon="-123.52812">
        <ele>668.71</ele>
      </trkpt>
      <trkpt lat="47.73661" lon="-123.52819">
        <ele>668.66</ele>
      </trkpt>
      <trkpt lat="47.73656" lon="-123.52828">
        <ele>668.85</ele>
      </trkpt>
      <trkpt lat="47.73651" lon="-123.52838">
        <ele>668.66</ele>
      </trkpt>
      <trkpt lat="47.73645" lon="-123.52849">
        <ele>668.9</ele>
      </trkpt>
      <trkpt lat="47.73641" lon="-123.5286">
        <ele>669.0</ele>
      </trkpt>
      <trkpt lat="47.73637" lon="-123.52873">
        <ele>669.0</ele>
      </trkpt>
      <trkpt lat="47.73633" lon="-123.52885">
        <ele>669.0</ele>
      </trkpt>
      <trkpt lat="47.73629" lon="-123.52896">
        <ele>669.0</ele>
      </trkpt>
      <trkpt lat="47.73625" lon="-123.52908">
        <ele>669.0</ele>
      </trkpt>
      <trkpt lat="47.7362" lon="-123.52919">
        <ele>669.0</ele>
      </trkpt>
      <trkpt lat="47.73615" lon="-123.5293">
        <ele>669.0</ele>
      </trkpt>
      <trkpt lat="47.7361" lon="-123.52942">
        <ele>669.0</ele>
      </trkpt>
      <trkpt lat="47.73605" lon="-123.52953">
        <ele>669.0</ele>
      </trkpt>
      <trkpt lat="47.736" lon="-123.52963">
        <ele>669.0</ele>
      </trkpt>
      <trkpt lat="47.73595" lon="-123.52974">
        <ele>669.0</ele>
      </trkpt>
      <trkpt lat="47.73589" lon="-123.52984">
        <ele>669.0</ele>
      </trkpt>
      <trkpt lat="47.73584" lon="-123.52995">
        <ele>669.0</ele>
      </trkpt>
      <trkpt lat="47.73578" lon="-123.53006">
        <ele>669.65</ele>
      </trkpt>
      <trkpt lat="47.73574" lon="-123.53018">
        <ele>670.0</ele>
      </trkpt>
      <trkpt lat="47.73569" lon="-123.53029">
        <ele>670.0</ele>
      </trkpt>
      <trkpt lat="47.73565" lon="-123.53041">
        <ele>670.0</ele>
      </trkpt>
      <trkpt lat="47.7356" lon="-123.53052">
        <ele>670.0</ele>
      </trkpt>
      <trkpt lat="47.73555" lon="-123.53063">
        <ele>670.8</ele>
      </trkpt>
      <trkpt lat="47.73549" lon="-123.53074">
        <ele>671.0</ele>
      </trkpt>
      <trkpt lat="47.73544" lon="-123.53085">
        <ele>671.0</ele>
      </trkpt>
      <trkpt lat="47.73539" lon="-123.53095">
        <ele>671.0</ele>
      </trkpt>
      <trkpt lat="47.73534" lon="-123.53106">
        <ele>671.45</ele>
      </trkpt>
      <trkpt lat="47.73528" lon="-123.53116">
        <ele>672.0</ele>
      </trkpt>
      <trkpt lat="47.73522" lon="-123.53126">
        <ele>672.0</ele>
      </trkpt>
      <trkpt lat="47.73516" lon="-123.53136">
        <ele>672.0</ele>
      </trkpt>
      <trkpt lat="47.7351" lon="-123.53146">
        <ele>672.0</ele>
      </trkpt>
      <trkpt lat="47.73504" lon="-123.53156">
        <ele>672.85</ele>
      </trkpt>
      <trkpt lat="47.73499" lon="-123.53166">
        <ele>673.0</ele>
      </trkpt>
      <trkpt lat="47.73493" lon="-123.53177">
        <ele>673.12</ele>
      </trkpt>
      <trkpt lat="47.73487" lon="-123.53187">
        <ele>674.0</ele>
      </trkpt>
      <trkpt lat="47.73481" lon="-123.53197">
        <ele>674.28</ele>
      </trkpt>
      <trkpt lat="47.73476" lon="-123.53208">
        <ele>675.0</ele>
      </trkpt>
      <trkpt lat="47.7347" lon="-123.53218">
        <ele>675.0</ele>
      </trkpt>
      <trkpt lat="47.73464" lon="-123.53229">
        <ele>675.73</ele>
      </trkpt>
      <trkpt lat="47.73459" lon="-123.53239">
        <ele>676.0</ele>
      </trkpt>
      <trkpt lat="47.73453" lon="-123.5325">
        <ele>677.0</ele>
      </trkpt>
      <trkpt lat="47.73448" lon="-123.53261">
        <ele>677.07</ele>
      </trkpt>
      <trkpt lat="47.73442" lon="-123.53271">
        <ele>677.27</ele>
      </trkpt>
      <trkpt lat="47.73437" lon="-123.53282">
        <ele>678.0</ele>
      </trkpt>
      <trkpt lat="47.73432" lon="-123.53293">
        <ele>678.64</ele>
      </trkpt>
      <trkpt lat="47.73427" lon="-123.53304">
        <ele>679.0</ele>
      </trkpt>
      <trkpt lat="47.73422" lon="-123.53316">
        <ele>679.13</ele>
      </trkpt>
      <trkpt lat="47.73417" lon="-123.53327">
        <ele>680.0</ele>
      </trkpt>
      <trkpt lat="47.73413" lon="-123.53339">
        <ele>680.0</ele>
      </trkpt>
      <trkpt lat="47.73409" lon="-123.53351">
        <ele>680.16</ele>
      </trkpt>
      <trkpt lat="47.73406" lon="-123.53364">
        <ele>680.9</ele>
      </trkpt>
      <trkpt lat="47.73403" lon="-123.53376">
        <ele>681.0</ele>
      </trkpt>
      <trkpt lat="47.734" lon="-123.53389">
        <ele>681.0</ele>
      </trkpt>
      <trkpt lat="47.73397" lon="-123.53402">
        <ele>681.0</ele>
      </trkpt>
      <trkpt lat="47.73394" lon="-123.53415">
        <ele>681.0</ele>
      </trkpt>
      <trkpt lat="47.73391" lon="-123.53427">
        <ele>681.23</ele>
      </trkpt>
      <trkpt lat="47.73389" lon="-123.5344">
        <ele>681.01</ele>
      </trkpt>
      <trkpt lat="47.73386" lon="-123.53452">
        <ele>681.56</ele>
      </trkpt>
      <trkpt lat="47.73382" lon="-123.53464">
        <ele>681.34</ele>
      </trkpt>
      <trkpt lat="47.73379" lon="-123.53476">
        <ele>681.93</ele>
      </trkpt>
      <trkpt lat="47.73373" lon="-123.53487">
        <ele>681.71</ele>
      </trkpt>
      <trkpt lat="47.73368" lon="-123.53498">
        <ele>681.74</ele>
      </trkpt>
      <trkpt lat="47.73363" lon="-123.53508">
        <ele>681.89</ele>
      </trkpt>
      <trkpt lat="47.73358" lon="-123.53519">
        <ele>682.0</ele>
      </trkpt>
      <trkpt lat="47.73352" lon="-123.5353">
        <ele>682.0</ele>
      </trkpt>
      <trkpt lat="47.73347" lon="-123.53541">
        <ele>682.0</ele>
      </trkpt>
      <trkpt lat="47.73342" lon="-123.53552">
        <ele>682.0</ele>
      </trkpt>
      <trkpt lat="47.73337" lon="-123.53563">
        <ele>682.0</ele>
      </trkpt>
      <trkpt lat="47.73332" lon="-123.53574">
        <ele>682.0</ele>
      </trkpt>
      <trkpt lat="47.73327" lon="-123.53585">
        <ele>682.18</ele>
      </trkpt>
      <trkpt lat="47.73322" lon="-123.53596">
        <ele>683.0</ele>
      </trkpt>
      <trkpt lat="47.73317" lon="-123.53607">
        <ele>683.0</ele>
      </trkpt>
      <trkpt lat="47.73312" lon="-123.53618">
        <ele>683.0</ele>
      </trkpt>
      <trkpt lat="47.73307" lon="-123.5363">
        <ele>684.0</ele>
      </trkpt>
      <trkpt lat="47.73302" lon="-123.53641">
        <ele>684.32</ele>
      </trkpt>
      <trkpt lat="47.73297" lon="-123.53652">
        <ele>686.79</ele>
      </trkpt>
      <trkpt lat="47.73292" lon="-123.53663">
        <ele>690.28</ele>
      </trkpt>
      <trkpt lat="47.73287" lon="-123.53673">
        <ele>694.06</ele>
      </trkpt>
      <trkpt lat="47.73281" lon="-123.53684">
        <ele>698.27</ele>
      </trkpt>
      <trkpt lat="47.73275" lon="-123.53694">
        <ele>701.2</ele>
      </trkpt>
      <trkpt lat="47.73269" lon="-123.53704">
        <ele>704.09</ele>
      </trkpt>
      <trkpt lat="47.73264" lon="-123.53714">
        <ele>707.22</ele>
      </trkpt>
      <trkpt lat="47.73258" lon="-123.53724">
        <ele>709.71</ele>
      </trkpt>
      <trkpt lat="47.73251" lon="-123.53733">
        <ele>713.24</ele>
      </trkpt>
      <trkpt lat="47.73245" lon="-123.53742">
        <ele>715.41</ele>
      </trkpt>
      <trkpt lat="47.73238" lon="-123.53751">
        <ele>718.32</ele>
      </trkpt>
      <trkpt lat="47.73231" lon="-123.53759">
        <ele>720.92</ele>
      </trkpt>
      <trkpt lat="47.73223" lon="-123.53766">
        <ele>722.46</ele>
      </trkpt>
      <trkpt lat="47.73215" lon="-123.53773">
        <ele>723.97</ele>
      </trkpt>
      <trkpt lat="47.73208" lon="-123.5378">
        <ele>725.48</ele>
      </trkpt>
      <trkpt lat="47.732" lon="-123.53786">
        <ele>726.78</ele>
      </trkpt>
      <trkpt lat="47.73192" lon="-123.53793">
        <ele>728.29</ele>
      </trkpt>
      <trkpt lat="47.73184" lon="-123.53799">
        <ele>729.88</ele>
      </trkpt>
      <trkpt lat="47.73176" lon="-123.53806">
        <ele>732.14</ele>
      </trkpt>
      <trkpt lat="47.73168" lon="-123.53812">
        <ele>734.68</ele>
      </trkpt>
      <trkpt lat="47.73161" lon="-123.53819">
        <ele>737.81</ele>
      </trkpt>
      <trkpt lat="47.73152" lon="-123.53825">
        <ele>740.93</ele>
      </trkpt>
      <trkpt lat="47.73145" lon="-123.53832">
        <ele>743.52</ele>
      </trkpt>
      <trkpt lat="47.73137" lon="-123.53839">
        <ele>745.84</ele>
      </trkpt>
      <trkpt lat="47.7313" lon="-123.53847">
        <ele>748.43</ele>
      </trkpt>
      <trkpt lat="47.73123" lon="-123.53855">
        <ele>750.78</ele>
      </trkpt>
      <trkpt lat="47.73116" lon="-123.53865">
        <ele>753.26</ele>
      </trkpt>
      <trkpt lat="47.7311" lon="-123.53874">
        <ele>756.13</ele>
      </trkpt>
      <trkpt lat="47.73104" lon="-123.53883">
        <ele>758.24</ele>
      </trkpt>
      <trkpt lat="47.73097" lon="-123.53893">
        <ele>760.6</ele>
      </trkpt>
      <trkpt lat="47.7309" lon="-123.539">
        <ele>762.12</ele>
      </trkpt>
      <trkpt lat="47.73081" lon="-123.53905">
        <ele>762.16</ele>
      </trkpt>
      <trkpt lat="47.73072" lon="-123.53907">
        <ele>761.2</ele>
      </trkpt>
      <trkpt lat="47.73063" lon="-123.53905">
        <ele>757.63</ele>
      </trkpt>
      <trkpt lat="47.73054" lon="-123.53906">
        <ele>755.85</ele>
      </trkpt>
      <trkpt lat="47.73045" lon="-123.53906">
        <ele>757.67</ele>
      </trkpt>
      <trkpt lat="47.73036" lon="-123.53908">
        <ele>760.25</ele>
      </trkpt>
      <trkpt lat="47.73028" lon="-123.53909">
        <ele>761.49</ele>
      </trkpt>
      <trkpt lat="47.73019" lon="-123.53911">
        <ele>762.16</ele>
      </trkpt>
      <trkpt lat="47.7301" lon="-123.53914">
        <ele>764.06</ele>
      </trkpt>
      <trkpt lat="47.73002" lon="-123.53919">
        <ele>765.76</ele>
      </trkpt>
      <trkpt lat="47.72993" lon="-123.53923">
        <ele>767.05</ele>
      </trkpt>
      <trkpt lat="47.72985" lon="-123.53927">
        <ele>768.23</ele>
      </trkpt>
      <trkpt lat="47.72976" lon="-123.5393">
        <ele>768.88</ele>
      </trkpt>
      <trkpt lat="47.72968" lon="-123.53934">
        <ele>770.14</ele>
      </trkpt>
      <trkpt lat="47.72959" lon="-123.53938">
        <ele>771.43</ele>
      </trkpt>
      <trkpt lat="47.7295" lon="-123.53941">
        <ele>772.26</ele>
      </trkpt>
      <trkpt lat="47.72941" lon="-123.53944">
        <ele>772.53</ele>
      </trkpt>
      <trkpt lat="47.72932" lon="-123.53948">
        <ele>772.9</ele>
      </trkpt>
      <trkpt lat="47.72924" lon="-123.53951">
        <ele>774.12</ele>
      </trkpt>
      <trkpt lat="47.72915" lon="-123.53954">
        <ele>775.06</ele>
      </trkpt>
      <trkpt lat="47.72906" lon="-123.53956">
        <ele>775.5</ele>
      </trkpt>
      <trkpt lat="47.72897" lon="-123.53958">
        <ele>775.99</ele>
      </trkpt>
      <trkpt lat="47.72888" lon="-123.5396">
        <ele>777.04</ele>
      </trkpt>
      <trkpt lat="47.72879" lon="-123.53961">
        <ele>777.36</ele>
      </trkpt>
      <trkpt lat="47.7287" lon="-123.53961">
        <ele>777.37</ele>
      </trkpt>
      <trkpt lat="47.72861" lon="-123.53962">
        <ele>777.79</ele>
      </trkpt>
      <trkpt lat="47.72852" lon="-123.53963">
        <ele>778.01</ele>
      </trkpt>
      <trkpt lat="47.72844" lon="-123.53965">
        <ele>779.29</ele>
      </trkpt>
      <trkpt lat="47.72835" lon="-123.53967">
        <ele>779.87</ele>
      </trkpt>
      <trkpt lat="47.72826" lon="-123.5397">
        <ele>781.31</ele>
      </trkpt>
      <trkpt lat="47.72817" lon="-123.53973">
        <ele>783.0</ele>
      </trkpt>
      <trkpt lat="47.72809" lon="-123.53977">
        <ele>785.48</ele>
      </trkpt>
      <trkpt lat="47.728" lon="-123.5398">
        <ele>787.88</ele>
      </trkpt>
      <trkpt lat="47.72791" lon="-123.53983">
        <ele>789.9</ele>
      </trkpt>
      <trkpt lat="47.72782" lon="-123.53986">
        <ele>792.06</ele>
      </trkpt>
      <trkpt lat="47.72774" lon="-123.5399">
        <ele>794.66</ele>
      </trkpt>
      <trkpt lat="47.72765" lon="-123.53993">
        <ele>797.78</ele>
      </trkpt>
      <trkpt lat="47.72756" lon="-123.53996">
        <ele>801.04</ele>
      </trkpt>
      <trkpt lat="47.72748" lon="-123.54">
        <ele>804.43</ele>
      </trkpt>
      <trkpt lat="47.72739" lon="-123.54003">
        <ele>806.9</ele>
      </trkpt>
      <trkpt lat="47.72731" lon="-123.54007">
        <ele>809.33</ele>
      </trkpt>
      <trkpt lat="47.72722" lon="-123.54011">
        <ele>811.42</ele>
      </trkpt>
      <trkpt lat="47.72713" lon="-123.54015">
        <ele>814.23</ele>
      </trkpt>
      <trkpt lat="47.72704" lon="-123.54019">
        <ele>817.04</ele>
      </trkpt>
      <trkpt lat="47.72696" lon="-123.54022">
        <ele>819.94</ele>
      </trkpt>
      <trkpt lat="47.72687" lon="-123.54026">
        <ele>821.61</ele>
      </trkpt>
      <trkpt lat="47.72679" lon="-123.5403">
        <ele>823.15</ele>
      </trkpt>
      <trkpt lat="47.7267" lon="-123.54033">
        <ele>824.77</ele>
      </trkpt>
      <trkpt lat="47.72661" lon="-123.54037">
        <ele>825.99</ele>
      </trkpt>
      <trkpt lat="47.72653" lon="-123.54041">
        <ele>826.86</ele>
      </trkpt>
      <trkpt lat="47.72644" lon="-123.54045">
        <ele>827.72</ele>
      </trkpt>
      <trkpt lat="47.72635" lon="-123.54048">
        <ele>828.29</ele>
      </trkpt>
      <trkpt lat="47.72627" lon="-123.54052">
        <ele>828.51</ele>
      </trkpt>
      <trkpt lat="47.72619" lon="-123.5406">
        <ele>829.33</ele>
      </trkpt>
      <trkpt lat="47.72619" lon="-123.54068">
        <ele>830.54</ele>
      </trkpt>
      <trkpt lat="47.72624" lon="-123.54075">
        <ele>832.14</ele>
      </trkpt>
      <trkpt lat="47.72629" lon="-123.54079">
        <ele>833.03</ele>
      </trkpt>
      <trkpt lat="47.72634" lon="-123.54083">
        <ele>833.94</ele>
      </trkpt>
      <trkpt lat="47.72644" lon="-123.54088">
        <ele>835.28</ele>
      </trkpt>
      <trkpt lat="47.72651" lon="-123.54095">
        <ele>836.52</ele>
      </trkpt>
      <trkpt lat="47.72652" lon="-123.54104">
        <ele>838.46</ele>
      </trkpt>
      <trkpt lat="47.72649" lon="-123.54115">
        <ele>840.46</ele>
      </trkpt>
      <trkpt lat="47.72643" lon="-123.54126">
        <ele>842.22</ele>
      </trkpt>
      <trkpt lat="47.7264" lon="-123.54133">
        <ele>843.73</ele>
      </trkpt>
      <trkpt lat="47.72633" lon="-123.5414">
        <ele>844.6</ele>
      </trkpt>
      <trkpt lat="47.72625" lon="-123.54146">
        <ele>845.54</ele>
      </trkpt>
      <trkpt lat="47.72617" lon="-123.54152">
        <ele>846.68</ele>
      </trkpt>
      <trkpt lat="47.72609" lon="-123.54158">
        <ele>847.13</ele>
      </trkpt>
      <trkpt lat="47.72601" lon="-123.54164">
        <ele>848.33</ele>
      </trkpt>
      <trkpt lat="47.72593" lon="-123.5417">
        <ele>848.76</ele>
      </trkpt>
      <trkpt lat="47.72585" lon="-123.54176">
        <ele>849.2</ele>
      </trkpt>
      <trkpt lat="47.72577" lon="-123.54183">
        <ele>850.37</ele>
      </trkpt>
      <trkpt lat="47.72569" lon="-123.54189">
        <ele>851.28</ele>
      </trkpt>
      <trkpt lat="47.72561" lon="-123.54195">
        <ele>852.19</ele>
      </trkpt>
      <trkpt lat="47.72553" lon="-123.54201">
        <ele>853.34</ele>
      </trkpt>
      <trkpt lat="47.72545" lon="-123.54208">
        <ele>855.86</ele>
      </trkpt>
      <trkpt lat="47.72537" lon="-123.54215">
        <ele>858.88</ele>
      </trkpt>
      <trkpt lat="47.7253" lon="-123.54222">
        <ele>861.89</ele>
      </trkpt>
      <trkpt lat="47.72523" lon="-123.54229">
        <ele>864.93</ele>
      </trkpt>
      <trkpt lat="47.72515" lon="-123.54237">
        <ele>868.38</ele>
      </trkpt>
      <trkpt lat="47.72508" lon="-123.54244">
        <ele>871.46</ele>
      </trkpt>
      <trkpt lat="47.725" lon="-123.54252">
        <ele>876.08</ele>
      </trkpt>
      <trkpt lat="47.72492" lon="-123.54259">
        <ele>880.72</ele>
      </trkpt>
      <trkpt lat="47.72485" lon="-123.54266">
        <ele>885.43</ele>
      </trkpt>
      <trkpt lat="47.72477" lon="-123.54273">
        <ele>889.9</ele>
      </trkpt>
      <trkpt lat="47.72469" lon="-123.54279">
        <ele>894.18</ele>
      </trkpt>
      <trkpt lat="47.72461" lon="-123.54286">
        <ele>898.09</ele>
      </trkpt>
      <trkpt lat="47.72453" lon="-123.54292">
        <ele>901.8</ele>
      </trkpt>
      <trkpt lat="47.72445" lon="-123.54298">
        <ele>905.6</ele>
      </trkpt>
      <trkpt lat="47.72437" lon="-123.54304">
        <ele>910.88</ele>
      </trkpt>
      <trkpt lat="47.72429" lon="-123.5431">
        <ele>915.44</ele>
      </trkpt>
      <trkpt lat="47.72421" lon="-123.54317">
        <ele>919.54</ele>
      </trkpt>
      <trkpt lat="47.72413" lon="-123.54323">
        <ele>922.51</ele>
      </trkpt>
      <trkpt lat="47.72406" lon="-123.54329">
        <ele>925.22</ele>
      </trkpt>
      <trkpt lat="47.72397" lon="-123.54335">
        <ele>927.36</ele>
      </trkpt>
      <trkpt lat="47.72389" lon="-123.54341">
        <ele>928.66</ele>
      </trkpt>
      <trkpt lat="47.72381" lon="-123.54347">
        <ele>930.43</ele>
      </trkpt>
      <trkpt lat="47.72373" lon="-123.54352">
        <ele>931.33</ele>
      </trkpt>
      <trkpt lat="47.72364" lon="-123.54357">
        <ele>931.98</ele>
      </trkpt>
      <trkpt lat="47.72356" lon="-123.54362">
        <ele>932.78</ele>
      </trkpt>
      <trkpt lat="47.72348" lon="-123.54367">
        <ele>933.91</ele>
      </trkpt>
      <trkpt lat="47.7234" lon="-123.54372">
        <ele>935.35</ele>
      </trkpt>
      <trkpt lat="47.72331" lon="-123.54377">
        <ele>936.94</ele>
      </trkpt>
      <trkpt lat="47.72323" lon="-123.54382">
        <ele>939.71</ele>
      </trkpt>
      <trkpt lat="47.72314" lon="-123.54387">
        <ele>941.87</ele>
      </trkpt>
      <trkpt lat="47.72306" lon="-123.54393">
        <ele>943.84</ele>
      </trkpt>
      <trkpt lat="47.72298" lon="-123.54398">
        <ele>945.77</ele>
      </trkpt>
      <trkpt lat="47.7229" lon="-123.54404">
        <ele>948.37</ele>
      </trkpt>
      <trkpt lat="47.72281" lon="-123.54409">
        <ele>951.0</ele>
      </trkpt>
      <trkpt lat="47.72278" lon="-123.54417">
        <ele>953.05</ele>
      </trkpt>
      <trkpt lat="47.72283" lon="-123.54425">
        <ele>954.24</ele>
      </trkpt>
      <trkpt lat="47.72288" lon="-123.54431">
        <ele>954.34</ele>
      </trkpt>
      <trkpt lat="47.72292" lon="-123.54437">
        <ele>954.23</ele>
      </trkpt>
      <trkpt lat="47.72298" lon="-123.54445">
        <ele>954.7</ele>
      </trkpt>
      <trkpt lat="47.72303" lon="-123.54455">
        <ele>955.56</ele>
      </trkpt>
      <trkpt lat="47.72301" lon="-123.54467">
        <ele>958.36</ele>
      </trkpt>
      <trkpt lat="47.72297" lon="-123.54474">
        <ele>960.31</ele>
      </trkpt>
      <trkpt lat="47.72292" lon="-123.54481">
        <ele>962.36</ele>
      </trkpt>
      <trkpt lat="47.72286" lon="-123.54486">
        <ele>964.69</ele>
      </trkpt>
      <trkpt lat="47.72278" lon="-123.54492">
        <ele>968.63</ele>
      </trkpt>
      <trkpt lat="47.7227" lon="-123.54497">
        <ele>973.33</ele>
      </trkpt>
      <trkpt lat="47.72261" lon="-123.54505">
        <ele>977.53</ele>
      </trkpt>
      <trkpt lat="47.72258" lon="-123.54512">
        <ele>980.28</ele>
      </trkpt>
      <trkpt lat="47.72264" lon="-123.54518">
        <ele>982.78</ele>
      </trkpt>
      <trkpt lat="47.72269" lon="-123.54523">
        <ele>984.43</ele>
      </trkpt>
      <trkpt lat="47.72273" lon="-123.54528">
        <ele>986.08</ele>
      </trkpt>
      <trkpt lat="47.72282" lon="-123.54532">
        <ele>986.87</ele>
      </trkpt>
      <trkpt lat="47.72291" lon="-123.54534">
        <ele>986.08</ele>
      </trkpt>
      <trkpt lat="47.72299" lon="-123.54538">
        <ele>985.78</ele>
      </trkpt>
      <trkpt lat="47.72303" lon="-123.54547">
        <ele>991.04</ele>
      </trkpt>
      <trkpt lat="47.72301" lon="-123.54559">
        <ele>999.05</ele>
      </trkpt>
      <trkpt lat="47.72297" lon="-123.54566">
        <ele>1002.83</ele>
      </trkpt>
      <trkpt lat="47.72292" lon="-123.54572">
        <ele>1006.66</ele>
      </trkpt>
      <trkpt lat="47.72285" lon="-123.54578">
        <ele>1010.21</ele>
      </trkpt>
      <trkpt lat="47.72277" lon="-123.54583">
        <ele>1013.7</ele>
      </trkpt>
      <trkpt lat="47.72268" lon="-123.54588">
        <ele>1015.44</ele>
      </trkpt>
      <trkpt lat="47.7226" lon="-123.54595">
        <ele>1018.38</ele>
      </trkpt>
      <trkpt lat="47.72252" lon="-123.54603">
        <ele>1020.93</ele>
      </trkpt>
      <trkpt lat="47.72252" lon="-123.5461">
        <ele>1023.95</ele>
      </trkpt>
      <trkpt lat="47.72259" lon="-123.54616">
        <ele>1028.06</ele>
      </trkpt>
      <trkpt lat="47.72263" lon="-123.5462">
        <ele>1030.24</ele>
      </trkpt>
      <trkpt lat="47.72269" lon="-123.54623">
        <ele>1032.15</ele>
      </trkpt>
      <trkpt lat="47.72278" lon="-123.54626">
        <ele>1034.05</ele>
      </trkpt>
      <trkpt lat="47.72287" lon="-123.54627">
        <ele>1035.29</ele>
      </trkpt>
      <trkpt lat="47.72296" lon="-123.54628">
        <ele>1034.98</ele>
      </trkpt>
      <trkpt lat="47.72305" lon="-123.54628">
        <ele>1034.0</ele>
      </trkpt>
      <trkpt lat="47.72314" lon="-123.54628">
        <ele>1033.19</ele>
      </trkpt>
      <trkpt lat="47.72323" lon="-123.54627">
        <ele>1036.12</ele>
      </trkpt>
      <trkpt lat="47.72332" lon="-123.54626">
        <ele>1038.61</ele>
      </trkpt>
      <trkpt lat="47.7234" lon="-123.54623">
        <ele>1039.78</ele>
      </trkpt>
      <trkpt lat="47.72349" lon="-123.5462">
        <ele>1042.33</ele>
      </trkpt>
      <trkpt lat="47.72357" lon="-123.54616">
        <ele>1044.51</ele>
      </trkpt>
      <trkpt lat="47.72366" lon="-123.54611">
        <ele>1046.56</ele>
      </trkpt>
      <trkpt lat="47.72374" lon="-123.54606">
        <ele>1047.86</ele>
      </trkpt>
      <trkpt lat="47.72383" lon="-123.54602">
        <ele>1048.78</ele>
      </trkpt>
      <trkpt lat="47.72392" lon="-123.54599">
        <ele>1049.64</ele>
      </trkpt>
      <trkpt lat="47.724" lon="-123.54597">
        <ele>1050.01</ele>
      </trkpt>
      <trkpt lat="47.72409" lon="-123.54594">
        <ele>1049.31</ele>
      </trkpt>
      <trkpt lat="47.72418" lon="-123.54592">
        <ele>1047.54</ele>
      </trkpt>
      <trkpt lat="47.72427" lon="-123.5459">
        <ele>1045.37</ele>
      </trkpt>
      <trkpt lat="47.72436" lon="-123.54588">
        <ele>1042.21</ele>
      </trkpt>
      <trkpt lat="47.72445" lon="-123.54585">
        <ele>1036.21</ele>
      </trkpt>
      <trkpt lat="47.72454" lon="-123.54583">
        <ele>1030.72</ele>
      </trkpt>
      <trkpt lat="47.72462" lon="-123.54581">
        <ele>1029.24</ele>
      </trkpt>
      <trkpt lat="47.72471" lon="-123.5458">
        <ele>1033.64</ele>
      </trkpt>
      <trkpt lat="47.7248" lon="-123.54579">
        <ele>1043.65</ele>
      </trkpt>
      <trkpt lat="47.72489" lon="-123.5458">
        <ele>1055.86</ele>
      </trkpt>
      <trkpt lat="47.72498" lon="-123.5458">
        <ele>1067.71</ele>
      </trkpt>
      <trkpt lat="47.72507" lon="-123.54582">
        <ele>1079.68</ele>
      </trkpt>
      <trkpt lat="47.72516" lon="-123.54584">
        <ele>1090.96</ele>
      </trkpt>
      <trkpt lat="47.72524" lon="-123.54588">
        <ele>1097.05</ele>
      </trkpt>
      <trkpt lat="47.72532" lon="-123.54593">
        <ele>1100.28</ele>
      </trkpt>
      <trkpt lat="47.72539" lon="-123.54602">
        <ele>1101.62</ele>
      </trkpt>
      <trkpt lat="47.72545" lon="-123.54612">
        <ele>1103.44</ele>
      </trkpt>
      <trkpt lat="47.72548" lon="-123.54625">
        <ele>1104.92</ele>
      </trkpt>
      <trkpt lat="47.7255" lon="-123.54639">
        <ele>1106.0</ele>
      </trkpt>
      <trkpt lat="47.72552" lon="-123.54653">
        <ele>1106.23</ele>
      </trkpt>
      <trkpt lat="47.72552" lon="-123.54666">
        <ele>1104.18</ele>
      </trkpt>
      <trkpt lat="47.72552" lon="-123.54679">
        <ele>1100.8</ele>
      </trkpt>
      <trkpt lat="47.72552" lon="-123.54693">
        <ele>1098.1</ele>
      </trkpt>
      <trkpt lat="47.72552" lon="-123.54706">
        <ele>1095.45</ele>
      </trkpt>
      <trkpt lat="47.72551" lon="-123.54719">
        <ele>1093.36</ele>
      </trkpt>
      <trkpt lat="47.72548" lon="-123.5473">
        <ele>1091.53</ele>
      </trkpt>
      <trkpt lat="47.72542" lon="-123.54737">
        <ele>1090.35</ele>
      </trkpt>
      <trkpt lat="47.72534" lon="-123.54743">
        <ele>1089.92</ele>
      </trkpt>
      <trkpt lat="47.72525" lon="-123.54749">
        <ele>1089.86</ele>
      </trkpt>
      <trkpt lat="47.72518" lon="-123.54755">
        <ele>1091.19</ele>
      </trkpt>
      <trkpt lat="47.72511" lon="-123.54764">
        <ele>1094.65</ele>
      </trkpt>
      <trkpt lat="47.72505" lon="-123.54769">
        <ele>1096.97</ele>
      </trkpt>
      <trkpt lat="47.72498" lon="-123.54773">
        <ele>1098.81</ele>
      </trkpt>
      <trkpt lat="47.72489" lon="-123.54779">
        <ele>1100.48</ele>
      </trkpt>
      <trkpt lat="47.72481" lon="-123.54784">
        <ele>1102.16</ele>
      </trkpt>
      <trkpt lat="47.72474" lon="-123.54789">
        <ele>1104.25</ele>
      </trkpt>
      <trkpt lat="47.72466" lon="-123.54798">
        <ele>1105.71</ele>
      </trkpt>
      <trkpt lat="47.72457" lon="-123.54812">
        <ele>1105.59</ele>
      </trkpt>
      <trkpt lat="47.72448" lon="-123.54824">
        <ele>1106.24</ele>
      </trkpt>
      <trkpt lat="47.72442" lon="-123.54831">
        <ele>1106.03</ele>
      </trkpt>
      <trkpt lat="47.72436" lon="-123.54837">
        <ele>1106.43</ele>
      </trkpt>
      <trkpt lat="47.72428" lon="-123.54842">
        <ele>1107.67</ele>
      </trkpt>
      <trkpt lat="47.7242" lon="-123.54847">
        <ele>1109.14</ele>
      </trkpt>
      <trkpt lat="47.72412" lon="-123.54852">
        <ele>1110.5</ele>
      </trkpt>
      <trkpt lat="47.72403" lon="-123.54857">
        <ele>1113.08</ele>
      </trkpt>
      <trkpt lat="47.72395" lon="-123.54862">
        <ele>1114.83</ele>
      </trkpt>
      <trkpt lat="47.72387" lon="-123.54867">
        <ele>1116.41</ele>
      </trkpt>
      <trkpt lat="47.7238" lon="-123.54875">
        <ele>1116.38</ele>
      </trkpt>
      <trkpt lat="47.72366" lon="-123.54885">
        <ele>1117.68</ele>
      </trkpt>
      <trkpt lat="47.72349" lon="-123.54905">
        <ele>1114.48</ele>
      </trkpt>
      <trkpt lat="47.72333" lon="-123.54926">
        <ele>1112.06</ele>
      </trkpt>
      <trkpt lat="47.72325" lon="-123.5495">
        <ele>1110.26</ele>
      </trkpt>
      <trkpt lat="47.72323" lon="-123.54971">
        <ele>1109.35</ele>
      </trkpt>
      <trkpt lat="47.72324" lon="-123.55003">
        <ele>1108.01</ele>
      </trkpt>
      <trkpt lat="47.72327" lon="-123.55037">
        <ele>1108.68</ele>
      </trkpt>
      <trkpt lat="47.72331" lon="-123.55056">
        <ele>1109.26</ele>
      </trkpt>
      <trkpt lat="47.72338" lon="-123.55096">
        <ele>1109.68</ele>
      </trkpt>
      <trkpt lat="47.72347" lon="-123.55121">
        <ele>1109.52</ele>
      </trkpt>
      <trkpt lat="47.72357" lon="-123.55169">
        <ele>1108.44</ele>
      </trkpt>
      <trkpt lat="47.72362" lon="-123.55208">
        <ele>1109.37</ele>
      </trkpt>
      <trkpt lat="47.72373" lon="-123.55241">
        <ele>1111.2</ele>
      </trkpt>
      <trkpt lat="47.72389" lon="-123.55278">
        <ele>1112.02</ele>
      </trkpt>
      <trkpt lat="47.72401" lon="-123.55318">
        <ele>1115.73</ele>
      </trkpt>
      <trkpt lat="47.7242" lon="-123.55354">
        <ele>1116.23</ele>
      </trkpt>
      <trkpt lat="47.72437" lon="-123.55399">
        <ele>1118.1</ele>
      </trkpt>
      <trkpt lat="47.72453" lon="-123.55429">
        <ele>1117.59</ele>
      </trkpt>
      <trkpt lat="47.72476" lon="-123.55465">
        <ele>1117.73</ele>
      </trkpt>
      <trkpt lat="47.72504" lon="-123.55505">
        <ele>1119.32</ele>
      </trkpt>
      <trkpt lat="47.72514" lon="-123.55538">
        <ele>1118.49</ele>
      </trkpt>
      <trkpt lat="47.72508" lon="-123.55562">
        <ele>1113.9</ele>
      </trkpt>
      <trkpt lat="47.72489" lon="-123.55571">
        <ele>1109.14</ele>
      </trkpt>
      <trkpt lat="47.72483" lon="-123.55595">
        <ele>1107.16</ele>
      </trkpt>
      <trkpt lat="47.7248" lon="-123.55623">
        <ele>1106.6</ele>
      </trkpt>
      <trkpt lat="47.7248" lon="-123.55642">
        <ele>1105.84</ele>
      </trkpt>
      <trkpt lat="47.72473" lon="-123.55656">
        <ele>1105.08</ele>
      </trkpt>
      <trkpt lat="47.72463" lon="-123.55666">
        <ele>1103.08</ele>
      </trkpt>
      <trkpt lat="47.72453" lon="-123.55681">
        <ele>1101.42</ele>
      </trkpt>
      <trkpt lat="47.72443" lon="-123.55697">
        <ele>1099.57</ele>
      </trkpt>
      <trkpt lat="47.72437" lon="-123.55715">
        <ele>1098.0</ele>
      </trkpt>
      <trkpt lat="47.72426" lon="-123.55728">
        <ele>1097.01</ele>
      </trkpt>
      <trkpt lat="47.72419" lon="-123.55733">
        <ele>1097.0</ele>
      </trkpt>
      <trkpt lat="47.72413" lon="-123.55742">
        <ele>1097.0</ele>
      </trkpt>
      <trkpt lat="47.72408" lon="-123.55755">
        <ele>1097.0</ele>
      </trkpt>
      <trkpt lat="47.72395" lon="-123.55774">
        <ele>1096.0</ele>
      </trkpt>
      <trkpt lat="47.72378" lon="-123.55789">
        <ele>1094.82</ele>
      </trkpt>
      <trkpt lat="47.72363" lon="-123.55812">
        <ele>1094.0</ele>
      </trkpt>
      <trkpt lat="47.72353" lon="-123.55834">
        <ele>1093.12</ele>
      </trkpt>
      <trkpt lat="47.72349" lon="-123.55862">
        <ele>1093.07</ele>
      </trkpt>
      <trkpt lat="47.72347" lon="-123.55883">
        <ele>1093.48</ele>
      </trkpt>
      <trkpt lat="47.72349" lon="-123.559">
        <ele>1093.69</ele>
      </trkpt>
      <trkpt lat="47.72349" lon="-123.55928">
        <ele>1094.69</ele>
      </trkpt>
      <trkpt lat="47.72346" lon="-123.5595">
        <ele>1094.37</ele>
      </trkpt>
      <trkpt lat="47.72335" lon="-123.55976">
        <ele>1094.18</ele>
      </trkpt>
      <trkpt lat="47.7232" lon="-123.56001">
        <ele>1093.56</ele>
      </trkpt>
      <trkpt lat="47.72304" lon="-123.5602">
        <ele>1091.99</ele>
      </trkpt>
      <trkpt lat="47.72292" lon="-123.5604">
        <ele>1091.71</ele>
      </trkpt>
      <trkpt lat="47.72279" lon="-123.56047">
        <ele>1090.14</ele>
      </trkpt>
      <trkpt lat="47.7226" lon="-123.56056">
        <ele>1088.13</ele>
      </trkpt>
      <trkpt lat="47.72248" lon="-123.56068">
        <ele>1087.64</ele>
      </trkpt>
      <trkpt lat="47.72233" lon="-123.56082">
        <ele>1085.33</ele>
      </trkpt>
      <trkpt lat="47.72224" lon="-123.56106">
        <ele>1084.28</ele>
      </trkpt>
      <trkpt lat="47.72217" lon="-123.56132">
        <ele>1084.44</ele>
      </trkpt>
      <trkpt lat="47.72209" lon="-123.56168">
        <ele>1084.65</ele>
      </trkpt>
      <trkpt lat="47.72196" lon="-123.56193">
        <ele>1084.04</ele>
      </trkpt>
      <trkpt lat="47.72176" lon="-123.56219">
        <ele>1082.01</ele>
      </trkpt>
      <trkpt lat="47.72152" lon="-123.56235">
        <ele>1079.19</ele>
      </trkpt>
      <trkpt lat="47.72143" lon="-123.5624">
        <ele>1077.48</ele>
      </trkpt>
      <trkpt lat="47.72135" lon="-123.56234">
        <ele>1076.89</ele>
      </trkpt>
      <trkpt lat="47.72125" lon="-123.56242">
        <ele>1076.5</ele>
      </trkpt>
      <trkpt lat="47.72084" lon="-123.56248">
        <ele>1084.27</ele>
      </trkpt>
      <trkpt lat="47.7206" lon="-123.56274">
        <ele>1087.66</ele>
      </trkpt>
      <trkpt lat="47.72042" lon="-123.56292">
        <ele>1087.64</ele>
      </trkpt>
      <trkpt lat="47.72041" lon="-123.56323">
        <ele>1080.52</ele>
      </trkpt>
      <trkpt lat="47.72031" lon="-123.56365">
        <ele>1077.88</ele>
      </trkpt>
      <trkpt lat="47.72019" lon="-123.56416">
        <ele>1078.02</ele>
      </trkpt>
      <trkpt lat="47.72011" lon="-123.56464">
        <ele>1072.68</ele>
      </trkpt>
      <trkpt lat="47.71982" lon="-123.56501">
        <ele>1067.89</ele>
      </trkpt>
      <trkpt lat="47.71954" lon="-123.56534">
        <ele>1072.58</ele>
      </trkpt>
      <trkpt lat="47.7195" lon="-123.56573">
        <ele>1066.03</ele>
      </trkpt>
      <trkpt lat="47.71946" lon="-123.56639">
        <ele>1059.82</ele>
      </trkpt>
      <trkpt lat="47.7193" lon="-123.5668">
        <ele>1058.87</ele>
      </trkpt>
      <trkpt lat="47.71898" lon="-123.56743">
        <ele>1059.55</ele>
      </trkpt>
      <trkpt lat="47.71872" lon="-123.5679">
        <ele>1055.57</ele>
      </trkpt>
      <trkpt lat="47.71841" lon="-123.5684">
        <ele>1054.08</ele>
      </trkpt>
      <trkpt lat="47.71819" lon="-123.56902">
        <ele>1052.83</ele>
      </trkpt>
      <trkpt lat="47.71794" lon="-123.56933">
        <ele>1061.65</ele>
      </trkpt>
      <trkpt lat="47.71768" lon="-123.56968">
        <ele>1066.62</ele>
      </trkpt>
      <trkpt lat="47.71732" lon="-123.57023">
        <ele>1066.41</ele>
      </trkpt>
      <trkpt lat="47.71688" lon="-123.57055">
        <ele>1071.25</ele>
      </trkpt>
      <trkpt lat="47.71664" lon="-123.57104">
        <ele>1064.1</ele>
      </trkpt>
      <trkpt lat="47.71647" lon="-123.57152">
        <ele>1054.07</ele>
      </trkpt>
      <trkpt lat="47.7162" lon="-123.57195">
        <ele>1045.94</ele>
      </trkpt>
      <trkpt lat="47.71581" lon="-123.57235">
        <ele>1044.9</ele>
      </trkpt>
      <trkpt lat="47.7153" lon="-123.57265">
        <ele>1047.66</ele>
      </trkpt>
      <trkpt lat="47.71472" lon="-123.5729">
        <ele>1051.78</ele>
      </trkpt>
      <trkpt lat="47.71429" lon="-123.57292">
        <ele>1057.45</ele>
      </trkpt>
      <trkpt lat="47.71383" lon="-123.57311">
        <ele>1052.55</ele>
      </trkpt>
      <trkpt lat="47.7138" lon="-123.57342">
        <ele>1042.19</ele>
      </trkpt>
      <trkpt lat="47.71424" lon="-123.57359">
        <ele>1031.89</ele>
      </trkpt>
      <trkpt lat="47.71465" lon="-123.57363">
        <ele>1024.74</ele>
      </trkpt>
      <trkpt lat="47.71458" lon="-123.57377">
        <ele>1020.59</ele>
      </trkpt>
      <trkpt lat="47.71387" lon="-123.57402">
        <ele>1017.34</ele>
      </trkpt>
      <trkpt lat="47.71337" lon="-123.57411">
        <ele>1015.43</ele>
      </trkpt>
      <trkpt lat="47.71304" lon="-123.57426">
        <ele>1011.3</ele>
      </trkpt>
      <trkpt lat="47.71248" lon="-123.57435">
        <ele>1015.3</ele>
      </trkpt>
      <trkpt lat="47.71205" lon="-123.57455">
        <ele>1012.3</ele>
      </trkpt>
      <trkpt lat="47.71152" lon="-123.57484">
        <ele>1005.91</ele>
      </trkpt>
      <trkpt lat="47.7114" lon="-123.57506">
        <ele>996.84</ele>
      </trkpt>
      <trkpt lat="47.71148" lon="-123.5753">
        <ele>987.52</ele>
      </trkpt>
      <trkpt lat="47.7117" lon="-123.57533">
        <ele>987.31</ele>
      </trkpt>
      <trkpt lat="47.7117" lon="-123.57549">
        <ele>983.31</ele>
      </trkpt>
      <trkpt lat="47.71149" lon="-123.5756">
        <ele>979.6</ele>
      </trkpt>
      <trkpt lat="47.71122" lon="-123.57572">
        <ele>971.98</ele>
      </trkpt>
      <trkpt lat="47.71121" lon="-123.57592">
        <ele>966.26</ele>
      </trkpt>
      <trkpt lat="47.71147" lon="-123.57605">
        <ele>964.86</ele>
      </trkpt>
      <trkpt lat="47.71155" lon="-123.57621">
        <ele>958.73</ele>
      </trkpt>
      <trkpt lat="47.71107" lon="-123.57651">
        <ele>946.46</ele>
      </trkpt>
      <trkpt lat="47.7107" lon="-123.57658">
        <ele>943.22</ele>
      </trkpt>
      <trkpt lat="47.71033" lon="-123.57684">
        <ele>939.26</ele>
      </trkpt>
      <trkpt lat="47.71024" lon="-123.57734">
        <ele>923.0</ele>
      </trkpt>
      <trkpt lat="47.71006" lon="-123.57786">
        <ele>910.46</ele>
      </trkpt>
      <trkpt lat="47.70981" lon="-123.57842">
        <ele>898.46</ele>
      </trkpt>
      <trkpt lat="47.70958" lon="-123.57867">
        <ele>898.7</ele>
      </trkpt>
      <trkpt lat="47.70933" lon="-123.57898">
        <ele>897.5</ele>
      </trkpt>
      <trkpt lat="47.7091" lon="-123.57933">
        <ele>894.58</ele>
      </trkpt>
      <trkpt lat="47.70892" lon="-123.57939">
        <ele>893.9</ele>
      </trkpt>
      <trkpt lat="47.70882" lon="-123.5797">
        <ele>883.98</ele>
      </trkpt>
      <trkpt lat="47.70868" lon="-123.58">
        <ele>872.49</ele>
      </trkpt>
      <trkpt lat="47.70833" lon="-123.58019">
        <ele>866.07</ele>
      </trkpt>
      <trkpt lat="47.70812" lon="-123.58054">
        <ele>865.17</ele>
      </trkpt>
      <trkpt lat="47.70791" lon="-123.58053">
        <ele>867.3</ele>
      </trkpt>
      <trkpt lat="47.70761" lon="-123.58069">
        <ele>879.07</ele>
      </trkpt>
      <trkpt lat="47.70737" lon="-123.58119">
        <ele>873.61</ele>
      </trkpt>
      <trkpt lat="47.70689" lon="-123.58168">
        <ele>877.74</ele>
      </trkpt>
      <trkpt lat="47.70636" lon="-123.58237">
        <ele>873.56</ele>
      </trkpt>
      <trkpt lat="47.70604" lon="-123.58267">
        <ele>875.63</ele>
      </trkpt>
      <trkpt lat="47.70595" lon="-123.58307">
        <ele>865.97</ele>
      </trkpt>
      <trkpt lat="47.70571" lon="-123.58337">
        <ele>861.81</ele>
      </trkpt>
      <trkpt lat="47.70544" lon="-123.58398">
        <ele>852.04</ele>
      </trkpt>
      <trkpt lat="47.70491" lon="-123.58413">
        <ele>874.19</ele>
      </trkpt>
      <trkpt lat="47.70462" lon="-123.58448">
        <ele>873.56</ele>
      </trkpt>
      <trkpt lat="47.70435" lon="-123.5849">
        <ele>865.4</ele>
      </trkpt>
      <trkpt lat="47.70392" lon="-123.58516">
        <ele>871.74</ele>
      </trkpt>
      <trkpt lat="47.70367" lon="-123.5855">
        <ele>865.87</ele>
      </trkpt>
      <trkpt lat="47.70332" lon="-123.58598">
        <ele>854.04</ele>
      </trkpt>
      <trkpt lat="47.70283" lon="-123.58634">
        <ele>851.02</ele>
      </trkpt>
      <trkpt lat="47.70226" lon="-123.5865">
        <ele>850.52</ele>
      </trkpt>
      <trkpt lat="47.70205" lon="-123.58635">
        <ele>856.26</ele>
      </trkpt>
      <trkpt lat="47.70169" lon="-123.58612">
        <ele>866.77</ele>
      </trkpt>
      <trkpt lat="47.70135" lon="-123.58612">
        <ele>861.68</ele>
      </trkpt>
      <trkpt lat="47.70072" lon="-123.58624">
        <ele>829.22</ele>
      </trkpt>
      <trkpt lat="47.70047" lon="-123.58601">
        <ele>826.67</ele>
      </trkpt>
      <trkpt lat="47.70029" lon="-123.58609">
        <ele>829.02</ele>
      </trkpt>
      <trkpt lat="47.70024" lon="-123.58645">
        <ele>826.6</ele>
      </trkpt>
      <trkpt lat="47.69998" lon="-123.587">
        <ele>836.84</ele>
      </trkpt>
      <trkpt lat="47.69991" lon="-123.58737">
        <ele>826.45</ele>
      </trkpt>
      <trkpt lat="47.69957" lon="-123.58776">
        <ele>826.98</ele>
      </trkpt>
      <trkpt lat="47.69911" lon="-123.58773">
        <ele>840.71</ele>
      </trkpt>
      <trkpt lat="47.6987" lon="-123.58806">
        <ele>822.72</ele>
      </trkpt>
      <trkpt lat="47.69814" lon="-123.58841">
        <ele>809.34</ele>
      </trkpt>
      <trkpt lat="47.69768" lon="-123.5885">
        <ele>803.4</ele>
      </trkpt>
      <trkpt lat="47.69711" lon="-123.58868">
        <ele>795.56</ele>
      </trkpt>
      <trkpt lat="47.69668" lon="-123.58899">
        <ele>783.85</ele>
      </trkpt>
      <trkpt lat="47.69609" lon="-123.58915">
        <ele>767.81</ele>
      </trkpt>
      <trkpt lat="47.69561" lon="-123.58935">
        <ele>757.1</ele>
      </trkpt>
      <trkpt lat="47.69509" lon="-123.5894">
        <ele>750.88</ele>
      </trkpt>
      <trkpt lat="47.69506" lon="-123.58954">
        <ele>740.8</ele>
      </trkpt>
      <trkpt lat="47.69553" lon="-123.58978">
        <ele>731.13</ele>
      </trkpt>
      <trkpt lat="47.69548" lon="-123.58992">
        <ele>726.62</ele>
      </trkpt>
      <trkpt lat="47.69515" lon="-123.58993">
        <ele>724.89</ele>
      </trkpt>
      <trkpt lat="47.69482" lon="-123.58997">
        <ele>720.03</ele>
      </trkpt>
      <trkpt lat="47.6945" lon="-123.58989">
        <ele>718.16</ele>
      </trkpt>
      <trkpt lat="47.69421" lon="-123.58992">
        <ele>716.0</ele>
      </trkpt>
      <trkpt lat="47.69378" lon="-123.59024">
        <ele>701.05</ele>
      </trkpt>
      <trkpt lat="47.69371" lon="-123.59048">
        <ele>693.7</ele>
      </trkpt>
      <trkpt lat="47.69361" lon="-123.59081">
        <ele>686.49</ele>
      </trkpt>
      <trkpt lat="47.69329" lon="-123.59094">
        <ele>679.61</ele>
      </trkpt>
      <trkpt lat="47.6932" lon="-123.59072">
        <ele>684.01</ele>
      </trkpt>
      <trkpt lat="47.6929" lon="-123.59079">
        <ele>677.89</ele>
      </trkpt>
      <trkpt lat="47.6924" lon="-123.59076">
        <ele>675.58</ele>
      </trkpt>
      <trkpt lat="47.69224" lon="-123.59062">
        <ele>677.36</ele>
      </trkpt>
      <trkpt lat="47.69189" lon="-123.59072">
        <ele>671.27</ele>
      </trkpt>
      <trkpt lat="47.69162" lon="-123.5906">
        <ele>666.77</ele>
      </trkpt>
      <trkpt lat="47.69134" lon="-123.59027">
        <ele>665.11</ele>
      </trkpt>
      <trkpt lat="47.69114" lon="-123.58989">
        <ele>666.87</ele>
      </trkpt>
      <trkpt lat="47.69091" lon="-123.58993">
        <ele>659.45</ele>
      </trkpt>
      <trkpt lat="47.69054" lon="-123.59001">
        <ele>653.72</ele>
      </trkpt>
      <trkpt lat="47.69022" lon="-123.59007">
        <ele>650.38</ele>
      </trkpt>
      <trkpt lat="47.68988" lon="-123.59023">
        <ele>643.56</ele>
      </trkpt>
      <trkpt lat="47.68973" lon="-123.59069">
        <ele>637.17</ele>
      </trkpt>
      <trkpt lat="47.68959" lon="-123.59093">
        <ele>633.55</ele>
      </trkpt>
      <trkpt lat="47.6893" lon="-123.59116">
        <ele>627.44</ele>
      </trkpt>
      <trkpt lat="47.68903" lon="-123.59129">
        <ele>623.05</ele>
      </trkpt>
      <trkpt lat="47.68877" lon="-123.5912">
        <ele>618.7</ele>
      </trkpt>
      <trkpt lat="47.68869" lon="-123.59094">
        <ele>616.85</ele>
      </trkpt>
      <trkpt lat="47.68832" lon="-123.59086">
        <ele>620.43</ele>
      </trkpt>
      <trkpt lat="47.68797" lon="-123.59091">
        <ele>630.77</ele>
      </trkpt>
      <trkpt lat="47.68785" lon="-123.59123">
        <ele>635.66</ele>
      </trkpt>
      <trkpt lat="47.68761" lon="-123.59134">
        <ele>641.2</ele>
      </trkpt>
      <trkpt lat="47.68724" lon="-123.59133">
        <ele>645.66</ele>
      </trkpt>
      <trkpt lat="47.6869" lon="-123.59125">
        <ele>643.52</ele>
      </trkpt>
      <trkpt lat="47.68632" lon="-123.59114">
        <ele>636.19</ele>
      </trkpt>
      <trkpt lat="47.68569" lon="-123.59122">
        <ele>635.96</ele>
      </trkpt>
      <trkpt lat="47.68507" lon="-123.59127">
        <ele>639.13</ele>
      </trkpt>
      <trkpt lat="47.68454" lon="-123.59124">
        <ele>620.27</ele>
      </trkpt>
      <trkpt lat="47.68404" lon="-123.5913">
        <ele>606.65</ele>
      </trkpt>
      <trkpt lat="47.68374" lon="-123.59165">
        <ele>605.85</ele>
      </trkpt>
      <trkpt lat="47.68338" lon="-123.59183">
        <ele>598.8</ele>
      </trkpt>
      <trkpt lat="47.68315" lon="-123.59208">
        <ele>598.93</ele>
      </trkpt>
      <trkpt lat="47.68266" lon="-123.59247">
        <ele>596.62</ele>
      </trkpt>
      <trkpt lat="47.68247" lon="-123.59274">
        <ele>600.67</ele>
      </trkpt>
      <trkpt lat="47.68219" lon="-123.59299">
        <ele>597.19</ele>
      </trkpt>
      <trkpt lat="47.68205" lon="-123.59319">
        <ele>594.07</ele>
      </trkpt>
      <trkpt lat="47.68182" lon="-123.59353">
        <ele>597.34</ele>
      </trkpt>
      <trkpt lat="47.68147" lon="-123.59377">
        <ele>590.56</ele>
      </trkpt>
      <trkpt lat="47.68115" lon="-123.59407">
        <ele>583.17</ele>
      </trkpt>
      <trkpt lat="47.68078" lon="-123.59422">
        <ele>573.42</ele>
      </trkpt>
      <trkpt lat="47.68042" lon="-123.59429">
        <ele>567.05</ele>
      </trkpt>
      <trkpt lat="47.6801" lon="-123.59445">
        <ele>564.14</ele>
      </trkpt>
      <trkpt lat="47.67991" lon="-123.59464">
        <ele>560.2</ele>
      </trkpt>
      <trkpt lat="47.67985" lon="-123.59503">
        <ele>561.59</ele>
      </trkpt>
      <trkpt lat="47.6798" lon="-123.59544">
        <ele>567.5</ele>
      </trkpt>
      <trkpt lat="47.67965" lon="-123.59586">
        <ele>571.46</ele>
      </trkpt>
      <trkpt lat="47.67944" lon="-123.59596">
        <ele>565.22</ele>
      </trkpt>
      <trkpt lat="47.6796" lon="-123.5963">
        <ele>580.2</ele>
      </trkpt>
      <trkpt lat="47.67939" lon="-123.59637">
        <ele>572.62</ele>
      </trkpt>
      <trkpt lat="47.67922" lon="-123.59648">
        <ele>569.7</ele>
      </trkpt>
      <trkpt lat="47.67901" lon="-123.59664">
        <ele>567.35</ele>
      </trkpt>
      <trkpt lat="47.67874" lon="-123.59673">
        <ele>561.54</ele>
      </trkpt>
      <trkpt lat="47.67847" lon="-123.59681">
        <ele>556.07</ele>
      </trkpt>
      <trkpt lat="47.67831" lon="-123.59679">
        <ele>550.91</ele>
      </trkpt>
      <trkpt lat="47.67811" lon="-123.59686">
        <ele>545.53</ele>
      </trkpt>
      <trkpt lat="47.678" lon="-123.59681">
        <ele>539.97</ele>
      </trkpt>
      <trkpt lat="47.67786" lon="-123.59687">
        <ele>536.89</ele>
      </trkpt>
      <trkpt lat="47.67766" lon="-123.59702">
        <ele>535.73</ele>
      </trkpt>
      <trkpt lat="47.67754" lon="-123.59724">
        <ele>536.17</ele>
      </trkpt>
      <trkpt lat="47.67744" lon="-123.59771">
        <ele>545.74</ele>
      </trkpt>
      <trkpt lat="47.67739" lon="-123.59815">
        <ele>553.1</ele>
      </trkpt>
      <trkpt lat="47.67736" lon="-123.59845">
        <ele>557.32</ele>
      </trkpt>
      <trkpt lat="47.67726" lon="-123.59848">
        <ele>551.02</ele>
      </trkpt>
      <trkpt lat="47.67715" lon="-123.59865">
        <ele>546.38</ele>
      </trkpt>
      <trkpt lat="47.67692" lon="-123.59918">
        <ele>542.82</ele>
      </trkpt>
      <trkpt lat="47.67682" lon="-123.59967">
        <ele>543.5</ele>
      </trkpt>
      <trkpt lat="47.67672" lon="-123.60005">
        <ele>546.16</ele>
      </trkpt>
      <trkpt lat="47.67676" lon="-123.60028">
        <ele>553.1</ele>
      </trkpt>
      <trkpt lat="47.67661" lon="-123.60071">
        <ele>552.51</ele>
      </trkpt>
      <trkpt lat="47.67635" lon="-123.60127">
        <ele>570.38</ele>
      </trkpt>
      <trkpt lat="47.67601" lon="-123.60155">
        <ele>559.1</ele>
      </trkpt>
      <trkpt lat="47.67577" lon="-123.60187">
        <ele>569.33</ele>
      </trkpt>
      <trkpt lat="47.6754" lon="-123.60217">
        <ele>557.56</ele>
      </trkpt>
      <trkpt lat="47.67512" lon="-123.6025">
        <ele>554.78</ele>
      </trkpt>
      <trkpt lat="47.67469" lon="-123.60272">
        <ele>539.92</ele>
      </trkpt>
      <trkpt lat="47.6744" lon="-123.60302">
        <ele>533.14</ele>
      </trkpt>
      <trkpt lat="47.67427" lon="-123.60343">
        <ele>538.94</ele>
      </trkpt>
      <trkpt lat="47.6742" lon="-123.60382">
        <ele>544.39</ele>
      </trkpt>
      <trkpt lat="47.67406" lon="-123.60396">
        <ele>536.47</ele>
      </trkpt>
      <trkpt lat="47.67375" lon="-123.60399">
        <ele>513.23</ele>
      </trkpt>
      <trkpt lat="47.67347" lon="-123.60433">
        <ele>514.24</ele>
      </trkpt>
      <trkpt lat="47.67341" lon="-123.60463">
        <ele>518.49</ele>
      </trkpt>
      <trkpt lat="47.67326" lon="-123.60451">
        <ele>512.04</ele>
      </trkpt>
      <trkpt lat="47.67322" lon="-123.60472">
        <ele>513.3</ele>
      </trkpt>
      <trkpt lat="47.6731" lon="-123.60497">
        <ele>513.79</ele>
      </trkpt>
      <trkpt lat="47.67284" lon="-123.60531">
        <ele>510.38</ele>
      </trkpt>
      <trkpt lat="47.67255" lon="-123.60579">
        <ele>503.23</ele>
      </trkpt>
      <trkpt lat="47.67226" lon="-123.60575">
        <ele>493.92</ele>
      </trkpt>
      <trkpt lat="47.67217" lon="-123.606">
        <ele>493.67</ele>
      </trkpt>
      <trkpt lat="47.67188" lon="-123.60635">
        <ele>488.3</ele>
      </trkpt>
      <trkpt lat="47.67187" lon="-123.60685">
        <ele>489.57</ele>
      </trkpt>
      <trkpt lat="47.67177" lon="-123.60768">
        <ele>490.35</ele>
      </trkpt>
      <trkpt lat="47.67169" lon="-123.60866">
        <ele>492.51</ele>
      </trkpt>
      <trkpt lat="47.67166" lon="-123.60948">
        <ele>485.4</ele>
      </trkpt>
      <trkpt lat="47.67172" lon="-123.61017">
        <ele>482.73</ele>
      </trkpt>
      <trkpt lat="47.67165" lon="-123.61084">
        <ele>482.53</ele>
      </trkpt>
      <trkpt lat="47.67131" lon="-123.61113">
        <ele>474.0</ele>
      </trkpt>
      <trkpt lat="47.67112" lon="-123.61164">
        <ele>476.45</ele>
      </trkpt>
      <trkpt lat="47.6708" lon="-123.61206">
        <ele>470.06</ele>
      </trkpt>
      <trkpt lat="47.67051" lon="-123.6125">
        <ele>466.52</ele>
      </trkpt>
      <trkpt lat="47.67009" lon="-123.61272">
        <ele>451.37</ele>
      </trkpt>
      <trkpt lat="47.67005" lon="-123.613">
        <ele>454.05</ele>
      </trkpt>
      <trkpt lat="47.66981" lon="-123.61337">
        <ele>450.95</ele>
      </trkpt>
      <trkpt lat="47.66969" lon="-123.61452">
        <ele>456.08</ele>
      </trkpt>
      <trkpt lat="47.66934" lon="-123.61512">
        <ele>446.87</ele>
      </trkpt>
      <trkpt lat="47.66929" lon="-123.61574">
        <ele>446.33</ele>
      </trkpt>
      <trkpt lat="47.66925" lon="-123.61636">
        <ele>446.6</ele>
      </trkpt>
      <trkpt lat="47.66918" lon="-123.6168">
        <ele>446.16</ele>
      </trkpt>
      <trkpt lat="47.66921" lon="-123.61713">
        <ele>449.81</ele>
      </trkpt>
      <trkpt lat="47.66921" lon="-123.61765">
        <ele>451.81</ele>
      </trkpt>
      <trkpt lat="47.66924" lon="-123.61812">
        <ele>455.9</ele>
      </trkpt>
      <trkpt lat="47.6694" lon="-123.61885">
        <ele>464.08</ele>
      </trkpt>
      <trkpt lat="47.66946" lon="-123.61934">
        <ele>467.14</ele>
      </trkpt>
      <trkpt lat="47.66926" lon="-123.61948">
        <ele>464.18</ele>
      </trkpt>
      <trkpt lat="47.66914" lon="-123.61998">
        <ele>466.34</ele>
      </trkpt>
      <trkpt lat="47.6691" lon="-123.62036">
        <ele>468.01</ele>
      </trkpt>
      <trkpt lat="47.66895" lon="-123.62063">
        <ele>463.38</ele>
      </trkpt>
      <trkpt lat="47.66853" lon="-123.62116">
        <ele>449.15</ele>
      </trkpt>
      <trkpt lat="47.66817" lon="-123.62188">
        <ele>443.54</ele>
      </trkpt>
      <trkpt lat="47.66781" lon="-123.62274">
        <ele>440.98</ele>
      </trkpt>
      <trkpt lat="47.66776" lon="-123.62301">
        <ele>441.74</ele>
      </trkpt>
      <trkpt lat="47.66786" lon="-123.62331">
        <ele>450.96</ele>
      </trkpt>
      <trkpt lat="47.66779" lon="-123.62375">
        <ele>453.23</ele>
      </trkpt>
      <trkpt lat="47.6676" lon="-123.62393">
        <ele>446.76</ele>
      </trkpt>
      <trkpt lat="47.66749" lon="-123.62437">
        <ele>447.87</ele>
      </trkpt>
      <trkpt lat="47.66746" lon="-123.62472">
        <ele>452.23</ele>
      </trkpt>
      <trkpt lat="47.66745" lon="-123.62516">
        <ele>463.48</ele>
      </trkpt>
      <trkpt lat="47.66731" lon="-123.62547">
        <ele>463.79</ele>
      </trkpt>
      <trkpt lat="47.66716" lon="-123.62607">
        <ele>470.34</ele>
      </trkpt>
      <trkpt lat="47.66696" lon="-123.62656">
        <ele>467.02</ele>
      </trkpt>
      <trkpt lat="47.66691" lon="-123.62697">
        <ele>458.73</ele>
      </trkpt>
      <trkpt lat="47.66693" lon="-123.62739">
        <ele>451.72</ele>
      </trkpt>
      <trkpt lat="47.66681" lon="-123.62742">
        <ele>454.0</ele>
      </trkpt>
      <trkpt lat="47.66644" lon="-123.62698">
        <ele>436.26</ele>
      </trkpt>
      <trkpt lat="47.66607" lon="-123.62732">
        <ele>447.7</ele>
      </trkpt>
      <trkpt lat="47.66588" lon="-123.62758">
        <ele>451.6</ele>
      </trkpt>
      <trkpt lat="47.66554" lon="-123.62768">
        <ele>446.5</ele>
      </trkpt>
      <trkpt lat="47.66512" lon="-123.62784">
        <ele>440.71</ele>
      </trkpt>
      <trkpt lat="47.66459" lon="-123.62794">
        <ele>430.23</ele>
      </trkpt>
      <trkpt lat="47.66428" lon="-123.6282">
        <ele>436.12</ele>
      </trkpt>
      <trkpt lat="47.66383" lon="-123.62837">
        <ele>438.96</ele>
      </trkpt>
      <trkpt lat="47.66364" lon="-123.62823">
        <ele>426.96</ele>
      </trkpt>
      <trkpt lat="47.66324" lon="-123.62807">
        <ele>410.61</ele>
      </trkpt>
      <trkpt lat="47.66282" lon="-123.62824">
        <ele>406.88</ele>
      </trkpt>
      <trkpt lat="47.6624" lon="-123.6283">
        <ele>399.79</ele>
      </trkpt>
      <trkpt lat="47.66202" lon="-123.62838">
        <ele>394.46</ele>
      </trkpt>
      <trkpt lat="47.66191" lon="-123.62856">
        <ele>396.15</ele>
      </trkpt>
      <trkpt lat="47.66172" lon="-123.62912">
        <ele>403.01</ele>
      </trkpt>
      <trkpt lat="47.66148" lon="-123.62948">
        <ele>402.11</ele>
      </trkpt>
      <trkpt lat="47.66126" lon="-123.62994">
        <ele>404.35</ele>
      </trkpt>
      <trkpt lat="47.66097" lon="-123.63033">
        <ele>401.82</ele>
      </trkpt>
      <trkpt lat="47.66078" lon="-123.63076">
        <ele>406.32</ele>
      </trkpt>
      <trkpt lat="47.66048" lon="-123.63121">
        <ele>404.31</ele>
      </trkpt>
      <trkpt lat="47.66023" lon="-123.63155">
        <ele>397.58</ele>
      </trkpt>
      <trkpt lat="47.66017" lon="-123.63181">
        <ele>402.42</ele>
      </trkpt>
      <trkpt lat="47.66014" lon="-123.63225">
        <ele>408.71</ele>
      </trkpt>
      <trkpt lat="47.66019" lon="-123.63269">
        <ele>411.1</ele>
      </trkpt>
      <trkpt lat="47.66022" lon="-123.63328">
        <ele>407.59</ele>
      </trkpt>
      <trkpt lat="47.66017" lon="-123.63392">
        <ele>404.67</ele>
      </trkpt>
      <trkpt lat="47.66021" lon="-123.63439">
        <ele>408.11</ele>
      </trkpt>
      <trkpt lat="47.66015" lon="-123.6348">
        <ele>408.76</ele>
      </trkpt>
      <trkpt lat="47.6601" lon="-123.63519">
        <ele>409.16</ele>
      </trkpt>
      <trkpt lat="47.65993" lon="-123.63568">
        <ele>404.73</ele>
      </trkpt>
      <trkpt lat="47.65973" lon="-123.63588">
        <ele>400.17</ele>
      </trkpt>
      <trkpt lat="47.65978" lon="-123.63618">
        <ele>402.15</ele>
      </trkpt>
      <trkpt lat="47.6597" lon="-123.63655">
        <ele>400.28</ele>
      </trkpt>
      <trkpt lat="47.65957" lon="-123.63658">
        <ele>396.71</ele>
      </trkpt>
      <trkpt lat="47.65923" lon="-123.63675">
        <ele>389.37</ele>
      </trkpt>
      <trkpt lat="47.65893" lon="-123.63716">
        <ele>380.19</ele>
      </trkpt>
      <trkpt lat="47.65846" lon="-123.6372">
        <ele>367.7</ele>
      </trkpt>
      <trkpt lat="47.65827" lon="-123.63787">
        <ele>363.63</ele>
      </trkpt>
      <trkpt lat="47.65832" lon="-123.63829">
        <ele>366.31</ele>
      </trkpt>
      <trkpt lat="47.65827" lon="-123.63853">
        <ele>365.76</ele>
      </trkpt>
      <trkpt lat="47.65822" lon="-123.63929">
        <ele>366.55</ele>
      </trkpt>
      <trkpt lat="47.65825" lon="-123.64013">
        <ele>365.2</ele>
      </trkpt>
      <trkpt lat="47.65835" lon="-123.64047">
        <ele>367.54</ele>
      </trkpt>
      <trkpt lat="47.65841" lon="-123.641">
        <ele>370.46</ele>
      </trkpt>
      <trkpt lat="47.65841" lon="-123.64173">
        <ele>373.77</ele>
      </trkpt>
      <trkpt lat="47.65827" lon="-123.64217">
        <ele>374.63</ele>
      </trkpt>
      <trkpt lat="47.6582" lon="-123.64253">
        <ele>376.12</ele>
      </trkpt>
      <trkpt lat="47.65806" lon="-123.64306">
        <ele>377.14</ele>
      </trkpt>
      <trkpt lat="47.65771" lon="-123.64345">
        <ele>371.8</ele>
      </trkpt>
      <trkpt lat="47.65748" lon="-123.64372">
        <ele>369.57</ele>
      </trkpt>
      <trkpt lat="47.65729" lon="-123.64414">
        <ele>369.18</ele>
      </trkpt>
      <trkpt lat="47.65704" lon="-123.64462">
        <ele>367.96</ele>
      </trkpt>
      <trkpt lat="47.65665" lon="-123.64509">
        <ele>363.61</ele>
      </trkpt>
      <trkpt lat="47.65624" lon="-123.6455">
        <ele>358.58</ele>
      </trkpt>
      <trkpt lat="47.65579" lon="-123.64573">
        <ele>352.83</ele>
      </trkpt>
      <trkpt lat="47.6555" lon="-123.64597">
        <ele>351.75</ele>
      </trkpt>
      <trkpt lat="47.65509" lon="-123.64642">
        <ele>350.28</ele>
      </trkpt>
      <trkpt lat="47.65493" lon="-123.64669">
        <ele>348.55</ele>
      </trkpt>
      <trkpt lat="47.65503" lon="-123.64705">
        <ele>352.88</ele>
      </trkpt>
      <trkpt lat="47.65515" lon="-123.64729">
        <ele>357.1</ele>
      </trkpt>
      <trkpt lat="47.65511" lon="-123.64762">
        <ele>353.27</ele>
      </trkpt>
      <trkpt lat="47.65503" lon="-123.64787">
        <ele>342.96</ele>
      </trkpt>
      <trkpt lat="47.65482" lon="-123.64777">
        <ele>336.39</ele>
      </trkpt>
      <trkpt lat="47.65454" lon="-123.6476">
        <ele>328.86</ele>
      </trkpt>
      <trkpt lat="47.65449" lon="-123.64781">
        <ele>319.07</ele>
      </trkpt>
      <trkpt lat="47.65433" lon="-123.64793">
        <ele>306.43</ele>
      </trkpt>
      <trkpt lat="47.65404" lon="-123.64793">
        <ele>304.66</ele>
      </trkpt>
      <trkpt lat="47.65372" lon="-123.64813">
        <ele>309.8</ele>
      </trkpt>
      <trkpt lat="47.65309" lon="-123.64858">
        <ele>308.82</ele>
      </trkpt>
      <trkpt lat="47.65247" lon="-123.64894">
        <ele>302.41</ele>
      </trkpt>
      <trkpt lat="47.65212" lon="-123.64897">
        <ele>298.65</ele>
      </trkpt>
      <trkpt lat="47.65152" lon="-123.64927">
        <ele>297.06</ele>
      </trkpt>
      <trkpt lat="47.65139" lon="-123.64962">
        <ele>302.69</ele>
      </trkpt>
      <trkpt lat="47.65118" lon="-123.64999">
        <ele>308.86</ele>
      </trkpt>
      <trkpt lat="47.65112" lon="-123.65034">
        <ele>314.54</ele>
      </trkpt>
      <trkpt lat="47.65115" lon="-123.6508">
        <ele>319.32</ele>
      </trkpt>
      <trkpt lat="47.65109" lon="-123.65106">
        <ele>319.55</ele>
      </trkpt>
      <trkpt lat="47.65099" lon="-123.65123">
        <ele>322.88</ele>
      </trkpt>
      <trkpt lat="47.65087" lon="-123.65115">
        <ele>321.84</ele>
      </trkpt>
      <trkpt lat="47.6508" lon="-123.65124">
        <ele>323.78</ele>
      </trkpt>
      <trkpt lat="47.65055" lon="-123.65155">
        <ele>327.68</ele>
      </trkpt>
      <trkpt lat="47.65031" lon="-123.65189">
        <ele>329.11</ele>
      </trkpt>
      <trkpt lat="47.65" lon="-123.65232">
        <ele>327.06</ele>
      </trkpt>
      <trkpt lat="47.64991" lon="-123.65273">
        <ele>330.51</ele>
      </trkpt>
      <trkpt lat="47.64948" lon="-123.6533">
        <ele>340.02</ele>
      </trkpt>
      <trkpt lat="47.64888" lon="-123.65374">
        <ele>339.3</ele>
      </trkpt>
      <trkpt lat="47.64828" lon="-123.65388">
        <ele>336.9</ele>
      </trkpt>
      <trkpt lat="47.64777" lon="-123.65389">
        <ele>335.02</ele>
      </trkpt>
      <trkpt lat="47.64714" lon="-123.65375">
        <ele>326.5</ele>
      </trkpt>
      <trkpt lat="47.64679" lon="-123.65337">
        <ele>322.4</ele>
      </trkpt>
      <trkpt lat="47.64636" lon="-123.65308">
        <ele>318.45</ele>
      </trkpt>
      <trkpt lat="47.64581" lon="-123.65261">
        <ele>308.98</ele>
      </trkpt>
      <trkpt lat="47.64533" lon="-123.65225">
        <ele>303.47</ele>
      </trkpt>
      <trkpt lat="47.64471" lon="-123.65216">
        <ele>312.72</ele>
      </trkpt>
      <trkpt lat="47.64417" lon="-123.65194">
        <ele>323.92</ele>
      </trkpt>
      <trkpt lat="47.64355" lon="-123.65212">
        <ele>311.26</ele>
      </trkpt>
      <trkpt lat="47.64336" lon="-123.65191">
        <ele>299.8</ele>
      </trkpt>
      <trkpt lat="47.64317" lon="-123.65175">
        <ele>296.34</ele>
      </trkpt>
      <trkpt lat="47.64261" lon="-123.65175">
        <ele>320.71</ele>
      </trkpt>
      <trkpt lat="47.64258" lon="-123.65141">
        <ele>322.27</ele>
      </trkpt>
      <trkpt lat="47.64219" lon="-123.65111">
        <ele>330.7</ele>
      </trkpt>
      <trkpt lat="47.64184" lon="-123.65138">
        <ele>334.0</ele>
      </trkpt>
      <trkpt lat="47.64144" lon="-123.65165">
        <ele>335.9</ele>
      </trkpt>
      <trkpt lat="47.64079" lon="-123.65165">
        <ele>333.88</ele>
      </trkpt>
      <trkpt lat="47.64028" lon="-123.65165">
        <ele>327.66</ele>
      </trkpt>
      <trkpt lat="47.64018" lon="-123.65165">
        <ele>326.58</ele>
      </trkpt>
      <trkpt lat="47.63998" lon="-123.65168">
        <ele>323.89</ele>
      </trkpt>
      <trkpt lat="47.63958" lon="-123.65183">
        <ele>318.05</ele>
      </trkpt>
      <trkpt lat="47.63968" lon="-123.65167">
        <ele>317.7</ele>
      </trkpt>
      <trkpt lat="47.63954" lon="-123.65167">
        <ele>314.14</ele>
      </trkpt>
      <trkpt lat="47.63944" lon="-123.65175">
        <ele>311.76</ele>
      </trkpt>
      <trkpt lat="47.63923" lon="-123.65157">
        <ele>302.65</ele>
      </trkpt>
      <trkpt lat="47.63893" lon="-123.65134">
        <ele>296.14</ele>
      </trkpt>
      <trkpt lat="47.63866" lon="-123.65097">
        <ele>305.14</ele>
      </trkpt>
      <trkpt lat="47.63838" lon="-123.65047">
        <ele>310.03</ele>
      </trkpt>
      <trkpt lat="47.6382" lon="-123.6498">
        <ele>305.72</ele>
      </trkpt>
      <trkpt lat="47.63783" lon="-123.64904">
        <ele>298.78</ele>
      </trkpt>
      <trkpt lat="47.63739" lon="-123.64847">
        <ele>303.28</ele>
      </trkpt>
      <trkpt lat="47.63705" lon="-123.64808">
        <ele>304.86</ele>
      </trkpt>
      <trkpt lat="47.63674" lon="-123.64778">
        <ele>305.24</ele>
      </trkpt>
      <trkpt lat="47.63618" lon="-123.64755">
        <ele>309.81</ele>
      </trkpt>
      <trkpt lat="47.63587" lon="-123.64716">
        <ele>303.67</ele>
      </trkpt>
      <trkpt lat="47.63538" lon="-123.64705">
        <ele>318.09</ele>
      </trkpt>
      <trkpt lat="47.63487" lon="-123.64669">
        <ele>318.16</ele>
      </trkpt>
      <trkpt lat="47.63435" lon="-123.64642">
        <ele>317.67</ele>
      </trkpt>
      <trkpt lat="47.63396" lon="-123.64645">
        <ele>315.17</ele>
      </trkpt>
      <trkpt lat="47.63368" lon="-123.64637">
        <ele>317.54</ele>
      </trkpt>
      <trkpt lat="47.6336" lon="-123.64575">
        <ele>318.71</ele>
      </trkpt>
      <trkpt lat="47.63362" lon="-123.64514">
        <ele>307.22</ele>
      </trkpt>
      <trkpt lat="47.63355" lon="-123.64455">
        <ele>300.46</ele>
      </trkpt>
      <trkpt lat="47.63349" lon="-123.64393">
        <ele>289.98</ele>
      </trkpt>
      <trkpt lat="47.63329" lon="-123.64325">
        <ele>278.7</ele>
      </trkpt>
      <trkpt lat="47.63287" lon="-123.64283">
        <ele>277.14</ele>
      </trkpt>
      <trkpt lat="47.63264" lon="-123.6424">
        <ele>273.78</ele>
      </trkpt>
      <trkpt lat="47.63233" lon="-123.64194">
        <ele>272.39</ele>
      </trkpt>
      <trkpt lat="47.63192" lon="-123.64139">
        <ele>271.82</ele>
      </trkpt>
      <trkpt lat="47.63176" lon="-123.64073">
        <ele>258.74</ele>
      </trkpt>
      <trkpt lat="47.63145" lon="-123.63986">
        <ele>262.36</ele>
      </trkpt>
      <trkpt lat="47.63126" lon="-123.63914">
        <ele>263.17</ele>
      </trkpt>
      <trkpt lat="47.6312" lon="-123.63835">
        <ele>255.34</ele>
      </trkpt>
      <trkpt lat="47.6312" lon="-123.6378">
        <ele>246.1</ele>
      </trkpt>
      <trkpt lat="47.63101" lon="-123.6375">
        <ele>247.46</ele>
      </trkpt>
      <trkpt lat="47.6307" lon="-123.63706">
        <ele>250.94</ele>
      </trkpt>
      <trkpt lat="47.63042" lon="-123.63653">
        <ele>247.43</ele>
      </trkpt>
      <trkpt lat="47.63001" lon="-123.63589">
        <ele>245.94</ele>
      </trkpt>
      <trkpt lat="47.62968" lon="-123.63544">
        <ele>245.42</ele>
      </trkpt>
      <trkpt lat="47.62932" lon="-123.63504">
        <ele>247.12</ele>
      </trkpt>
      <trkpt lat="47.6291" lon="-123.63465">
        <ele>246.44</ele>
      </trkpt>
      <trkpt lat="47.62884" lon="-123.63407">
        <ele>244.01</ele>
      </trkpt>
      <trkpt lat="47.62852" lon="-123.63354">
        <ele>244.2</ele>
      </trkpt>
      <trkpt lat="47.62814" lon="-123.63322">
        <ele>252.24</ele>
      </trkpt>
      <trkpt lat="47.62784" lon="-123.63281">
        <ele>263.22</ele>
      </trkpt>
      <trkpt lat="47.62765" lon="-123.63235">
        <ele>264.52</ele>
      </trkpt>
      <trkpt lat="47.62737" lon="-123.63225">
        <ele>271.51</ele>
      </trkpt>
      <trkpt lat="47.62718" lon="-123.63185">
        <ele>273.27</ele>
      </trkpt>
      <trkpt lat="47.6273" lon="-123.63137">
        <ele>273.19</ele>
      </trkpt>
      <trkpt lat="47.62727" lon="-123.63094">
        <ele>272.97</ele>
      </trkpt>
      <trkpt lat="47.62709" lon="-123.63088">
        <ele>276.36</ele>
      </trkpt>
      <trkpt lat="47.62693" lon="-123.63068">
        <ele>276.4</ele>
      </trkpt>
      <trkpt lat="47.62665" lon="-123.63056">
        <ele>271.14</ele>
      </trkpt>
      <trkpt lat="47.62661" lon="-123.63017">
        <ele>262.81</ele>
      </trkpt>
      <trkpt lat="47.6268" lon="-123.63031">
        <ele>264.88</ele>
      </trkpt>
      <trkpt lat="47.62689" lon="-123.63017">
        <ele>265.01</ele>
      </trkpt>
      <trkpt lat="47.6269" lon="-123.62993">
        <ele>258.5</ele>
      </trkpt>
      <trkpt lat="47.62673" lon="-123.62948">
        <ele>262.26</ele>
      </trkpt>
      <trkpt lat="47.62661" lon="-123.62895">
        <ele>261.88</ele>
      </trkpt>
      <trkpt lat="47.62651" lon="-123.62861">
        <ele>259.35</ele>
      </trkpt>
      <trkpt lat="47.62597" lon="-123.62836">
        <ele>267.15</ele>
      </trkpt>
      <trkpt lat="47.62558" lon="-123.62833">
        <ele>274.41</ele>
      </trkpt>
      <trkpt lat="47.62501" lon="-123.62829">
        <ele>278.53</ele>
      </trkpt>
      <trkpt lat="47.62442" lon="-123.62834">
        <ele>277.05</ele>
      </trkpt>
      <trkpt lat="47.62385" lon="-123.62825">
        <ele>276.62</ele>
      </trkpt>
      <trkpt lat="47.62335" lon="-123.62816">
        <ele>286.72</ele>
      </trkpt>
      <trkpt lat="47.62307" lon="-123.62791">
        <ele>287.91</ele>
      </trkpt>
      <trkpt lat="47.62297" lon="-123.62753">
        <ele>276.37</ele>
      </trkpt>
      <trkpt lat="47.62266" lon="-123.62697">
        <ele>265.63</ele>
      </trkpt>
      <trkpt lat="47.62236" lon="-123.62666">
        <ele>259.39</ele>
      </trkpt>
      <trkpt lat="47.62215" lon="-123.62599">
        <ele>256.54</ele>
      </trkpt>
      <trkpt lat="47.62174" lon="-123.62586">
        <ele>258.29</ele>
      </trkpt>
      <trkpt lat="47.62129" lon="-123.62543">
        <ele>257.71</ele>
      </trkpt>
      <trkpt lat="47.6207" lon="-123.62512">
        <ele>259.72</ele>
      </trkpt>
      <trkpt lat="47.62047" lon="-123.62486">
        <ele>256.49</ele>
      </trkpt>
      <trkpt lat="47.62041" lon="-123.62421">
        <ele>253.57</ele>
      </trkpt>
      <trkpt lat="47.61997" lon="-123.62371">
        <ele>253.07</ele>
      </trkpt>
      <trkpt lat="47.61956" lon="-123.62339">
        <ele>252.61</ele>
      </trkpt>
      <trkpt lat="47.61929" lon="-123.62297">
        <ele>251.67</ele>
      </trkpt>
      <trkpt lat="47.61913" lon="-123.62217">
        <ele>248.4</ele>
      </trkpt>
      <trkpt lat="47.61871" lon="-123.62171">
        <ele>257.5</ele>
      </trkpt>
      <trkpt lat="47.61822" lon="-123.62146">
        <ele>257.0</ele>
      </trkpt>
      <trkpt lat="47.61766" lon="-123.62094">
        <ele>257.96</ele>
      </trkpt>
      <trkpt lat="47.61714" lon="-123.62071">
        <ele>257.0</ele>
      </trkpt>
      <trkpt lat="47.61662" lon="-123.62036">
        <ele>257.0</ele>
      </trkpt>
      <trkpt lat="47.61604" lon="-123.62012">
        <ele>257.0</ele>
      </trkpt>
      <trkpt lat="47.61557" lon="-123.61986">
        <ele>255.0</ele>
      </trkpt>
      <trkpt lat="47.61519" lon="-123.61947">
        <ele>251.05</ele>
      </trkpt>
      <trkpt lat="47.6146" lon="-123.61932">
        <ele>244.57</ele>
      </trkpt>
      <trkpt lat="47.61408" lon="-123.61901">
        <ele>238.04</ele>
      </trkpt>
      <trkpt lat="47.61364" lon="-123.61875">
        <ele>238.38</ele>
      </trkpt>
      <trkpt lat="47.61322" lon="-123.61839">
        <ele>234.2</ele>
      </trkpt>
      <trkpt lat="47.61273" lon="-123.61836">
        <ele>243.04</ele>
      </trkpt>
      <trkpt lat="47.61226" lon="-123.61821">
        <ele>244.86</ele>
      </trkpt>
      <trkpt lat="47.61185" lon="-123.61831">
        <ele>249.75</ele>
      </trkpt>
      <trkpt lat="47.61165" lon="-123.61856">
        <ele>251.53</ele>
      </trkpt>
      <trkpt lat="47.61123" lon="-123.6183">
        <ele>250.14</ele>
      </trkpt>
      <trkpt lat="47.61085" lon="-123.6182">
        <ele>254.94</ele>
      </trkpt>
      <trkpt lat="47.61045" lon="-123.61816">
        <ele>258.41</ele>
      </trkpt>
      <trkpt lat="47.61019" lon="-123.61799">
        <ele>257.53</ele>
      </trkpt>
      <trkpt lat="47.60981" lon="-123.61794">
        <ele>259.54</ele>
      </trkpt>
      <trkpt lat="47.60937" lon="-123.61791">
        <ele>262.86</ele>
      </trkpt>
      <trkpt lat="47.60881" lon="-123.61781">
        <ele>263.69</ele>
      </trkpt>
      <trkpt lat="47.60829" lon="-123.61771">
        <ele>260.81</ele>
      </trkpt>
      <trkpt lat="47.60832" lon="-123.61735">
        <ele>245.19</ele>
      </trkpt>
      <trkpt lat="47.60809" lon="-123.61692">
        <ele>226.41</ele>
      </trkpt>
      <trkpt lat="47.60779" lon="-123.61673">
        <ele>223.51</ele>
      </trkpt>
      <trkpt lat="47.60733" lon="-123.61666">
        <ele>225.55</ele>
      </trkpt>
      <trkpt lat="47.60693" lon="-123.61655">
        <ele>227.23</ele>
      </trkpt>
      <trkpt lat="47.60632" lon="-123.61658">
        <ele>234.94</ele>
      </trkpt>
      <trkpt lat="47.60595" lon="-123.61643">
        <ele>232.07</ele>
      </trkpt>
      <trkpt lat="47.60569" lon="-123.61659">
        <ele>237.34</ele>
      </trkpt>
      <trkpt lat="47.60519" lon="-123.61671">
        <ele>237.94</ele>
      </trkpt>
      <trkpt lat="47.60507" lon="-123.61647">
        <ele>231.38</ele>
      </trkpt>
      <trkpt lat="47.60441" lon="-123.61671">
        <ele>232.11</ele>
      </trkpt>
      <trkpt lat="47.60396" lon="-123.61678">
        <ele>228.98</ele>
      </trkpt>
      <trkpt lat="47.60369" lon="-123.61726">
        <ele>234.93</ele>
      </trkpt>
      <trkpt lat="47.60365" lon="-123.61772">
        <ele>249.75</ele>
      </trkpt>
      <trkpt lat="47.60351" lon="-123.61761">
        <ele>246.3</ele>
      </trkpt>
      <trkpt lat="47.60316" lon="-123.61736">
        <ele>232.59</ele>
      </trkpt>
      <trkpt lat="47.60277" lon="-123.61718">
        <ele>218.92</ele>
      </trkpt>
      <trkpt lat="47.60223" lon="-123.61763">
        <ele>218.89</ele>
      </trkpt>
      <trkpt lat="47.60178" lon="-123.61784">
        <ele>216.79</ele>
      </trkpt>
      <trkpt lat="47.60136" lon="-123.6181">
        <ele>215.34</ele>
      </trkpt>
      <trkpt lat="47.60103" lon="-123.61832">
        <ele>213.85</ele>
      </trkpt>
      <trkpt lat="47.60064" lon="-123.61862">
        <ele>210.92</ele>
      </trkpt>
      <trkpt lat="47.60037" lon="-123.61898">
        <ele>209.0</ele>
      </trkpt>
      <trkpt lat="47.60021" lon="-123.61894">
        <ele>206.82</ele>
      </trkpt>
      <trkpt lat="47.59989" lon="-123.61899">
        <ele>202.9</ele>
      </trkpt>
      <trkpt lat="47.59977" lon="-123.61925">
        <ele>203.42</ele>
      </trkpt>
      <trkpt lat="47.59973" lon="-123.61975">
        <ele>204.44</ele>
      </trkpt>
      <trkpt lat="47.59961" lon="-123.62023">
        <ele>204.68</ele>
      </trkpt>
      <trkpt lat="47.59937" lon="-123.62078">
        <ele>202.73</ele>
      </trkpt>
      <trkpt lat="47.59904" lon="-123.6214">
        <ele>200.63</ele>
      </trkpt>
      <trkpt lat="47.59891" lon="-123.62208">
        <ele>200.23</ele>
      </trkpt>
      <trkpt lat="47.59876" lon="-123.62271">
        <ele>199.61</ele>
      </trkpt>
      <trkpt lat="47.59863" lon="-123.6231">
        <ele>199.0</ele>
      </trkpt>
      <trkpt lat="47.5984" lon="-123.62334">
        <ele>196.98</ele>
      </trkpt>
      <trkpt lat="47.59826" lon="-123.62361">
        <ele>196.0</ele>
      </trkpt>
      <trkpt lat="47.59799" lon="-123.62402">
        <ele>196.0</ele>
      </trkpt>
      <trkpt lat="47.59764" lon="-123.62434">
        <ele>196.0</ele>
      </trkpt>
      <trkpt lat="47.59755" lon="-123.62466">
        <ele>197.0</ele>
      </trkpt>
      <trkpt lat="47.59757" lon="-123.62501">
        <ele>198.0</ele>
      </trkpt>
      <trkpt lat="47.59771" lon="-123.62541">
        <ele>199.0</ele>
      </trkpt>
      <trkpt lat="47.59772" lon="-123.62593">
        <ele>199.0</ele>
      </trkpt>
      <trkpt lat="47.59769" lon="-123.62647">
        <ele>198.05</ele>
      </trkpt>
      <trkpt lat="47.59758" lon="-123.62702">
        <ele>197.0</ele>
      </trkpt>
      <trkpt lat="47.59736" lon="-123.62762">
        <ele>194.49</ele>
      </trkpt>
      <trkpt lat="47.5974" lon="-123.62829">
        <ele>194.92</ele>
      </trkpt>
      <trkpt lat="47.59756" lon="-123.62875">
        <ele>196.65</ele>
      </trkpt>
      <trkpt lat="47.59761" lon="-123.62906">
        <ele>197.19</ele>
      </trkpt>
      <trkpt lat="47.59744" lon="-123.62925">
        <ele>194.7</ele>
      </trkpt>
      <trkpt lat="47.59738" lon="-123.62967">
        <ele>192.82</ele>
      </trkpt>
      <trkpt lat="47.5972" lon="-123.63017">
        <ele>185.52</ele>
      </trkpt>
      <trkpt lat="47.5971" lon="-123.63074">
        <ele>184.0</ele>
      </trkpt>
      <trkpt lat="47.59708" lon="-123.63134">
        <ele>184.0</ele>
      </trkpt>
      <trkpt lat="47.59701" lon="-123.63185">
        <ele>187.4</ele>
      </trkpt>
      <trkpt lat="47.59699" lon="-123.63245">
        <ele>190.44</ele>
      </trkpt>
      <trkpt lat="47.5968" lon="-123.63345">
        <ele>193.14</ele>
      </trkpt>
      <trkpt lat="47.59656" lon="-123.63425">
        <ele>193.46</ele>
      </trkpt>
      <trkpt lat="47.59624" lon="-123.63494">
        <ele>191.35</ele>
      </trkpt>
      <trkpt lat="47.59586" lon="-123.63517">
        <ele>189.12</ele>
      </trkpt>
      <trkpt lat="47.59551" lon="-123.63548">
        <ele>190.69</ele>
      </trkpt>
      <trkpt lat="47.59523" lon="-123.63601">
        <ele>193.39</ele>
      </trkpt>
      <trkpt lat="47.59495" lon="-123.63642">
        <ele>193.8</ele>
      </trkpt>
      <trkpt lat="47.59469" lon="-123.63681">
        <ele>193.2</ele>
      </trkpt>
      <trkpt lat="47.5944" lon="-123.63731">
        <ele>191.99</ele>
      </trkpt>
      <trkpt lat="47.59426" lon="-123.63767">
        <ele>194.84</ele>
      </trkpt>
      <trkpt lat="47.59403" lon="-123.63818">
        <ele>193.7</ele>
      </trkpt>
      <trkpt lat="47.59381" lon="-123.63866">
        <ele>192.75</ele>
      </trkpt>
      <trkpt lat="47.59354" lon="-123.63908">
        <ele>190.53</ele>
      </trkpt>
      <trkpt lat="47.59323" lon="-123.63948">
        <ele>188.49</ele>
      </trkpt>
      <trkpt lat="47.59295" lon="-123.63979">
        <ele>187.22</ele>
      </trkpt>
      <trkpt lat="47.59264" lon="-123.63978">
        <ele>183.82</ele>
      </trkpt>
      <trkpt lat="47.59226" lon="-123.63972">
        <ele>183.0</ele>
      </trkpt>
      <trkpt lat="47.59188" lon="-123.63978">
        <ele>182.0</ele>
      </trkpt>
      <trkpt lat="47.59177" lon="-123.64008">
        <ele>183.0</ele>
      </trkpt>
      <trkpt lat="47.59153" lon="-123.6404">
        <ele>183.17</ele>
      </trkpt>
      <trkpt lat="47.59113" lon="-123.64084">
        <ele>185.28</ele>
      </trkpt>
      <trkpt lat="47.59082" lon="-123.64137">
        <ele>189.65</ele>
      </trkpt>
      <trkpt lat="47.59042" lon="-123.64175">
        <ele>188.44</ele>
      </trkpt>
      <trkpt lat="47.59026" lon="-123.64216">
        <ele>191.14</ele>
      </trkpt>
      <trkpt lat="47.59007" lon="-123.64237">
        <ele>192.6</ele>
      </trkpt>
      <trkpt lat="47.5896" lon="-123.64242">
        <ele>190.95</ele>
      </trkpt>
      <trkpt lat="47.58922" lon="-123.64266">
        <ele>191.3</ele>
      </trkpt>
      <trkpt lat="47.5888" lon="-123.64306">
        <ele>193.09</ele>
      </trkpt>
      <trkpt lat="47.58843" lon="-123.64356">
        <ele>194.49</ele>
      </trkpt>
      <trkpt lat="47.58808" lon="-123.64364">
        <ele>191.39</ele>
      </trkpt>
      <trkpt lat="47.58778" lon="-123.64358">
        <ele>189.66</ele>
      </trkpt>
      <trkpt lat="47.58736" lon="-123.64342">
        <ele>186.39</ele>
      </trkpt>
      <trkpt lat="47.58702" lon="-123.64364">
        <ele>187.13</ele>
      </trkpt>
      <trkpt lat="47.58674" lon="-123.64405">
        <ele>188.53</ele>
      </trkpt>
      <trkpt lat="47.58653" lon="-123.64443">
        <ele>189.97</ele>
      </trkpt>
      <trkpt lat="47.58618" lon="-123.64478">
        <ele>188.37</ele>
      </trkpt>
      <trkpt lat="47.58587" lon="-123.64514">
        <ele>186.3</ele>
      </trkpt>
      <trkpt lat="47.58578" lon="-123.64571">
        <ele>189.52</ele>
      </trkpt>
      <trkpt lat="47.58536" lon="-123.64568">
        <ele>181.38</ele>
      </trkpt>
      <trkpt lat="47.58493" lon="-123.64587">
        <ele>182.04</ele>
      </trkpt>
      <trkpt lat="47.58448" lon="-123.64612">
        <ele>181.92</ele>
      </trkpt>
      <trkpt lat="47.58405" lon="-123.64622">
        <ele>177.44</ele>
      </trkpt>
      <trkpt lat="47.58348" lon="-123.64607">
        <ele>170.82</ele>
      </trkpt>
      <trkpt lat="47.5832" lon="-123.64616">
        <ele>176.5</ele>
      </trkpt>
      <trkpt lat="47.58293" lon="-123.64627">
        <ele>180.43</ele>
      </trkpt>
      <trkpt lat="47.58263" lon="-123.6462">
        <ele>178.92</ele>
      </trkpt>
      <trkpt lat="47.58199" lon="-123.64605">
        <ele>171.68</ele>
      </trkpt>
      <trkpt lat="47.58155" lon="-123.64612">
        <ele>170.96</ele>
      </trkpt>
      <trkpt lat="47.58111" lon="-123.64614">
        <ele>169.61</ele>
      </trkpt>
      <trkpt lat="47.58049" lon="-123.64628">
        <ele>169.65</ele>
      </trkpt>
      <trkpt lat="47.57991" lon="-123.64631">
        <ele>167.32</ele>
      </trkpt>
      <trkpt lat="47.57932" lon="-123.64654">
        <ele>166.63</ele>
      </trkpt>
      <trkpt lat="47.57868" lon="-123.64681">
        <ele>165.41</ele>
      </trkpt>
      <trkpt lat="47.57835" lon="-123.64706">
        <ele>165.04</ele>
      </trkpt>
      <trkpt lat="47.57784" lon="-123.64727">
        <ele>161.67</ele>
      </trkpt>
      <trkpt lat="47.57696" lon="-123.64726">
        <ele>158.0</ele>
      </trkpt>
      <trkpt lat="47.57655" lon="-123.64737">
        <ele>157.0</ele>
      </trkpt>
      <trkpt lat="47.57644" lon="-123.64769">
        <ele>157.0</ele>
      </trkpt>
      <trkpt lat="47.57587" lon="-123.64792">
        <ele>157.0</ele>
      </trkpt>
    </trkseg>
  </trk>
</gpx>
